transaction_id,customer_id,amount,transaction_hour,payment_method,location,device_type,is_new_device,location_mismatch,previous_failed_transactions,transactions_last_24h,account_age_days,customer_avg_transaction_amount,is_weekend,fraud_label
TXN0000001,CUST00861,3600.25,15,UPI,Noida,iOS,0,1,2,2,10,2077.38,1,0
TXN0000002,CUST01295,236.95,9,Net Banking,Kolkata,Android,0,0,0,1,642,3058.89,0,0
TXN0000003,CUST01131,742.11,22,Credit Card,Mumbai,Android,1,0,1,2,528,1585.13,0,0
TXN0000004,CUST01096,1290.73,18,Debit Card,Mumbai,Android,1,0,0,3,242,633.32,1,0
TXN0000005,CUST01639,3636.16,9,Credit Card,Noida,Android,0,0,0,5,255,357.75,0,0
TXN0000006,CUST02170,21894.1,11,Debit Card,Gurugram,Android,0,1,1,8,142,765.77,1,1
TXN0000007,CUST00467,1433.02,21,Debit Card,Gurugram,Android,0,0,0,4,253,3651.59,0,0
TXN0000008,CUST01239,440.79,21,Credit Card,Noida,iOS,0,0,3,4,216,2713.78,0,0
TXN0000009,CUST00331,2691.38,12,Net Banking,Delhi,Android,0,0,0,3,2144,2835.61,0,0
TXN0000010,CUST01483,6744.87,1,UPI,Chennai,iOS,0,0,1,2,418,714.01,0,0
TXN0000011,CUST02136,2005.31,2,Debit Card,Kolkata,iOS,1,0,1,3,523,2118.28,0,0
TXN0000012,CUST00131,726.98,10,Debit Card,Jaipur,iOS,0,0,1,5,12,839.78,0,0
TXN0000013,CUST01686,4691.63,16,UPI,Pune,Web,0,0,1,3,1054,1460.6,0,0
TXN0000014,CUST00770,3495.0,16,UPI,Delhi,Android,1,0,0,2,844,730.1,1,0
TXN0000015,CUST02392,645.14,17,Net Banking,Jaipur,Android,0,0,0,3,432,1940.78,0,0
TXN0000016,CUST01516,2635.87,18,UPI,Pune,iOS,1,1,2,3,901,965.3,0,0
TXN0000017,CUST02434,4879.55,0,UPI,Hyderabad,Android,0,0,1,3,107,2649.12,1,0
TXN0000018,CUST01216,5868.96,6,Credit Card,Bengaluru,Web,0,0,0,3,356,2278.23,1,0
TXN0000019,CUST00956,1684.28,11,UPI,Hyderabad,Android,0,1,3,3,164,1331.05,0,0
TXN0000020,CUST02325,1258.23,8,Wallet,Noida,Android,1,0,1,2,538,545.4,1,0
TXN0000021,CUST01185,6141.45,5,UPI,Pune,iOS,0,0,0,6,584,1272.28,0,0
TXN0000022,CUST00460,536.67,17,UPI,Gurugram,Android,0,0,0,2,2537,1661.94,0,0
TXN0000023,CUST00022,2790.91,19,Debit Card,Chennai,Android,0,0,0,2,11,1325.95,0,0
TXN0000024,CUST02301,457.38,18,UPI,Gurugram,Web,0,0,0,4,265,1749.24,0,0
TXN0000025,CUST00748,5223.48,19,Credit Card,Hyderabad,Android,0,0,0,2,1769,2321.79,0,0
TXN0000026,CUST00475,1390.61,17,Debit Card,Hyderabad,Android,0,1,0,3,2087,961.47,1,0
TXN0000027,CUST01083,6400.46,18,Debit Card,Pune,Android,0,0,3,2,506,2256.0,0,0
TXN0000028,CUST02048,2942.32,10,Debit Card,Jaipur,Android,0,0,0,3,502,2743.47,1,0
TXN0000029,CUST00976,529.71,23,UPI,Kolkata,Android,0,0,0,3,330,2141.25,0,0
TXN0000030,CUST01807,7481.36,8,UPI,Mumbai,Android,0,0,0,2,143,3470.41,1,0
TXN0000031,CUST00190,8491.21,9,UPI,Hyderabad,Android,0,1,1,6,46,960.88,0,0
TXN0000032,CUST00563,4349.55,10,UPI,Noida,Web,0,0,1,4,290,592.18,0,0
TXN0000033,CUST01900,840.46,23,Credit Card,Gurugram,iOS,0,0,4,2,254,3114.87,0,0
TXN0000034,CUST01268,1325.48,23,UPI,Chennai,iOS,0,1,0,3,483,1658.73,0,0
TXN0000035,CUST01529,2081.76,19,Credit Card,Pune,Android,0,1,1,3,255,1617.01,0,0
TXN0000036,CUST00647,890.54,16,UPI,Jaipur,Android,1,0,0,1,337,4008.69,0,0
TXN0000037,CUST02069,9777.98,15,Credit Card,Kolkata,iOS,0,1,1,5,557,693.19,1,1
TXN0000038,CUST02215,2079.47,22,UPI,Kolkata,iOS,1,0,2,3,734,882.71,0,0
TXN0000039,CUST01298,120.57,18,UPI,Bengaluru,Android,0,0,1,6,10,3924.02,1,0
TXN0000040,CUST02436,2527.28,22,Credit Card,Mumbai,Android,0,0,1,5,142,1118.26,0,0
TXN0000041,CUST00601,1270.78,10,Debit Card,Jaipur,Android,0,0,2,5,125,896.79,1,0
TXN0000042,CUST02364,1670.06,11,Debit Card,Noida,Android,0,1,1,2,324,1943.51,0,0
TXN0000043,CUST02062,1245.04,20,Wallet,Gurugram,iOS,0,0,1,2,50,2627.17,0,0
TXN0000044,CUST00242,4034.3,7,Debit Card,Noida,Android,0,0,1,3,1393,1261.24,0,0
TXN0000045,CUST02042,5515.02,22,Debit Card,Noida,Android,0,0,0,4,330,1673.64,0,0
TXN0000046,CUST01364,2388.92,14,UPI,Mumbai,iOS,1,0,1,2,1070,1892.43,0,0
TXN0000047,CUST02140,1282.07,21,UPI,Hyderabad,Android,0,0,1,2,1531,2227.38,0,0
TXN0000048,CUST01391,1727.11,11,Debit Card,Pune,iOS,0,0,0,5,136,2164.38,1,0
TXN0000049,CUST01479,1835.63,18,UPI,Noida,Web,0,0,0,2,410,2003.63,1,0
TXN0000050,CUST00776,806.83,14,UPI,Mumbai,Android,0,0,0,1,2106,826.0,0,0
TXN0000051,CUST00035,3211.43,16,UPI,Noida,iOS,0,0,3,4,1032,1414.26,1,0
TXN0000052,CUST02254,2851.45,14,UPI,Delhi,Android,0,0,0,2,26,784.63,0,0
TXN0000053,CUST01956,8399.97,22,Debit Card,Pune,Android,0,0,1,7,2073,3046.52,1,0
TXN0000054,CUST01586,6316.32,17,UPI,Noida,iOS,1,0,0,4,14,1225.19,0,0
TXN0000055,CUST01022,906.75,9,UPI,Noida,iOS,0,0,1,4,20,1716.05,0,0
TXN0000056,CUST01130,4088.12,21,UPI,Kolkata,iOS,0,0,1,5,620,1491.72,1,0
TXN0000057,CUST01501,695.47,10,Debit Card,Kolkata,Web,0,0,0,3,602,1130.73,1,0
TXN0000058,CUST00703,3610.04,12,Debit Card,Jaipur,Android,0,0,0,3,1052,1428.02,1,0
TXN0000059,CUST02450,1073.77,6,UPI,Gurugram,iOS,0,0,2,3,217,740.99,0,0
TXN0000060,CUST01580,646.96,21,Debit Card,Mumbai,iOS,0,0,1,2,396,1116.11,1,0
TXN0000061,CUST00162,2381.74,10,UPI,Delhi,Android,0,1,1,6,1157,1455.62,0,0
TXN0000062,CUST00202,124.09,9,Debit Card,Mumbai,Web,0,1,0,2,845,2230.86,0,0
TXN0000063,CUST01982,312.49,21,Debit Card,Bengaluru,Android,0,0,1,6,331,899.28,0,0
TXN0000064,CUST00996,1507.26,19,Net Banking,Gurugram,iOS,0,0,0,2,1146,4293.08,0,0
TXN0000065,CUST02318,1954.68,7,UPI,Jaipur,iOS,0,0,0,9,395,597.82,0,0
TXN0000066,CUST00816,1244.17,19,UPI,Kolkata,Android,0,0,1,1,453,3300.85,0,0
TXN0000067,CUST00456,370.96,21,UPI,Chennai,Android,0,0,0,2,529,796.77,0,0
TXN0000068,CUST01276,794.45,5,UPI,Chennai,Android,0,0,1,4,279,646.97,0,0
TXN0000069,CUST01017,2661.78,19,UPI,Pune,Android,0,1,1,3,203,1065.1,0,0
TXN0000070,CUST02344,3220.6,15,UPI,Mumbai,Android,0,0,0,6,681,2382.87,1,0
TXN0000071,CUST00338,1771.03,17,UPI,Delhi,Android,0,0,1,8,102,498.32,0,0
TXN0000072,CUST00879,5723.73,14,Wallet,Delhi,Android,0,1,1,4,416,1102.0,0,0
TXN0000073,CUST01077,2678.3,18,UPI,Bengaluru,Android,0,0,0,3,230,1841.8,1,0
TXN0000074,CUST00792,852.43,1,Net Banking,Delhi,Android,0,0,1,6,287,1235.4,1,0
TXN0000075,CUST02265,1359.73,19,Debit Card,Gurugram,Android,0,0,1,6,371,1297.2,0,0
TXN0000076,CUST00764,442.6,1,Wallet,Jaipur,iOS,0,0,1,3,136,2193.28,0,0
TXN0000077,CUST02236,1615.51,13,Wallet,Chennai,iOS,0,0,0,2,403,2827.63,0,0
TXN0000078,CUST00380,5473.33,8,Debit Card,Gurugram,Android,0,0,0,2,796,1329.35,1,0
TXN0000079,CUST00493,3571.83,19,Debit Card,Chennai,Android,0,0,0,4,160,1998.61,1,0
TXN0000080,CUST01181,7314.04,10,UPI,Delhi,Web,0,0,2,3,1150,2382.47,0,0
TXN0000081,CUST02063,1329.63,13,Credit Card,Kolkata,Android,0,0,0,8,341,730.59,0,0
TXN0000082,CUST00065,6916.34,13,Wallet,Kolkata,iOS,0,0,0,3,820,1493.69,0,0
TXN0000083,CUST01368,1483.62,19,UPI,Hyderabad,Android,1,0,0,5,683,535.62,0,0
TXN0000084,CUST01153,7841.04,14,UPI,Bengaluru,Android,0,0,0,5,313,3977.84,1,0
TXN0000085,CUST02028,1761.08,19,Debit Card,Delhi,iOS,0,0,0,2,1001,2949.52,1,0
TXN0000086,CUST01496,3651.06,4,Credit Card,Kolkata,Web,1,0,1,4,18,1142.97,0,0
TXN0000087,CUST01163,7868.75,8,Debit Card,Chennai,Web,0,0,1,3,181,1923.02,1,0
TXN0000088,CUST01523,1483.43,15,UPI,Jaipur,iOS,0,0,0,2,10,284.8,0,0
TXN0000089,CUST00392,2239.33,22,Credit Card,Delhi,Android,0,0,0,5,944,4751.29,0,0
TXN0000090,CUST01699,6531.59,5,UPI,Delhi,Android,0,0,0,9,86,1022.22,0,1
TXN0000091,CUST00419,1575.83,2,Wallet,Bengaluru,Android,0,0,2,2,315,2419.17,0,0
TXN0000092,CUST02337,480.41,8,UPI,Bengaluru,Android,1,0,1,4,566,761.29,1,0
TXN0000093,CUST00379,15345.06,17,Debit Card,Mumbai,Web,0,0,2,4,2109,4511.11,0,0
TXN0000094,CUST01797,1125.27,12,UPI,Noida,Android,0,0,1,5,3000,1712.77,0,0
TXN0000095,CUST02279,2109.69,19,UPI,Noida,Android,0,1,1,5,1224,368.97,0,0
TXN0000096,CUST02089,5719.0,4,UPI,Pune,Android,0,0,1,5,462,2028.61,0,1
TXN0000097,CUST02183,979.51,8,UPI,Chennai,Android,1,0,1,2,85,1641.94,1,0
TXN0000098,CUST00201,656.99,10,Credit Card,Pune,Android,0,0,0,3,268,824.9,0,0
TXN0000099,CUST01864,2319.9,16,UPI,Delhi,Android,0,0,0,3,1202,2425.8,1,0
TXN0000100,CUST00780,299.61,17,UPI,Mumbai,Android,0,0,1,4,1887,1314.85,0,0
TXN0000101,CUST00503,1349.7,7,UPI,Kolkata,iOS,0,0,1,1,642,2624.9,0,0
TXN0000102,CUST02455,2299.81,22,Debit Card,Delhi,iOS,1,0,0,3,983,1054.41,0,0
TXN0000103,CUST01752,1374.15,11,UPI,Noida,Android,0,0,1,2,962,1311.29,0,0
TXN0000104,CUST00805,384.56,18,UPI,Bengaluru,iOS,0,0,1,3,1973,1577.19,1,0
TXN0000105,CUST02147,8863.7,15,Credit Card,Hyderabad,iOS,0,0,1,7,992,2045.65,0,0
TXN0000106,CUST01896,1996.36,9,Wallet,Kolkata,Android,0,0,1,9,270,1395.09,0,0
TXN0000107,CUST01571,7530.33,20,Wallet,Jaipur,Android,0,0,1,6,388,2644.14,1,0
TXN0000108,CUST00961,1387.84,19,Wallet,Kolkata,Web,1,0,1,4,168,531.75,1,0
TXN0000109,CUST01486,746.6,12,UPI,Mumbai,Android,0,0,2,5,101,5192.26,0,0
TXN0000110,CUST01029,2356.01,16,Debit Card,Chennai,Android,0,0,1,4,261,2895.59,1,0
TXN0000111,CUST00503,1450.63,9,Debit Card,Noida,Android,1,0,0,5,670,2761.76,0,0
TXN0000112,CUST00398,554.34,17,Wallet,Gurugram,iOS,0,0,0,6,540,1734.51,1,0
TXN0000113,CUST00871,7826.93,10,UPI,Chennai,iOS,0,0,0,4,836,990.88,0,0
TXN0000114,CUST00393,966.1,20,Wallet,Mumbai,Web,0,0,1,6,1349,2732.48,0,0
TXN0000115,CUST00207,285.8,9,UPI,Hyderabad,Android,1,0,0,6,31,2330.64,0,0
TXN0000116,CUST01039,6793.41,0,Credit Card,Chennai,Android,0,0,3,6,172,1204.43,0,0
TXN0000117,CUST01882,1087.07,10,UPI,Pune,iOS,0,0,1,7,909,1445.59,0,0
TXN0000118,CUST01485,980.16,8,UPI,Pune,Android,1,0,0,1,1538,1418.61,0,0
TXN0000119,CUST00864,308.02,14,Credit Card,Delhi,Android,0,0,1,2,1651,888.58,1,0
TXN0000120,CUST00564,10264.88,8,UPI,Pune,Android,0,0,0,5,122,2325.9,0,0
TXN0000121,CUST01021,495.74,19,Debit Card,Jaipur,Android,0,0,0,7,64,1289.23,0,0
TXN0000122,CUST00096,1908.34,9,Credit Card,Delhi,Web,0,1,3,3,1608,2066.41,1,1
TXN0000123,CUST01924,4483.51,18,Debit Card,Chennai,iOS,0,0,1,4,41,1803.68,0,0
TXN0000124,CUST01758,2744.24,16,UPI,Kolkata,Android,0,0,0,2,650,510.58,0,0
TXN0000125,CUST02279,1695.76,23,Net Banking,Noida,iOS,0,0,0,5,305,3357.34,0,0
TXN0000126,CUST01679,328.28,23,Debit Card,Chennai,iOS,0,0,0,3,195,6239.87,1,0
TXN0000127,CUST00541,800.96,20,UPI,Mumbai,Web,0,0,2,5,191,963.46,1,0
TXN0000128,CUST01060,2171.87,18,Debit Card,Bengaluru,Web,0,0,1,2,266,1540.83,0,0
TXN0000129,CUST01184,819.23,12,UPI,Kolkata,Android,0,0,0,3,270,4173.24,0,0
TXN0000130,CUST01723,2205.92,18,UPI,Jaipur,Web,0,0,2,2,1013,2224.65,0,0
TXN0000131,CUST01820,3559.18,22,Credit Card,Hyderabad,Android,0,0,0,3,455,492.27,1,0
TXN0000132,CUST01598,4712.83,1,Credit Card,Delhi,Android,0,0,1,9,1703,1339.53,0,0
TXN0000133,CUST00796,528.14,15,UPI,Bengaluru,Android,0,0,1,4,612,1235.19,0,0
TXN0000134,CUST01052,16190.63,9,UPI,Jaipur,Android,0,0,0,1,314,927.22,0,0
TXN0000135,CUST01644,3877.79,15,Net Banking,Mumbai,Web,0,0,0,5,456,1396.92,0,0
TXN0000136,CUST01364,1796.92,13,UPI,Gurugram,iOS,0,0,0,5,1682,2474.63,0,0
TXN0000137,CUST01982,5351.21,16,UPI,Delhi,iOS,1,0,0,5,1079,890.42,1,0
TXN0000138,CUST01355,19167.08,15,Net Banking,Gurugram,Web,0,0,1,4,1549,3147.74,0,0
TXN0000139,CUST01664,427.02,22,UPI,Jaipur,Android,1,0,1,4,738,3143.09,0,0
TXN0000140,CUST01530,1436.95,15,Debit Card,Chennai,Android,0,0,0,2,600,1280.41,0,0
TXN0000141,CUST02039,166.85,20,UPI,Pune,iOS,0,1,0,3,169,883.13,0,0
TXN0000142,CUST01497,2182.43,10,Credit Card,Pune,Web,0,0,0,8,261,3732.19,1,0
TXN0000143,CUST02238,2593.95,13,UPI,Pune,Web,0,0,0,2,35,442.81,0,0
TXN0000144,CUST01409,1730.87,14,Net Banking,Gurugram,Android,0,0,0,3,514,3118.28,0,0
TXN0000145,CUST01401,935.43,10,UPI,Gurugram,Web,0,0,0,4,612,2526.1,1,0
TXN0000146,CUST01307,231.84,12,Credit Card,Jaipur,Web,0,0,0,4,833,3342.22,0,0
TXN0000147,CUST00973,2615.15,16,Net Banking,Kolkata,Android,0,0,0,1,1162,297.82,0,0
TXN0000148,CUST01769,7715.42,16,Net Banking,Bengaluru,iOS,0,0,1,3,209,1681.49,0,0
TXN0000149,CUST01283,996.77,17,UPI,Kolkata,Android,1,0,2,9,116,894.0,0,0
TXN0000150,CUST00710,2795.04,11,Debit Card,Chennai,Android,0,0,1,5,74,1755.5,0,0
TXN0000151,CUST01480,375.18,10,UPI,Gurugram,Web,0,0,0,3,469,1927.74,1,0
TXN0000152,CUST01435,2843.4,16,Credit Card,Noida,iOS,1,0,0,1,186,5536.82,0,0
TXN0000153,CUST00649,1214.59,7,UPI,Jaipur,iOS,0,0,1,5,131,752.36,0,0
TXN0000154,CUST00318,839.77,9,UPI,Pune,Web,0,0,2,5,487,1016.66,0,0
TXN0000155,CUST01258,841.49,2,UPI,Chennai,Android,0,0,3,5,551,757.28,1,0
TXN0000156,CUST00684,1214.31,4,Credit Card,Jaipur,Android,0,0,2,5,90,2244.87,0,0
TXN0000157,CUST00664,2638.52,9,Credit Card,Mumbai,Android,0,0,0,3,445,4923.43,0,0
TXN0000158,CUST01999,484.63,0,UPI,Bengaluru,iOS,1,0,0,5,59,1670.58,0,0
TXN0000159,CUST01632,1210.06,9,Credit Card,Bengaluru,Web,0,0,0,4,930,1259.58,1,0
TXN0000160,CUST01496,1726.88,17,Net Banking,Hyderabad,iOS,0,0,1,3,530,3898.3,0,0
TXN0000161,CUST01137,599.74,3,Debit Card,Bengaluru,Web,0,1,0,2,545,2573.1,1,0
TXN0000162,CUST01854,10853.11,13,Credit Card,Kolkata,iOS,0,0,0,1,757,334.26,0,0
TXN0000163,CUST01521,766.66,21,Wallet,Pune,iOS,0,0,0,3,145,2787.27,0,0
TXN0000164,CUST02490,921.59,19,Credit Card,Noida,iOS,0,0,1,5,124,1244.19,0,0
TXN0000165,CUST00564,676.7,10,UPI,Mumbai,Web,1,1,1,3,225,732.39,0,0
TXN0000166,CUST01292,10872.83,21,Credit Card,Mumbai,Android,0,0,0,6,519,4054.23,0,0
TXN0000167,CUST01637,3128.93,11,UPI,Delhi,Android,0,0,0,3,1044,859.59,0,0
TXN0000168,CUST00699,705.53,4,Debit Card,Chennai,Android,1,0,0,5,2763,833.76,0,0
TXN0000169,CUST02161,5441.3,23,Net Banking,Kolkata,Web,0,0,1,2,1034,686.6,1,0
TXN0000170,CUST00002,2200.06,20,UPI,Gurugram,Web,0,0,0,4,407,782.63,0,0
TXN0000171,CUST00642,2328.07,13,UPI,Chennai,Android,0,0,0,4,514,957.5,0,0
TXN0000172,CUST02268,1275.46,17,UPI,Delhi,Web,0,0,1,2,199,1748.32,1,0
TXN0000173,CUST01590,850.76,17,UPI,Bengaluru,Android,0,0,0,4,151,953.38,1,0
TXN0000174,CUST00855,2523.26,8,Debit Card,Noida,Android,0,0,0,1,92,1356.01,0,0
TXN0000175,CUST01760,1043.62,8,Credit Card,Bengaluru,Web,0,0,0,5,437,1133.19,0,0
TXN0000176,CUST02433,11073.36,14,UPI,Kolkata,Android,0,1,1,4,116,1682.25,0,0
TXN0000177,CUST01662,505.86,21,Debit Card,Jaipur,Android,0,0,2,1,33,2805.27,0,0
TXN0000178,CUST01154,8364.06,0,UPI,Bengaluru,Android,0,0,0,1,119,1149.32,0,0
TXN0000179,CUST01077,1610.38,19,Net Banking,Mumbai,Android,0,0,1,6,292,1653.63,0,0
TXN0000180,CUST01708,2427.53,3,UPI,Jaipur,iOS,0,0,1,4,153,1184.84,1,0
TXN0000181,CUST01696,4141.03,14,Credit Card,Pune,Android,1,1,1,3,149,3156.09,0,0
TXN0000182,CUST01734,958.43,17,UPI,Mumbai,iOS,0,0,0,7,170,716.06,1,0
TXN0000183,CUST01440,4271.8,17,UPI,Jaipur,iOS,0,0,2,3,1296,6261.15,0,0
TXN0000184,CUST02295,120.06,3,Debit Card,Chennai,Android,1,0,1,1,51,772.01,1,0
TXN0000185,CUST00836,876.16,12,UPI,Chennai,iOS,1,0,0,5,233,4657.48,0,0
TXN0000186,CUST00203,714.43,16,Wallet,Chennai,Web,0,0,1,3,301,1063.4,0,0
TXN0000187,CUST00123,513.9,4,Credit Card,Pune,Android,0,0,0,3,197,1128.96,0,0
TXN0000188,CUST00401,1451.84,7,Wallet,Bengaluru,iOS,0,0,0,2,287,867.22,0,0
TXN0000189,CUST00767,2647.29,17,Net Banking,Jaipur,Web,0,0,1,3,595,975.63,1,0
TXN0000190,CUST00294,3634.41,15,UPI,Chennai,Android,0,0,1,4,90,804.55,0,0
TXN0000191,CUST02328,2290.26,8,Credit Card,Noida,Android,0,0,1,7,267,2059.28,0,0
TXN0000192,CUST00198,925.05,15,Debit Card,Hyderabad,Android,0,1,1,3,89,766.55,0,0
TXN0000193,CUST01931,2603.36,21,UPI,Chennai,iOS,1,0,0,7,786,385.82,1,0
TXN0000194,CUST02192,2038.21,0,Wallet,Delhi,Android,0,0,0,10,1190,794.72,1,0
TXN0000195,CUST00609,4589.83,17,Credit Card,Delhi,Android,0,0,2,4,485,1924.91,0,0
TXN0000196,CUST01148,3914.64,5,Debit Card,Noida,Android,0,0,2,4,36,3131.98,1,0
TXN0000197,CUST00187,1855.7,0,UPI,Mumbai,Android,0,0,1,4,352,5722.2,1,0
TXN0000198,CUST01795,733.84,8,Debit Card,Jaipur,iOS,0,0,0,6,326,2200.59,1,0
TXN0000199,CUST00660,936.91,13,UPI,Jaipur,iOS,0,0,0,2,961,4286.87,1,0
TXN0000200,CUST01956,1038.73,19,Debit Card,Kolkata,Android,0,0,1,2,34,3547.05,1,0
TXN0000201,CUST02451,1313.27,10,Credit Card,Kolkata,Android,0,0,0,2,2170,637.4,0,0
TXN0000202,CUST01370,2353.34,16,UPI,Gurugram,iOS,0,0,2,8,143,2776.49,0,0
TXN0000203,CUST01987,3680.18,12,Net Banking,Delhi,iOS,0,0,1,4,1030,1699.33,0,0
TXN0000204,CUST01535,1710.3,9,Debit Card,Mumbai,Web,0,0,1,5,941,5404.72,0,0
TXN0000205,CUST00147,1829.26,14,Net Banking,Delhi,Android,0,0,2,4,874,1028.8,0,0
TXN0000206,CUST01735,2077.35,19,UPI,Delhi,iOS,0,0,1,5,82,3346.49,0,0
TXN0000207,CUST01844,1074.53,20,Credit Card,Hyderabad,Android,1,0,0,7,51,4690.84,1,0
TXN0000208,CUST00489,713.48,20,Credit Card,Noida,Web,0,0,0,6,355,1788.12,1,0
TXN0000209,CUST01960,311.1,11,Debit Card,Jaipur,Android,0,0,2,3,805,3737.25,1,0
TXN0000210,CUST01664,898.2,19,UPI,Noida,iOS,0,0,0,7,685,856.08,0,0
TXN0000211,CUST02386,2889.06,9,UPI,Gurugram,Android,0,0,1,4,897,1938.5,1,1
TXN0000212,CUST00641,891.25,18,Wallet,Mumbai,Android,0,0,0,1,75,4458.02,0,0
TXN0000213,CUST01803,1419.04,22,UPI,Kolkata,Android,0,1,0,2,333,3322.96,0,0
TXN0000214,CUST01970,2869.73,0,Net Banking,Hyderabad,Android,0,0,1,5,374,1507.63,0,0
TXN0000215,CUST02199,3029.74,13,UPI,Bengaluru,Android,0,0,0,7,166,481.5,1,0
TXN0000216,CUST01439,611.56,17,Net Banking,Hyderabad,Android,0,0,1,1,515,575.29,1,0
TXN0000217,CUST01635,4878.54,18,Debit Card,Hyderabad,Android,1,0,0,1,25,649.74,1,0
TXN0000218,CUST00263,5557.44,8,Debit Card,Bengaluru,Android,0,0,2,1,896,1502.68,0,0
TXN0000219,CUST01788,581.55,23,UPI,Gurugram,iOS,0,0,0,1,145,1284.9,0,0
TXN0000220,CUST02192,789.74,16,Wallet,Noida,iOS,1,0,0,2,811,1139.25,0,0
TXN0000221,CUST02394,5923.2,8,Credit Card,Jaipur,Android,0,0,0,4,45,1428.68,0,0
TXN0000222,CUST00624,1554.16,0,Debit Card,Mumbai,Android,0,0,0,1,412,985.23,0,0
TXN0000223,CUST01017,195.54,19,UPI,Bengaluru,Android,0,0,0,3,150,1476.03,0,0
TXN0000224,CUST00881,444.02,5,Credit Card,Jaipur,Android,1,0,0,3,297,583.59,0,0
TXN0000225,CUST02050,1402.73,7,Wallet,Kolkata,Android,0,0,1,3,1297,2263.02,0,0
TXN0000226,CUST01328,562.56,16,UPI,Chennai,Android,0,1,1,4,355,9483.17,1,0
TXN0000227,CUST02302,1190.49,16,Debit Card,Delhi,Web,0,0,1,4,190,2556.68,0,0
TXN0000228,CUST00453,1859.27,17,UPI,Delhi,Web,0,0,0,4,217,7850.72,0,0
TXN0000229,CUST01184,7768.22,12,Wallet,Noida,Android,0,0,2,4,604,4393.96,0,0
TXN0000230,CUST02057,1346.26,19,Net Banking,Pune,iOS,0,0,2,3,804,882.43,0,0
TXN0000231,CUST01683,5261.04,23,UPI,Hyderabad,Android,1,0,0,3,25,1015.59,0,0
TXN0000232,CUST02256,7512.34,10,UPI,Bengaluru,Android,1,0,1,4,413,912.8,0,0
TXN0000233,CUST01155,7554.14,18,Credit Card,Gurugram,Web,0,0,0,5,327,6550.84,1,0
TXN0000234,CUST00404,2392.98,21,UPI,Gurugram,Android,1,0,0,7,294,3210.5,0,0
TXN0000235,CUST02200,252.71,17,Credit Card,Hyderabad,iOS,1,1,2,5,315,1753.34,0,0
TXN0000236,CUST02102,2853.69,17,UPI,Noida,Android,0,1,0,7,737,1185.58,1,0
TXN0000237,CUST01697,5135.55,9,UPI,Hyderabad,iOS,1,1,0,1,3000,322.22,1,0
TXN0000238,CUST00628,1659.84,15,UPI,Noida,Android,0,0,0,8,2229,1803.98,0,0
TXN0000239,CUST00587,10302.33,15,UPI,Kolkata,iOS,0,0,1,1,735,1906.36,0,0
TXN0000240,CUST01649,4252.98,18,UPI,Pune,Android,0,0,1,4,166,1114.39,0,0
TXN0000241,CUST01444,3177.39,23,Credit Card,Kolkata,Android,0,0,1,1,10,998.04,0,0
TXN0000242,CUST01446,5334.35,1,Credit Card,Pune,Web,0,0,0,5,899,2225.54,0,0
TXN0000243,CUST00104,2512.19,4,UPI,Pune,iOS,0,0,0,3,393,1233.93,0,0
TXN0000244,CUST00254,148.82,5,Credit Card,Kolkata,Web,0,0,1,1,196,1182.61,0,0
TXN0000245,CUST01497,1092.7,18,Wallet,Hyderabad,Android,0,1,0,7,327,1662.68,0,0
TXN0000246,CUST00099,5959.31,7,UPI,Chennai,Android,1,0,0,3,822,2216.63,0,0
TXN0000247,CUST02201,802.68,16,Debit Card,Gurugram,Android,0,0,0,4,28,2062.41,0,0
TXN0000248,CUST01885,1439.53,11,Debit Card,Mumbai,Android,0,0,0,2,427,1605.63,1,1
TXN0000249,CUST01920,633.15,13,UPI,Gurugram,iOS,0,0,1,4,286,2551.41,0,0
TXN0000250,CUST00878,10715.69,9,UPI,Chennai,Web,0,0,0,3,139,747.4,0,0
TXN0000251,CUST00338,9672.43,20,Credit Card,Jaipur,Web,0,0,0,1,1349,1651.44,1,0
TXN0000252,CUST00957,743.73,16,Debit Card,Delhi,Android,0,0,3,5,767,4972.17,1,0
TXN0000253,CUST01705,2085.66,22,UPI,Kolkata,Android,0,0,1,2,842,441.18,1,0
TXN0000254,CUST00161,911.46,16,Net Banking,Chennai,Web,0,0,0,2,692,1833.06,1,0
TXN0000255,CUST01604,3329.2,7,Debit Card,Bengaluru,iOS,0,0,0,4,221,1192.06,1,0
TXN0000256,CUST00398,2996.57,8,UPI,Bengaluru,Web,0,1,0,3,17,1480.38,0,0
TXN0000257,CUST01301,4053.14,23,UPI,Delhi,iOS,0,0,2,7,546,2735.4,0,0
TXN0000258,CUST00816,2508.55,18,UPI,Kolkata,Web,0,0,1,2,241,1485.98,1,0
TXN0000259,CUST01528,33892.47,2,Credit Card,Mumbai,Android,0,0,1,1,193,2629.8,0,0
TXN0000260,CUST01920,643.95,18,Credit Card,Noida,iOS,0,0,0,6,679,1023.6,0,0
TXN0000261,CUST01416,325.36,12,Debit Card,Hyderabad,Android,1,0,1,3,262,1227.44,1,0
TXN0000262,CUST01159,1214.94,10,Debit Card,Hyderabad,iOS,1,0,0,1,2215,1428.75,0,0
TXN0000263,CUST01219,375.24,8,UPI,Chennai,iOS,0,0,0,3,1417,2521.42,0,0
TXN0000264,CUST00401,404.67,20,Credit Card,Gurugram,Android,0,0,0,3,27,462.5,1,0
TXN0000265,CUST00640,661.31,4,UPI,Kolkata,iOS,0,0,1,2,66,1398.05,0,0
TXN0000266,CUST00460,715.77,10,UPI,Bengaluru,Android,0,0,1,4,482,2243.65,0,0
TXN0000267,CUST00955,692.93,10,Debit Card,Hyderabad,Android,0,0,1,3,16,4166.1,0,0
TXN0000268,CUST00470,3022.26,8,UPI,Gurugram,Android,0,0,0,1,353,861.33,0,0
TXN0000269,CUST01046,1085.02,14,Debit Card,Delhi,Android,0,0,1,1,311,693.89,0,0
TXN0000270,CUST01694,1504.22,0,Net Banking,Noida,Android,1,0,0,1,637,1365.58,1,0
TXN0000271,CUST02086,4401.83,10,Credit Card,Noida,Android,0,0,1,4,348,1657.12,1,0
TXN0000272,CUST02278,836.49,21,UPI,Kolkata,Android,1,0,0,3,97,1637.01,0,0
TXN0000273,CUST00563,1381.6,10,UPI,Pune,Android,0,0,1,1,118,1108.97,0,1
TXN0000274,CUST02486,2594.9,11,UPI,Kolkata,Android,0,0,0,3,288,573.78,0,0
TXN0000275,CUST01800,258.26,14,Credit Card,Jaipur,iOS,0,0,0,4,170,1374.61,1,0
TXN0000276,CUST02075,165.78,15,Debit Card,Hyderabad,iOS,1,0,0,4,1103,2577.91,1,0
TXN0000277,CUST00226,2544.42,19,Credit Card,Hyderabad,Web,0,0,1,3,3000,2350.63,0,0
TXN0000278,CUST00798,2944.09,8,Debit Card,Chennai,Android,0,0,0,2,932,567.91,0,0
TXN0000279,CUST02332,14182.47,20,Debit Card,Hyderabad,Web,1,0,0,2,240,626.66,0,0
TXN0000280,CUST00960,2108.3,18,Debit Card,Hyderabad,Android,0,0,1,1,375,1468.55,1,0
TXN0000281,CUST01505,4085.84,18,UPI,Gurugram,Android,0,0,0,4,361,1965.17,1,0
TXN0000282,CUST00453,1480.4,5,Wallet,Pune,Android,0,0,0,2,1513,2810.04,0,0
TXN0000283,CUST00816,2423.02,0,Credit Card,Bengaluru,Android,0,0,0,1,550,2679.32,1,0
TXN0000284,CUST00659,9535.71,16,UPI,Bengaluru,Android,0,0,0,2,753,655.11,0,0
TXN0000285,CUST00547,215.2,20,Net Banking,Jaipur,iOS,0,0,1,2,226,4490.03,0,0
TXN0000286,CUST01216,2722.1,16,Net Banking,Noida,Web,1,0,1,2,27,1554.62,0,0
TXN0000287,CUST00017,15231.62,9,Credit Card,Bengaluru,Web,1,0,0,2,149,1542.13,0,0
TXN0000288,CUST01244,2386.48,6,Debit Card,Hyderabad,iOS,0,0,1,5,95,5404.98,0,0
TXN0000289,CUST02206,9377.94,18,UPI,Pune,iOS,0,0,0,2,361,5140.3,1,0
TXN0000290,CUST01070,959.42,18,UPI,Gurugram,Android,0,0,0,3,489,970.77,0,0
TXN0000291,CUST02147,1743.23,8,UPI,Pune,Web,1,1,0,5,120,1110.78,0,0
TXN0000292,CUST01769,1861.37,1,Credit Card,Bengaluru,iOS,0,1,1,4,309,8148.47,0,0
TXN0000293,CUST01061,195.97,12,Credit Card,Pune,Android,0,0,1,3,440,1935.52,0,0
TXN0000294,CUST02328,559.68,16,UPI,Hyderabad,iOS,0,0,0,4,200,1232.03,0,0
TXN0000295,CUST00302,601.04,18,Debit Card,Chennai,Android,0,1,0,3,321,1083.61,1,0
TXN0000296,CUST00181,4095.35,19,UPI,Chennai,iOS,1,0,2,5,10,3206.0,0,1
TXN0000297,CUST00607,4305.7,16,UPI,Bengaluru,Web,0,0,0,3,306,1292.39,0,0
TXN0000298,CUST00700,2488.86,7,UPI,Chennai,iOS,0,0,1,3,602,454.15,0,0
TXN0000299,CUST00993,4103.7,17,UPI,Chennai,Web,0,0,0,1,388,3493.29,1,0
TXN0000300,CUST01140,1527.51,23,UPI,Kolkata,Web,1,0,2,1,501,1048.2,0,0
TXN0000301,CUST00191,5987.77,21,UPI,Gurugram,Android,0,0,0,3,897,1282.28,1,0
TXN0000302,CUST02301,1815.89,20,UPI,Chennai,Android,1,0,1,3,3000,842.5,1,0
TXN0000303,CUST00981,1907.23,10,UPI,Gurugram,Android,0,0,0,2,325,553.54,0,0
TXN0000304,CUST02007,1380.15,18,UPI,Chennai,Web,0,0,0,5,112,1297.75,1,0
TXN0000305,CUST01185,3568.83,20,Wallet,Hyderabad,Android,0,0,1,6,2286,1918.69,0,0
TXN0000306,CUST00128,1181.27,17,UPI,Pune,iOS,0,0,0,6,201,2169.0,0,0
TXN0000307,CUST02066,4778.94,9,Debit Card,Noida,Android,0,0,0,2,182,1280.99,1,0
TXN0000308,CUST01817,580.21,22,UPI,Hyderabad,iOS,0,0,2,4,1219,2798.75,0,0
TXN0000309,CUST01759,599.82,13,UPI,Chennai,Android,0,0,1,2,1340,5285.21,0,0
TXN0000310,CUST00570,3579.47,7,UPI,Jaipur,Android,1,1,0,4,246,1375.81,0,0
TXN0000311,CUST01347,1647.47,7,Wallet,Delhi,Android,1,0,2,2,625,1027.5,1,0
TXN0000312,CUST01896,1143.27,17,UPI,Jaipur,Android,0,0,1,2,702,2487.7,0,0
TXN0000313,CUST00626,4383.49,13,Debit Card,Delhi,Android,0,0,0,3,444,888.28,1,0
TXN0000314,CUST01687,980.71,6,Credit Card,Noida,Web,0,0,1,3,545,7104.66,0,0
TXN0000315,CUST00155,1473.42,18,UPI,Kolkata,Android,0,0,0,7,266,3469.47,1,0
TXN0000316,CUST01410,7293.73,19,Wallet,Chennai,iOS,0,1,2,6,736,2771.96,0,0
TXN0000317,CUST00785,8389.06,18,UPI,Gurugram,Web,0,0,1,7,1328,1149.96,1,0
TXN0000318,CUST00246,8672.74,8,UPI,Delhi,iOS,0,0,0,4,1202,1552.6,1,0
TXN0000319,CUST01501,1357.52,17,UPI,Bengaluru,Android,0,0,1,1,1011,1074.98,0,0
TXN0000320,CUST01706,6162.54,0,UPI,Pune,Web,0,0,0,2,101,2467.15,0,0
TXN0000321,CUST00538,696.86,10,UPI,Delhi,Android,0,0,1,4,865,1000.06,1,0
TXN0000322,CUST01891,726.79,12,Credit Card,Pune,Android,1,0,0,3,108,4795.47,0,0
TXN0000323,CUST01842,171.59,20,UPI,Mumbai,Android,1,0,2,4,960,993.61,0,0
TXN0000324,CUST00921,9589.37,12,Credit Card,Jaipur,Android,0,1,3,4,233,532.26,1,0
TXN0000325,CUST02456,758.67,0,UPI,Chennai,iOS,0,0,0,2,88,3531.65,0,0
TXN0000326,CUST00525,1586.06,11,Net Banking,Jaipur,iOS,0,0,2,3,780,3052.28,1,0
TXN0000327,CUST01530,724.31,14,UPI,Mumbai,Android,0,0,0,7,375,1699.9,0,0
TXN0000328,CUST00036,3607.27,22,Credit Card,Delhi,Android,0,0,1,3,480,1434.74,1,0
TXN0000329,CUST00685,1236.34,22,Debit Card,Hyderabad,Android,0,0,0,5,1180,2043.41,0,0
TXN0000330,CUST00020,488.2,8,UPI,Mumbai,Android,1,0,0,2,273,2585.87,1,0
TXN0000331,CUST02369,2799.52,8,UPI,Gurugram,Android,0,0,1,2,196,3177.6,0,0
TXN0000332,CUST00400,429.15,8,UPI,Bengaluru,Android,0,0,0,4,304,1286.81,0,0
TXN0000333,CUST00972,779.1,19,UPI,Gurugram,iOS,0,0,0,2,600,6877.74,0,0
TXN0000334,CUST01907,218.91,0,UPI,Hyderabad,iOS,1,0,0,4,152,1079.51,0,0
TXN0000335,CUST01167,433.37,7,Debit Card,Jaipur,Android,0,0,2,5,950,765.68,1,1
TXN0000336,CUST01116,2151.82,15,UPI,Kolkata,Web,0,1,1,2,1286,2176.16,1,0
TXN0000337,CUST00834,252.4,9,Credit Card,Kolkata,Android,0,0,0,3,1449,899.21,0,0
TXN0000338,CUST01824,409.28,6,UPI,Pune,iOS,0,0,1,4,574,2860.15,0,0
TXN0000339,CUST01983,1795.74,11,Wallet,Noida,Android,0,0,1,12,1671,4241.39,0,0
TXN0000340,CUST00854,1045.17,10,UPI,Pune,iOS,1,0,0,3,87,2962.2,0,0
TXN0000341,CUST00051,13194.81,14,UPI,Gurugram,Android,0,0,1,5,492,2252.88,0,0
TXN0000342,CUST00575,11264.8,23,UPI,Chennai,iOS,0,0,0,5,355,677.3,1,0
TXN0000343,CUST01149,755.68,7,UPI,Bengaluru,Android,1,1,0,4,2349,2894.18,0,0
TXN0000344,CUST02198,3142.2,12,Debit Card,Chennai,Android,0,0,1,3,56,771.07,0,0
TXN0000345,CUST02362,3807.87,21,Debit Card,Hyderabad,iOS,0,1,1,2,306,1381.29,0,0
TXN0000346,CUST02353,990.35,20,Debit Card,Bengaluru,iOS,0,0,1,7,107,578.68,0,0
TXN0000347,CUST01716,403.43,12,Credit Card,Delhi,Android,0,0,0,3,262,968.41,0,0
TXN0000348,CUST00682,1778.0,18,Net Banking,Noida,Android,0,0,1,4,1228,1969.8,0,0
TXN0000349,CUST00838,1514.28,6,Credit Card,Hyderabad,Android,0,0,1,3,153,1738.99,0,0
TXN0000350,CUST01078,1164.19,18,UPI,Bengaluru,Android,0,0,0,3,408,1957.33,0,0
TXN0000351,CUST02492,2801.36,23,UPI,Hyderabad,Android,0,0,1,2,137,454.6,0,0
TXN0000352,CUST02312,849.64,15,UPI,Delhi,Android,0,0,0,1,2324,2339.45,0,0
TXN0000353,CUST01596,568.81,14,Credit Card,Pune,iOS,1,0,0,5,47,5374.04,0,0
TXN0000354,CUST00005,2007.46,8,UPI,Bengaluru,Android,1,0,0,4,1134,891.87,0,0
TXN0000355,CUST01127,2647.87,17,Credit Card,Noida,iOS,1,0,0,1,1614,1333.97,0,0
TXN0000356,CUST01220,554.96,16,UPI,Jaipur,iOS,0,0,0,3,902,630.15,0,0
TXN0000357,CUST00774,4553.41,17,Debit Card,Chennai,iOS,0,0,2,4,276,2149.09,0,0
TXN0000358,CUST00877,306.45,1,Net Banking,Gurugram,Android,0,1,0,2,303,6030.73,0,0
TXN0000359,CUST00992,1009.72,15,UPI,Gurugram,Web,0,0,1,6,18,1307.45,0,0
TXN0000360,CUST00047,1390.66,16,Debit Card,Mumbai,iOS,0,0,1,6,130,2321.44,0,0
TXN0000361,CUST00269,952.72,8,Wallet,Chennai,Android,0,0,1,1,1597,1875.14,0,0
TXN0000362,CUST00370,1022.99,9,Net Banking,Kolkata,Web,1,0,0,4,780,2270.33,0,0
TXN0000363,CUST00636,11691.49,10,UPI,Kolkata,Android,0,0,2,1,479,877.91,0,0
TXN0000364,CUST01130,768.67,18,Debit Card,Jaipur,iOS,0,0,0,3,2775,1223.4,1,0
TXN0000365,CUST01694,20676.72,16,UPI,Bengaluru,Android,0,0,0,3,858,842.19,0,0
TXN0000366,CUST01683,2786.85,20,Credit Card,Kolkata,Web,0,0,2,4,571,988.33,0,0
TXN0000367,CUST00657,1973.57,10,Debit Card,Kolkata,iOS,0,0,0,7,437,1619.35,0,0
TXN0000368,CUST00120,2898.02,21,Debit Card,Hyderabad,Android,0,0,0,5,375,2846.79,0,0
TXN0000369,CUST00831,22594.68,18,UPI,Kolkata,iOS,1,0,0,4,1162,1163.19,1,0
TXN0000370,CUST01811,666.44,12,Debit Card,Noida,iOS,1,0,0,4,395,1819.0,0,0
TXN0000371,CUST01082,587.06,6,UPI,Bengaluru,Android,0,0,0,1,343,2454.22,1,0
TXN0000372,CUST01975,846.13,9,UPI,Mumbai,Web,0,1,0,5,157,1604.02,1,0
TXN0000373,CUST01370,1858.8,22,Credit Card,Gurugram,Android,0,0,0,1,609,3376.54,0,0
TXN0000374,CUST00741,320.46,10,Wallet,Kolkata,Web,0,0,2,2,18,1693.58,0,0
TXN0000375,CUST00117,1840.66,11,Net Banking,Delhi,iOS,0,0,2,1,175,620.66,0,0
TXN0000376,CUST01854,9789.73,8,Debit Card,Jaipur,Android,0,0,0,2,447,2966.59,0,0
TXN0000377,CUST01151,2094.25,19,UPI,Jaipur,Android,0,0,0,1,222,910.35,0,0
TXN0000378,CUST01932,1343.26,10,UPI,Gurugram,Android,0,0,0,2,432,3232.67,1,0
TXN0000379,CUST01013,970.08,11,UPI,Chennai,Web,1,1,1,1,161,3227.68,0,0
TXN0000380,CUST01665,4420.7,12,UPI,Mumbai,Android,0,0,1,2,1175,1001.14,0,0
TXN0000381,CUST01082,788.17,13,UPI,Kolkata,Android,0,0,2,3,70,5051.38,0,0
TXN0000382,CUST00634,11406.49,12,UPI,Gurugram,Android,0,0,1,4,149,5202.58,1,0
TXN0000383,CUST00513,12442.85,14,UPI,Bengaluru,Android,1,0,1,4,373,547.87,1,0
TXN0000384,CUST01120,2326.9,19,Wallet,Hyderabad,Android,0,1,0,1,346,1172.98,1,0
TXN0000385,CUST01142,1779.39,19,Credit Card,Gurugram,Android,0,0,0,3,668,1453.4,1,0
TXN0000386,CUST00560,5045.25,19,Debit Card,Mumbai,Web,0,0,0,2,736,1464.81,0,0
TXN0000387,CUST00488,5379.44,6,UPI,Hyderabad,iOS,1,0,0,5,641,3883.83,0,0
TXN0000388,CUST00897,803.96,19,UPI,Chennai,Web,1,0,0,2,609,701.7,0,0
TXN0000389,CUST01213,1063.15,7,UPI,Hyderabad,iOS,0,0,1,4,358,1425.52,0,0
TXN0000390,CUST00704,479.72,7,UPI,Kolkata,Android,0,0,1,6,354,4602.73,1,0
TXN0000391,CUST01471,2709.74,22,Credit Card,Pune,Web,0,0,1,5,55,1466.87,0,0
TXN0000392,CUST00581,3505.79,19,Credit Card,Gurugram,Android,0,0,3,4,10,2909.39,0,0
TXN0000393,CUST02295,466.67,15,Debit Card,Hyderabad,Android,0,0,1,3,1156,625.16,0,0
TXN0000394,CUST00154,1141.78,20,Wallet,Gurugram,Android,0,0,0,3,10,5070.4,1,0
TXN0000395,CUST01680,467.92,23,UPI,Delhi,Android,0,0,1,2,1423,4240.33,0,0
TXN0000396,CUST00997,732.7,16,UPI,Pune,Android,0,0,0,1,140,1627.54,0,0
TXN0000397,CUST01244,3123.03,16,Net Banking,Kolkata,iOS,0,0,1,5,493,1259.02,1,0
TXN0000398,CUST01093,864.42,18,Debit Card,Gurugram,Web,1,0,1,4,1603,2029.51,0,0
TXN0000399,CUST01009,1332.37,9,Credit Card,Delhi,iOS,0,0,0,4,288,1310.92,0,0
TXN0000400,CUST02142,353.62,8,Debit Card,Delhi,Android,0,1,1,9,980,2763.55,0,0
TXN0000401,CUST01774,2170.11,18,UPI,Mumbai,iOS,1,0,0,2,518,1193.95,0,0
TXN0000402,CUST00958,1722.05,11,UPI,Pune,Web,0,0,0,4,337,752.16,1,0
TXN0000403,CUST00453,868.34,7,UPI,Bengaluru,Android,0,0,1,2,105,2632.11,0,0
TXN0000404,CUST01228,1489.99,10,UPI,Pune,Android,0,0,1,4,112,887.53,1,0
TXN0000405,CUST02266,2155.63,11,UPI,Mumbai,Android,0,0,0,4,223,1704.24,0,0
TXN0000406,CUST02480,796.86,22,UPI,Jaipur,Android,1,0,1,2,1354,4080.64,0,0
TXN0000407,CUST02389,411.28,18,Debit Card,Pune,iOS,0,0,3,1,122,735.17,1,0
TXN0000408,CUST00551,10950.24,15,Credit Card,Kolkata,iOS,0,0,0,3,919,694.76,0,0
TXN0000409,CUST01636,955.53,22,UPI,Pune,Android,0,0,1,1,69,1482.08,0,0
TXN0000410,CUST01313,1633.99,21,UPI,Mumbai,iOS,0,0,1,3,1006,1609.11,0,0
TXN0000411,CUST01758,4946.23,14,Credit Card,Chennai,iOS,0,0,0,3,43,2471.17,1,0
TXN0000412,CUST00357,61365.14,21,UPI,Jaipur,iOS,0,0,0,2,151,5057.37,1,0
TXN0000413,CUST02071,518.56,12,Debit Card,Pune,Android,1,0,1,3,157,635.22,1,0
TXN0000414,CUST01786,2822.47,9,Debit Card,Noida,Android,0,0,1,3,1041,1645.34,0,0
TXN0000415,CUST01782,887.13,9,Credit Card,Gurugram,Android,0,0,1,5,530,561.67,0,0
TXN0000416,CUST02490,1050.22,17,UPI,Chennai,Web,0,0,1,3,609,2310.68,0,0
TXN0000417,CUST01632,875.97,14,Debit Card,Kolkata,iOS,0,1,0,3,1026,1087.18,0,0
TXN0000418,CUST01016,583.99,17,UPI,Hyderabad,Android,0,0,0,4,862,2122.96,0,0
TXN0000419,CUST01349,1727.19,17,UPI,Jaipur,Android,0,0,1,5,10,2202.17,1,0
TXN0000420,CUST00516,412.01,0,UPI,Chennai,iOS,0,0,0,2,228,2191.53,0,0
TXN0000421,CUST00336,4639.44,3,Wallet,Delhi,Android,0,0,1,3,201,1512.65,1,0
TXN0000422,CUST01783,1901.78,15,UPI,Bengaluru,Android,0,0,1,4,964,483.82,0,0
TXN0000423,CUST02306,2746.21,8,Wallet,Mumbai,Android,0,0,1,1,10,707.22,1,0
TXN0000424,CUST00497,1129.3,17,UPI,Pune,Android,1,1,0,2,10,2185.59,0,0
TXN0000425,CUST00896,1246.8,15,UPI,Gurugram,Android,0,0,0,5,133,3103.14,0,0
TXN0000426,CUST02208,2399.72,16,Debit Card,Jaipur,Android,0,0,1,4,158,537.2,1,0
TXN0000427,CUST00852,561.99,10,UPI,Bengaluru,iOS,0,0,1,2,108,417.87,0,0
TXN0000428,CUST01688,1258.34,17,UPI,Mumbai,Web,0,0,1,4,53,5035.24,0,0
TXN0000429,CUST01932,761.99,20,UPI,Mumbai,Android,0,0,1,3,648,1837.29,0,0
TXN0000430,CUST02428,738.76,23,UPI,Pune,Android,0,0,0,3,103,587.57,0,0
TXN0000431,CUST01569,218.26,20,UPI,Jaipur,Android,1,0,0,3,606,723.42,1,0
TXN0000432,CUST00957,6869.65,15,Debit Card,Pune,Android,0,0,0,3,368,1126.9,1,0
TXN0000433,CUST01637,905.97,8,Debit Card,Chennai,iOS,0,0,1,5,1178,817.96,0,0
TXN0000434,CUST01292,5761.3,17,Net Banking,Gurugram,Android,0,0,0,3,188,963.77,0,0
TXN0000435,CUST01441,5241.35,22,Debit Card,Kolkata,Android,1,0,3,2,2550,2072.08,0,0
TXN0000436,CUST01192,497.47,9,Debit Card,Kolkata,iOS,0,0,0,3,485,1495.58,0,0
TXN0000437,CUST01067,606.15,9,Debit Card,Delhi,iOS,0,0,0,2,2026,1805.2,0,0
TXN0000438,CUST00285,23296.19,7,Wallet,Jaipur,Android,0,0,1,3,629,2214.75,0,0
TXN0000439,CUST02445,10367.88,18,UPI,Jaipur,Android,0,0,0,2,163,1065.76,1,0
TXN0000440,CUST00012,1744.15,12,UPI,Mumbai,Android,0,0,1,2,214,4092.03,0,0
TXN0000441,CUST01631,2328.35,3,Debit Card,Bengaluru,Android,0,0,0,3,103,2275.76,0,0
TXN0000442,CUST00754,957.85,20,UPI,Chennai,Android,0,1,0,7,333,2112.54,0,0
TXN0000443,CUST02083,2773.58,15,Wallet,Hyderabad,iOS,0,0,1,4,239,1107.54,1,0
TXN0000444,CUST00090,878.63,11,Credit Card,Noida,Android,1,0,0,1,172,2292.43,0,0
TXN0000445,CUST00776,235.85,11,UPI,Hyderabad,Web,0,0,0,4,134,2157.43,1,0
TXN0000446,CUST01626,480.1,10,Debit Card,Pune,iOS,0,0,0,5,1085,2173.57,0,0
TXN0000447,CUST00418,1838.37,13,UPI,Gurugram,Android,1,0,0,4,1095,2652.88,0,0
TXN0000448,CUST00115,580.84,11,Net Banking,Mumbai,Android,0,0,0,5,468,2188.41,0,0
TXN0000449,CUST00617,1682.88,15,Net Banking,Noida,iOS,0,0,0,4,559,1894.59,0,0
TXN0000450,CUST00826,614.54,19,Debit Card,Chennai,Android,0,0,0,6,326,3411.09,0,0
TXN0000451,CUST01650,823.19,17,UPI,Jaipur,Android,0,0,3,3,590,758.18,0,0
TXN0000452,CUST01517,4224.72,10,UPI,Pune,Android,0,0,1,1,930,3766.4,0,0
TXN0000453,CUST00413,2305.43,15,Credit Card,Bengaluru,iOS,1,0,0,2,403,1701.98,0,0
TXN0000454,CUST00729,1782.69,20,Debit Card,Noida,Android,0,0,0,4,940,831.77,0,0
TXN0000455,CUST00676,4335.13,4,UPI,Mumbai,Android,1,0,0,4,1338,4081.57,1,0
TXN0000456,CUST01893,2910.7,5,UPI,Delhi,Web,0,0,0,6,2784,1718.53,1,0
TXN0000457,CUST02240,7647.28,15,UPI,Delhi,iOS,0,1,1,7,2000,2069.77,0,0
TXN0000458,CUST01123,1136.47,17,Credit Card,Noida,iOS,0,0,0,2,171,1274.41,1,0
TXN0000459,CUST01572,1171.34,9,Wallet,Mumbai,iOS,0,0,1,3,566,2485.79,1,0
TXN0000460,CUST00978,490.01,18,UPI,Chennai,Android,0,1,0,1,264,2807.34,1,0
TXN0000461,CUST01009,1172.11,17,UPI,Mumbai,Web,0,0,1,4,722,1115.7,1,0
TXN0000462,CUST02144,4723.53,21,Debit Card,Hyderabad,Android,0,1,0,1,133,846.15,0,0
TXN0000463,CUST01688,6604.65,8,Debit Card,Gurugram,iOS,0,0,0,3,194,2348.08,0,0
TXN0000464,CUST00037,4702.49,18,Debit Card,Mumbai,Android,0,0,0,4,2092,792.09,0,0
TXN0000465,CUST01549,299.27,5,Debit Card,Hyderabad,Web,0,0,1,3,560,2401.02,0,0
TXN0000466,CUST02327,5317.12,15,UPI,Jaipur,iOS,0,0,1,4,134,1713.09,0,0
TXN0000467,CUST02265,286.3,15,UPI,Chennai,iOS,0,0,2,8,299,1672.19,1,0
TXN0000468,CUST00873,4418.96,12,Net Banking,Jaipur,Web,1,0,0,3,265,694.9,1,0
TXN0000469,CUST01822,1246.08,20,Net Banking,Jaipur,Web,0,0,1,3,158,1657.96,0,0
TXN0000470,CUST01297,3633.95,0,Credit Card,Chennai,Android,0,0,0,4,36,1299.7,0,0
TXN0000471,CUST02110,474.89,15,Debit Card,Chennai,Android,0,0,0,2,2327,456.17,1,0
TXN0000472,CUST00596,5806.36,9,Net Banking,Jaipur,iOS,0,0,0,1,278,1007.23,1,0
TXN0000473,CUST01904,415.95,18,UPI,Jaipur,Web,0,0,1,3,473,1190.23,1,0
TXN0000474,CUST00729,922.5,2,UPI,Mumbai,Android,0,0,0,3,310,1552.05,0,0
TXN0000475,CUST01366,663.45,20,Debit Card,Noida,Android,0,1,0,2,741,1411.59,1,0
TXN0000476,CUST00397,311.46,20,Net Banking,Chennai,iOS,0,0,0,2,823,812.42,0,0
TXN0000477,CUST00699,1978.45,20,Debit Card,Pune,Android,0,0,2,3,1381,469.78,0,0
TXN0000478,CUST02225,10955.87,8,Debit Card,Noida,iOS,0,0,1,2,231,1058.85,0,0
TXN0000479,CUST01636,25911.63,17,UPI,Noida,Android,0,1,0,1,2355,4066.31,0,0
TXN0000480,CUST00396,1983.66,0,UPI,Jaipur,iOS,0,1,1,1,956,3977.17,1,0
TXN0000481,CUST02493,5498.46,20,UPI,Kolkata,Web,0,0,1,3,126,2472.07,0,0
TXN0000482,CUST00076,2270.23,18,Net Banking,Noida,Android,1,0,1,8,418,1298.11,0,0
TXN0000483,CUST00265,2964.39,15,Credit Card,Jaipur,Android,0,0,0,3,250,3121.54,0,0
TXN0000484,CUST01820,1278.44,18,UPI,Kolkata,iOS,0,1,0,6,431,672.42,0,0
TXN0000485,CUST00718,2187.73,6,Net Banking,Jaipur,Android,0,0,0,7,222,2045.56,1,0
TXN0000486,CUST00851,3081.03,15,Credit Card,Pune,iOS,0,0,1,3,166,1314.56,0,0
TXN0000487,CUST01391,1009.37,10,Debit Card,Chennai,Android,0,0,1,4,812,1245.87,0,0
TXN0000488,CUST00144,1665.78,23,Credit Card,Chennai,iOS,1,0,0,1,435,1812.22,1,0
TXN0000489,CUST00885,1697.84,20,UPI,Noida,Web,0,0,4,5,478,1644.53,0,0
TXN0000490,CUST00396,4113.15,18,Credit Card,Delhi,Android,0,0,0,2,331,681.2,1,0
TXN0000491,CUST01493,619.87,21,Net Banking,Mumbai,Web,1,0,0,5,1456,4233.77,0,0
TXN0000492,CUST01168,1709.57,11,UPI,Delhi,Android,0,0,3,3,28,1651.81,0,0
TXN0000493,CUST01063,12179.96,21,Debit Card,Jaipur,iOS,0,0,0,2,919,4817.98,0,0
TXN0000494,CUST02157,5765.24,11,UPI,Kolkata,Android,0,1,1,5,985,1139.57,0,0
TXN0000495,CUST01066,6937.67,18,UPI,Gurugram,Android,0,0,1,7,298,4358.04,1,0
TXN0000496,CUST01210,1844.52,18,UPI,Kolkata,iOS,0,0,1,4,42,1874.57,0,0
TXN0000497,CUST02446,2481.3,0,Wallet,Gurugram,Android,0,0,1,5,916,3385.5,0,0
TXN0000498,CUST00634,4903.86,11,Credit Card,Hyderabad,Android,0,0,0,6,359,1050.86,0,0
TXN0000499,CUST01157,8568.07,0,UPI,Kolkata,Android,0,0,1,4,579,844.33,1,0
TXN0000500,CUST01239,255.68,23,Debit Card,Jaipur,iOS,0,0,0,4,978,5642.64,0,0
TXN0000501,CUST00733,483.04,7,UPI,Jaipur,Android,0,0,1,3,109,253.51,1,0
TXN0000502,CUST00235,6667.41,15,UPI,Kolkata,Android,0,1,2,8,273,853.2,0,0
TXN0000503,CUST00751,1364.65,19,UPI,Jaipur,iOS,0,0,0,9,707,3764.66,0,0
TXN0000504,CUST00954,919.49,8,Debit Card,Jaipur,Android,0,1,0,2,251,3036.53,1,0
TXN0000505,CUST01543,513.57,14,Credit Card,Mumbai,Android,0,0,0,2,276,3347.55,0,0
TXN0000506,CUST01198,1033.31,16,Wallet,Mumbai,iOS,0,0,0,2,814,1565.57,0,0
TXN0000507,CUST01677,442.82,8,Credit Card,Noida,iOS,1,0,3,1,821,1762.41,0,0
TXN0000508,CUST01192,14568.78,19,UPI,Mumbai,Android,0,0,1,2,550,2042.96,0,0
TXN0000509,CUST02218,1760.06,10,Debit Card,Delhi,iOS,0,0,1,1,318,1167.17,0,0
TXN0000510,CUST01417,1698.65,9,UPI,Delhi,Android,0,0,0,1,294,1182.13,0,0
TXN0000511,CUST01218,3240.94,15,Wallet,Delhi,iOS,0,0,2,2,207,1600.93,0,0
TXN0000512,CUST01541,4712.09,12,UPI,Pune,Android,0,0,1,2,47,1619.23,1,0
TXN0000513,CUST02077,4635.18,21,UPI,Chennai,Android,0,0,0,2,28,1701.2,0,0
TXN0000514,CUST01446,5266.72,20,Credit Card,Kolkata,Android,0,0,0,5,1530,6358.51,0,0
TXN0000515,CUST02387,957.85,14,UPI,Bengaluru,Web,0,0,1,4,81,1138.0,0,0
TXN0000516,CUST01520,1336.32,11,UPI,Chennai,Android,0,0,1,4,569,5972.9,1,0
TXN0000517,CUST01389,3883.82,11,Credit Card,Mumbai,Web,0,0,0,2,191,1247.41,0,0
TXN0000518,CUST01857,1062.26,10,UPI,Gurugram,Web,0,0,1,1,606,2431.87,1,0
TXN0000519,CUST01366,1790.83,15,UPI,Gurugram,Web,0,0,0,4,715,1506.9,0,0
TXN0000520,CUST00500,2681.97,19,UPI,Hyderabad,Android,0,0,2,1,921,909.5,0,0
TXN0000521,CUST01681,3947.06,10,UPI,Mumbai,iOS,0,0,1,2,57,2457.38,0,0
TXN0000522,CUST00511,304.25,8,UPI,Jaipur,Android,0,0,1,1,65,1445.23,1,0
TXN0000523,CUST00217,3678.6,14,UPI,Noida,Android,0,0,1,3,987,1305.0,0,1
TXN0000524,CUST01325,1424.84,4,Credit Card,Hyderabad,Android,1,0,0,4,1625,477.88,0,0
TXN0000525,CUST01156,3651.89,18,Debit Card,Chennai,Android,1,0,1,4,179,1189.63,0,0
TXN0000526,CUST01828,3914.62,15,Debit Card,Hyderabad,iOS,0,0,0,2,220,1879.34,0,0
TXN0000527,CUST01811,8986.3,14,UPI,Mumbai,Web,1,0,1,4,1501,2259.64,1,0
TXN0000528,CUST02493,6967.39,10,UPI,Pune,Android,0,0,3,3,941,798.87,0,0
TXN0000529,CUST01206,6919.6,21,Credit Card,Delhi,Android,0,0,1,3,162,1318.84,0,0
TXN0000530,CUST02215,7625.19,6,Wallet,Noida,Web,1,0,1,3,524,1114.59,0,0
TXN0000531,CUST00091,2408.89,20,UPI,Delhi,Android,1,0,0,1,226,642.23,0,0
TXN0000532,CUST00714,1858.88,12,UPI,Chennai,Web,0,0,1,3,350,1215.67,0,0
TXN0000533,CUST01882,4308.56,20,UPI,Gurugram,Web,0,0,0,3,731,760.5,0,0
TXN0000534,CUST00039,3742.93,18,Net Banking,Delhi,Android,1,0,0,2,171,977.94,0,0
TXN0000535,CUST00173,1321.44,6,Debit Card,Jaipur,iOS,0,0,0,4,46,1001.11,1,0
TXN0000536,CUST00653,2698.27,20,UPI,Kolkata,iOS,0,0,0,6,2988,2645.36,0,0
TXN0000537,CUST00754,1737.92,17,UPI,Kolkata,iOS,1,0,0,5,334,1024.65,0,0
TXN0000538,CUST01244,766.33,1,Wallet,Chennai,Android,0,0,0,3,786,2657.49,0,0
TXN0000539,CUST01082,6542.03,7,UPI,Hyderabad,iOS,0,0,1,7,3000,898.74,1,1
TXN0000540,CUST01684,1902.15,17,Credit Card,Gurugram,Android,0,1,0,3,23,2511.63,0,0
TXN0000541,CUST00456,13964.17,17,Debit Card,Chennai,iOS,0,1,0,3,351,817.7,1,0
TXN0000542,CUST00829,354.27,18,UPI,Delhi,iOS,0,0,0,1,11,982.6,1,0
TXN0000543,CUST00895,1031.49,18,UPI,Gurugram,Android,0,1,0,1,629,1492.96,0,0
TXN0000544,CUST01385,1859.72,17,UPI,Chennai,Web,0,0,3,5,109,2061.9,0,0
TXN0000545,CUST01959,5613.46,19,Wallet,Gurugram,Android,0,0,1,3,1690,2937.64,0,0
TXN0000546,CUST02435,2683.86,16,Credit Card,Noida,Android,0,1,2,5,1247,1012.67,1,0
TXN0000547,CUST01997,2455.33,9,Debit Card,Jaipur,Android,0,0,3,4,636,2543.97,0,0
TXN0000548,CUST02396,583.05,21,Credit Card,Kolkata,Android,0,0,0,3,105,488.9,0,0
TXN0000549,CUST00190,566.0,0,Net Banking,Pune,Android,0,0,1,3,253,4977.64,0,0
TXN0000550,CUST00505,2485.05,11,Wallet,Gurugram,Android,1,0,0,3,2349,705.49,1,0
TXN0000551,CUST01215,460.1,18,Credit Card,Hyderabad,Android,0,1,0,2,227,1371.52,0,0
TXN0000552,CUST01532,1057.5,13,UPI,Chennai,Android,0,0,1,4,3000,936.55,1,0
TXN0000553,CUST00824,2970.42,1,Credit Card,Delhi,Android,0,0,1,7,1039,1976.18,0,0
TXN0000554,CUST00929,673.99,4,Debit Card,Kolkata,Android,0,0,2,3,455,957.83,0,0
TXN0000555,CUST00934,8963.34,17,Credit Card,Pune,iOS,0,0,1,5,1142,504.09,0,1
TXN0000556,CUST01141,6120.98,22,Debit Card,Kolkata,Android,1,0,2,1,2184,788.03,0,0
TXN0000557,CUST00134,373.95,15,UPI,Delhi,Web,0,0,1,5,204,1384.98,0,0
TXN0000558,CUST02106,708.51,14,UPI,Kolkata,Android,0,0,0,5,74,582.52,0,0
TXN0000559,CUST00685,183.05,10,Debit Card,Kolkata,iOS,1,0,0,3,51,2389.19,0,0
TXN0000560,CUST02221,823.0,9,UPI,Noida,Web,1,0,0,4,564,5660.79,1,0
TXN0000561,CUST01853,3873.56,0,UPI,Mumbai,Android,0,0,0,2,236,5688.61,0,0
TXN0000562,CUST00815,1189.93,10,Net Banking,Delhi,Android,0,0,0,2,291,783.86,0,0
TXN0000563,CUST01173,2853.61,13,Credit Card,Delhi,iOS,0,0,1,7,101,453.68,0,0
TXN0000564,CUST00080,392.76,8,Net Banking,Noida,Android,0,0,0,5,53,848.34,1,0
TXN0000565,CUST00203,3997.87,6,Debit Card,Kolkata,Android,0,0,0,3,231,1940.93,0,0
TXN0000566,CUST01253,1033.22,18,Debit Card,Gurugram,iOS,0,0,0,3,115,1008.08,0,0
TXN0000567,CUST01700,1822.04,21,Credit Card,Mumbai,iOS,0,0,1,6,41,2510.02,0,0
TXN0000568,CUST01251,1640.35,22,UPI,Hyderabad,Android,0,0,0,8,23,772.38,0,0
TXN0000569,CUST01683,504.71,16,Credit Card,Noida,iOS,1,0,0,5,36,2175.47,0,0
TXN0000570,CUST01556,568.19,3,UPI,Pune,iOS,0,1,1,5,764,1184.16,0,0
TXN0000571,CUST02095,4737.84,18,Net Banking,Mumbai,Android,0,0,0,1,566,511.66,0,0
TXN0000572,CUST01257,2682.58,7,UPI,Jaipur,Android,0,0,0,3,707,1828.93,0,0
TXN0000573,CUST01550,5144.02,17,UPI,Mumbai,iOS,0,1,1,2,1016,3723.24,0,0
TXN0000574,CUST01167,2490.4,19,Credit Card,Kolkata,Android,0,0,1,1,583,880.76,0,0
TXN0000575,CUST01397,2076.69,18,Credit Card,Gurugram,iOS,0,0,0,4,391,1384.09,0,0
TXN0000576,CUST00471,320.39,22,UPI,Noida,Android,1,0,1,2,1019,849.33,0,0
TXN0000577,CUST01036,1373.58,18,UPI,Mumbai,Android,0,0,3,3,590,2587.43,0,0
TXN0000578,CUST01354,1751.38,18,Debit Card,Bengaluru,Android,0,0,0,4,722,2507.87,0,0
TXN0000579,CUST00968,12691.01,9,Credit Card,Noida,Web,0,0,0,3,340,1335.09,1,0
TXN0000580,CUST00358,3577.78,21,UPI,Hyderabad,Web,0,0,1,5,358,1155.06,1,0
TXN0000581,CUST00668,8363.26,8,UPI,Pune,iOS,0,0,3,3,355,2462.2,0,0
TXN0000582,CUST00373,3271.75,21,UPI,Mumbai,iOS,1,0,1,5,202,1369.97,0,0
TXN0000583,CUST01032,883.81,10,UPI,Delhi,Android,0,0,2,4,577,2929.49,0,0
TXN0000584,CUST01146,2023.67,7,Net Banking,Pune,iOS,0,0,2,2,347,1509.79,0,0
TXN0000585,CUST01372,2279.62,19,UPI,Noida,Android,0,0,1,2,29,2512.63,0,0
TXN0000586,CUST00090,703.72,0,UPI,Chennai,iOS,0,0,0,2,721,2024.95,0,0
TXN0000587,CUST00540,1225.56,20,Net Banking,Delhi,Web,0,0,0,3,419,1346.6,0,0
TXN0000588,CUST00869,1465.24,9,Debit Card,Jaipur,Android,0,0,1,3,126,364.47,0,0
TXN0000589,CUST00041,8965.7,20,UPI,Mumbai,iOS,0,0,5,11,35,1746.32,1,0
TXN0000590,CUST00740,224.71,17,UPI,Bengaluru,iOS,0,0,0,4,127,570.92,0,0
TXN0000591,CUST01947,6011.08,17,Wallet,Mumbai,Android,1,0,1,6,428,3800.8,1,0
TXN0000592,CUST01225,705.39,11,UPI,Gurugram,iOS,0,0,2,3,40,894.69,0,0
TXN0000593,CUST00929,456.44,3,Credit Card,Jaipur,iOS,0,0,0,5,574,1668.59,0,0
TXN0000594,CUST02037,5857.53,20,Credit Card,Mumbai,iOS,0,0,1,3,190,564.4,0,0
TXN0000595,CUST00925,3742.24,8,UPI,Bengaluru,Android,0,0,1,3,2010,336.11,0,0
TXN0000596,CUST01582,6311.07,12,Credit Card,Gurugram,Android,0,0,0,3,934,962.55,0,0
TXN0000597,CUST00390,4008.79,16,UPI,Bengaluru,Web,1,0,1,1,70,2767.53,0,0
TXN0000598,CUST01618,14120.56,14,UPI,Noida,iOS,0,1,0,3,750,841.9,0,0
TXN0000599,CUST00256,3147.19,8,Debit Card,Noida,iOS,0,0,0,2,1068,1884.43,0,0
TXN0000600,CUST00709,1539.27,7,UPI,Bengaluru,Android,0,0,0,6,1212,1428.22,0,0
TXN0000601,CUST01839,2536.32,7,UPI,Jaipur,Android,1,0,0,2,474,1833.93,1,1
TXN0000602,CUST01945,6241.72,20,Credit Card,Jaipur,Web,0,0,1,3,1190,1649.85,0,0
TXN0000603,CUST02498,825.65,1,Debit Card,Bengaluru,Android,0,0,1,6,864,1093.62,0,0
TXN0000604,CUST00010,937.91,23,UPI,Noida,Web,0,0,2,3,501,2229.99,0,0
TXN0000605,CUST00798,1321.58,8,Debit Card,Bengaluru,Android,1,0,0,4,329,1783.78,0,0
TXN0000606,CUST00877,219.41,7,UPI,Hyderabad,Android,0,0,0,5,10,2078.95,1,0
TXN0000607,CUST01029,2066.52,16,Credit Card,Chennai,Android,0,0,1,5,572,1194.77,0,0
TXN0000608,CUST01016,272.98,5,Debit Card,Kolkata,Android,0,0,0,4,168,1213.88,0,0
TXN0000609,CUST01825,1898.09,16,Wallet,Delhi,iOS,0,0,0,1,154,2469.67,0,0
TXN0000610,CUST00374,4276.25,20,Credit Card,Noida,Web,0,0,2,5,92,3970.16,1,0
TXN0000611,CUST02194,1117.29,2,UPI,Bengaluru,Android,0,0,2,4,690,1607.92,0,0
TXN0000612,CUST00224,9630.19,19,UPI,Kolkata,Android,0,0,0,6,681,777.01,0,0
TXN0000613,CUST01263,417.82,12,UPI,Jaipur,iOS,1,0,2,1,324,1317.24,0,0
TXN0000614,CUST02225,5924.21,8,Credit Card,Bengaluru,iOS,1,0,1,8,379,1917.08,0,1
TXN0000615,CUST01803,3535.74,8,UPI,Gurugram,Android,0,0,1,4,857,2182.31,0,0
TXN0000616,CUST00853,323.6,21,Net Banking,Jaipur,Android,0,0,1,3,100,763.52,0,0
TXN0000617,CUST00063,27074.19,7,Wallet,Chennai,Android,0,0,1,6,156,993.85,1,0
TXN0000618,CUST01241,1688.84,20,UPI,Bengaluru,iOS,0,0,1,3,1712,1315.24,0,0
TXN0000619,CUST00689,748.49,15,Credit Card,Bengaluru,Android,0,0,1,5,3000,4167.37,0,0
TXN0000620,CUST01485,440.74,2,Debit Card,Hyderabad,iOS,0,0,0,4,430,513.43,0,0
TXN0000621,CUST01634,1444.51,13,UPI,Chennai,Android,1,0,2,2,372,2569.87,0,0
TXN0000622,CUST02153,1584.68,19,Credit Card,Chennai,Web,0,0,0,1,51,527.56,1,0
TXN0000623,CUST00511,1994.58,18,UPI,Noida,Android,0,0,1,3,668,1414.78,0,0
TXN0000624,CUST00385,1336.41,14,UPI,Jaipur,Android,0,0,0,5,379,2682.03,0,0
TXN0000625,CUST00405,3390.62,20,Credit Card,Pune,iOS,0,0,1,5,463,721.54,1,0
TXN0000626,CUST00518,1221.59,7,Net Banking,Chennai,iOS,0,0,1,3,1612,952.48,1,0
TXN0000627,CUST00476,259.97,21,UPI,Mumbai,Android,0,0,1,3,1519,2865.35,0,0
TXN0000628,CUST02001,1550.26,20,Credit Card,Chennai,Web,1,0,0,6,1497,2924.76,0,0
TXN0000629,CUST01669,168.69,18,UPI,Kolkata,iOS,1,0,1,2,62,1492.96,0,0
TXN0000630,CUST01894,2563.97,19,Wallet,Bengaluru,Android,0,0,0,8,290,1645.69,0,0
TXN0000631,CUST01461,676.03,15,Wallet,Kolkata,iOS,0,0,0,2,654,4671.91,0,0
TXN0000632,CUST00714,2119.43,17,UPI,Delhi,iOS,0,0,0,4,89,4542.04,0,0
TXN0000633,CUST00083,6698.35,15,Wallet,Pune,iOS,0,0,0,2,1691,3875.68,0,0
TXN0000634,CUST01169,697.01,11,UPI,Delhi,Web,0,0,0,1,514,652.21,0,0
TXN0000635,CUST01902,5202.0,15,UPI,Kolkata,iOS,0,0,3,6,544,2629.74,0,0
TXN0000636,CUST02049,1166.95,9,Credit Card,Pune,Android,0,0,0,7,81,1481.61,1,0
TXN0000637,CUST00051,10391.43,13,UPI,Jaipur,iOS,0,1,1,4,10,2283.87,1,0
TXN0000638,CUST00685,1249.36,10,Credit Card,Delhi,iOS,1,0,0,4,618,1003.39,0,0
TXN0000639,CUST00717,776.7,7,Credit Card,Gurugram,iOS,0,0,0,5,144,623.09,0,0
TXN0000640,CUST01470,3578.79,11,UPI,Chennai,Android,0,0,0,5,1026,1116.9,0,0
TXN0000641,CUST00449,1164.16,20,UPI,Kolkata,Web,1,0,0,5,30,3745.48,0,0
TXN0000642,CUST00881,775.95,12,UPI,Delhi,Android,0,0,0,3,113,423.73,1,0
TXN0000643,CUST00488,1116.22,18,UPI,Noida,iOS,0,0,2,1,908,2719.03,1,0
TXN0000644,CUST01824,1721.47,8,UPI,Noida,Android,0,0,0,1,10,2068.72,1,0
TXN0000645,CUST02082,6889.28,13,UPI,Gurugram,iOS,1,0,0,3,165,1204.94,0,0
TXN0000646,CUST02143,260.2,7,Debit Card,Mumbai,Android,0,0,1,3,774,931.38,1,0
TXN0000647,CUST01575,1842.03,7,Wallet,Pune,Web,0,1,1,3,713,1667.22,1,1
TXN0000648,CUST02202,3362.52,16,UPI,Jaipur,Android,0,0,0,1,136,1423.71,0,0
TXN0000649,CUST00250,2184.17,16,UPI,Chennai,iOS,0,0,2,5,941,703.15,1,0
TXN0000650,CUST00674,6670.21,9,Credit Card,Pune,Android,0,0,1,3,326,2082.15,0,0
TXN0000651,CUST00438,1671.03,14,Net Banking,Chennai,iOS,0,0,1,5,722,713.6,1,0
TXN0000652,CUST02166,1496.66,20,UPI,Delhi,Android,0,0,0,4,374,3883.3,0,0
TXN0000653,CUST00771,3254.75,8,Debit Card,Mumbai,Android,0,0,1,1,10,2799.81,0,0
TXN0000654,CUST00268,1987.94,0,Credit Card,Bengaluru,Android,1,0,0,1,10,954.15,0,0
TXN0000655,CUST01985,1218.2,17,Net Banking,Kolkata,Web,0,0,0,3,2711,1674.63,0,0
TXN0000656,CUST01078,3016.0,3,UPI,Jaipur,iOS,0,0,0,3,136,1637.14,1,0
TXN0000657,CUST00236,937.31,23,Net Banking,Gurugram,Android,0,0,1,1,1168,7795.25,1,0
TXN0000658,CUST00389,976.88,16,UPI,Mumbai,Web,0,0,0,4,155,435.29,0,0
TXN0000659,CUST00763,1061.62,14,Net Banking,Jaipur,iOS,0,0,0,2,360,3448.84,0,0
TXN0000660,CUST01849,6964.71,13,UPI,Delhi,Android,0,0,1,3,2489,999.86,0,0
TXN0000661,CUST02449,71.85,16,Credit Card,Delhi,iOS,0,0,1,4,86,2065.45,0,0
TXN0000662,CUST00624,2673.49,6,Debit Card,Hyderabad,Android,0,0,0,2,484,1901.31,1,1
TXN0000663,CUST01253,1862.76,21,Debit Card,Gurugram,Android,0,0,0,4,269,1519.53,0,0
TXN0000664,CUST00578,335.18,16,Credit Card,Hyderabad,Web,0,1,0,4,506,2085.47,0,0
TXN0000665,CUST02123,2453.49,8,UPI,Bengaluru,Android,0,0,0,1,446,650.18,0,0
TXN0000666,CUST00435,2896.6,15,Debit Card,Jaipur,Android,0,0,1,1,83,519.82,1,0
TXN0000667,CUST02151,3246.01,7,Net Banking,Noida,iOS,1,0,1,4,503,1133.87,1,0
TXN0000668,CUST00764,126.94,0,UPI,Gurugram,Web,0,0,1,2,269,2643.18,0,0
TXN0000669,CUST01330,7058.1,17,Credit Card,Chennai,Android,0,0,0,5,178,1410.85,1,0
TXN0000670,CUST02146,860.75,17,Wallet,Mumbai,Android,0,0,2,4,90,615.11,0,0
TXN0000671,CUST01359,3576.39,16,Credit Card,Hyderabad,iOS,0,0,0,1,659,1068.93,1,0
TXN0000672,CUST02483,3776.74,8,Debit Card,Jaipur,iOS,0,0,1,6,760,1139.46,0,0
TXN0000673,CUST00447,749.08,16,Wallet,Noida,Web,0,0,1,1,1020,510.91,0,0
TXN0000674,CUST02018,3484.23,3,Debit Card,Mumbai,Android,0,0,1,2,1022,1404.77,1,0
TXN0000675,CUST01332,1224.21,16,Debit Card,Gurugram,iOS,0,0,2,2,3000,1273.92,0,0
TXN0000676,CUST00249,226.82,15,Net Banking,Chennai,Android,1,0,1,3,165,1124.74,0,0
TXN0000677,CUST00166,5786.51,17,Wallet,Kolkata,iOS,0,0,1,4,500,1178.89,1,0
TXN0000678,CUST01359,829.23,21,Debit Card,Chennai,Android,1,0,0,2,507,1941.11,1,0
TXN0000679,CUST01020,765.9,20,UPI,Bengaluru,Web,0,0,1,1,460,1413.81,0,0
TXN0000680,CUST00542,1202.88,23,UPI,Mumbai,Android,0,0,0,3,261,925.2,0,0
TXN0000681,CUST00759,2363.22,23,Credit Card,Bengaluru,iOS,1,0,0,2,117,1258.67,0,0
TXN0000682,CUST02129,1699.81,19,Debit Card,Mumbai,Android,1,0,1,4,514,779.66,1,0
TXN0000683,CUST02181,3113.83,22,UPI,Mumbai,iOS,1,0,3,1,96,1242.66,0,0
TXN0000684,CUST00797,471.56,20,UPI,Mumbai,iOS,0,1,0,5,10,1822.29,0,0
TXN0000685,CUST00138,856.76,18,UPI,Mumbai,Android,0,0,0,6,649,2054.51,0,0
TXN0000686,CUST02232,1602.86,5,Debit Card,Noida,Android,1,0,0,4,346,1919.51,1,0
TXN0000687,CUST01354,12009.21,2,Wallet,Chennai,Android,0,0,2,1,1946,904.0,0,0
TXN0000688,CUST01876,1606.37,20,Wallet,Gurugram,Android,0,0,3,4,251,2952.52,0,0
TXN0000689,CUST00069,5328.18,14,UPI,Chennai,Android,0,1,0,6,2863,1958.75,1,0
TXN0000690,CUST02101,1870.75,19,UPI,Delhi,Android,0,0,0,3,10,1395.66,0,0
TXN0000691,CUST01474,1109.74,10,UPI,Noida,iOS,0,0,0,2,36,1644.58,0,0
TXN0000692,CUST00205,1406.44,12,UPI,Bengaluru,iOS,0,0,0,6,653,1160.91,0,0
TXN0000693,CUST02174,1521.0,18,Debit Card,Jaipur,Android,1,0,0,2,604,2431.23,0,0
TXN0000694,CUST00043,3291.79,21,UPI,Jaipur,Android,0,0,1,1,468,1355.03,0,0
TXN0000695,CUST01907,7116.37,6,UPI,Mumbai,iOS,0,0,1,3,128,1217.38,0,0
TXN0000696,CUST02159,2579.17,20,UPI,Pune,Android,0,0,2,6,59,798.56,0,0
TXN0000697,CUST00761,5899.48,19,UPI,Hyderabad,Android,0,0,0,4,37,757.67,0,0
TXN0000698,CUST02143,685.91,10,UPI,Hyderabad,Android,0,0,0,7,893,611.89,0,0
TXN0000699,CUST01995,1189.05,11,UPI,Gurugram,Android,0,0,0,3,1271,1813.33,1,0
TXN0000700,CUST01936,872.39,2,UPI,Jaipur,Android,0,0,0,2,1031,2316.3,0,0
TXN0000701,CUST00900,2465.1,0,UPI,Noida,iOS,0,0,1,2,97,3697.44,0,0
TXN0000702,CUST00360,1257.13,14,UPI,Bengaluru,Android,1,0,0,1,907,2220.22,1,0
TXN0000703,CUST01720,3734.3,6,Credit Card,Gurugram,Web,0,0,1,3,2365,663.32,1,0
TXN0000704,CUST00281,709.49,8,Net Banking,Delhi,Web,1,0,0,2,571,2547.02,0,0
TXN0000705,CUST01888,1879.15,20,Credit Card,Kolkata,iOS,0,0,0,2,290,1420.11,0,0
TXN0000706,CUST00667,3577.43,15,Credit Card,Kolkata,Android,0,0,1,1,59,1942.56,0,0
TXN0000707,CUST00093,228.2,17,Wallet,Mumbai,Android,0,0,1,6,216,1108.08,1,0
TXN0000708,CUST00672,15020.53,8,UPI,Kolkata,Android,0,0,0,2,529,2742.99,0,0
TXN0000709,CUST01970,1356.13,20,UPI,Kolkata,Android,1,0,0,7,325,2222.68,0,0
TXN0000710,CUST00061,237.58,20,UPI,Gurugram,Web,0,0,0,4,431,586.48,0,0
TXN0000711,CUST01029,2108.3,15,UPI,Pune,Android,0,0,0,6,690,1290.67,1,0
TXN0000712,CUST01490,1861.22,21,Credit Card,Jaipur,iOS,1,0,2,4,339,855.89,0,0
TXN0000713,CUST00604,1658.46,20,UPI,Jaipur,iOS,0,0,0,3,129,3043.79,1,0
TXN0000714,CUST00682,4850.0,18,Debit Card,Gurugram,Web,1,1,0,3,48,1611.81,1,0
TXN0000715,CUST01429,3800.88,18,UPI,Bengaluru,Android,0,0,0,6,325,1172.59,0,0
TXN0000716,CUST02281,2424.59,6,Wallet,Noida,iOS,0,0,0,6,1273,1477.47,0,0
TXN0000717,CUST00524,2823.4,10,Net Banking,Hyderabad,Web,0,0,1,2,682,2112.26,1,0
TXN0000718,CUST02394,1621.62,4,Net Banking,Delhi,Android,0,0,5,3,160,3424.4,1,1
TXN0000719,CUST01969,10625.72,0,Debit Card,Kolkata,Android,0,0,0,9,416,1078.3,0,0
TXN0000720,CUST01102,410.08,8,UPI,Bengaluru,Android,0,0,0,6,147,1903.17,0,0
TXN0000721,CUST01754,2069.77,20,Debit Card,Hyderabad,Android,0,1,1,5,89,1811.22,0,0
TXN0000722,CUST01837,1920.93,9,UPI,Bengaluru,Android,0,0,0,1,907,691.02,1,0
TXN0000723,CUST02297,4059.53,22,Wallet,Pune,Android,0,0,0,5,334,2271.68,0,0
TXN0000724,CUST02095,774.09,16,UPI,Jaipur,Android,1,0,2,4,34,1151.91,0,0
TXN0000725,CUST01145,314.78,9,UPI,Delhi,iOS,0,0,0,3,1022,7546.52,1,0
TXN0000726,CUST02262,2105.62,14,Wallet,Jaipur,Android,1,1,1,1,1651,865.07,0,0
TXN0000727,CUST02287,2384.57,9,UPI,Kolkata,Web,1,0,0,5,252,1184.87,0,0
TXN0000728,CUST01080,7983.57,23,UPI,Jaipur,Android,0,0,2,4,410,710.91,1,0
TXN0000729,CUST02398,505.31,20,UPI,Noida,iOS,0,0,0,4,853,745.76,1,0
TXN0000730,CUST00107,5711.49,1,Debit Card,Bengaluru,Android,0,0,0,8,22,1895.06,0,0
TXN0000731,CUST00048,19205.58,22,Credit Card,Gurugram,iOS,0,0,1,5,1491,4500.63,0,0
TXN0000732,CUST00337,1233.7,18,Debit Card,Mumbai,Android,0,1,0,2,3000,837.44,0,0
TXN0000733,CUST01050,495.02,5,Wallet,Jaipur,Android,0,0,0,3,422,1356.64,0,0
TXN0000734,CUST01281,1198.19,17,UPI,Jaipur,Web,0,1,1,3,457,2103.72,1,0
TXN0000735,CUST02056,1825.39,17,Credit Card,Gurugram,Web,0,0,1,3,439,1145.84,1,0
TXN0000736,CUST00625,3163.17,9,Debit Card,Chennai,Android,1,0,2,3,1043,2018.78,0,0
TXN0000737,CUST01891,996.4,18,Credit Card,Pune,Web,1,0,0,2,446,2219.15,1,0
TXN0000738,CUST01277,8524.85,5,UPI,Mumbai,Android,0,1,0,4,637,1152.48,1,0
TXN0000739,CUST01716,590.52,14,UPI,Chennai,Android,0,0,1,6,630,1741.1,0,0
TXN0000740,CUST00303,316.19,0,UPI,Pune,iOS,0,0,1,8,454,3305.04,0,0
TXN0000741,CUST00639,5443.91,22,UPI,Chennai,Android,1,0,0,3,1560,1232.26,0,0
TXN0000742,CUST00056,185.1,18,UPI,Hyderabad,Android,0,0,1,3,1149,1214.04,0,0
TXN0000743,CUST00726,1467.64,8,UPI,Noida,Android,1,0,1,4,44,1685.47,1,0
TXN0000744,CUST00526,40669.07,11,UPI,Mumbai,Android,0,0,1,4,315,2434.23,0,0
TXN0000745,CUST00474,1778.45,8,UPI,Delhi,Android,0,0,0,3,528,2692.13,1,0
TXN0000746,CUST00028,586.85,19,Debit Card,Mumbai,Android,0,0,0,3,922,531.43,0,0
TXN0000747,CUST02126,1699.59,3,Wallet,Hyderabad,Web,0,0,0,3,267,2969.29,0,0
TXN0000748,CUST00365,1710.84,20,UPI,Delhi,Android,1,0,1,3,572,900.32,0,0
TXN0000749,CUST00526,2113.69,22,Credit Card,Gurugram,Android,0,0,0,5,344,1124.3,1,0
TXN0000750,CUST01336,3490.52,17,Net Banking,Delhi,iOS,1,0,0,6,79,963.37,0,0
TXN0000751,CUST00883,636.78,9,Credit Card,Chennai,Android,1,0,0,4,3000,1147.73,0,0
TXN0000752,CUST01031,9731.18,11,Net Banking,Noida,Android,1,0,2,2,681,1872.42,0,0
TXN0000753,CUST01027,2299.98,14,UPI,Gurugram,Web,0,0,0,3,209,3697.33,0,0
TXN0000754,CUST01647,3723.19,16,Wallet,Gurugram,Web,0,0,2,2,640,7728.11,0,0
TXN0000755,CUST00919,960.44,17,Credit Card,Noida,Android,0,0,1,4,191,937.78,0,0
TXN0000756,CUST02411,6515.4,15,UPI,Pune,Web,1,0,0,4,762,697.99,0,0
TXN0000757,CUST01775,1391.99,11,Net Banking,Pune,Web,0,0,1,8,161,1203.85,1,0
TXN0000758,CUST01532,2375.81,21,Net Banking,Gurugram,iOS,0,1,1,3,2092,2321.23,0,0
TXN0000759,CUST01907,707.99,5,UPI,Mumbai,Android,1,0,0,6,472,1159.91,0,0
TXN0000760,CUST01216,664.22,13,Net Banking,Bengaluru,Android,0,0,0,4,980,5395.58,0,0
TXN0000761,CUST01655,3582.25,19,UPI,Pune,Android,0,0,1,3,735,357.93,1,0
TXN0000762,CUST00485,1155.09,3,Debit Card,Noida,iOS,0,0,0,3,1216,1786.61,1,0
TXN0000763,CUST02076,766.41,18,UPI,Kolkata,Web,1,0,1,5,1083,1172.69,1,0
TXN0000764,CUST00714,946.11,19,UPI,Noida,iOS,0,0,0,3,37,789.86,0,0
TXN0000765,CUST01063,3620.96,17,Debit Card,Chennai,Android,1,0,0,2,210,1851.93,0,0
TXN0000766,CUST01977,959.59,0,UPI,Gurugram,Android,0,0,2,3,489,631.13,0,1
TXN0000767,CUST01297,1600.2,8,UPI,Pune,Android,0,0,1,5,1073,2668.14,0,0
TXN0000768,CUST01255,1827.25,11,UPI,Jaipur,iOS,0,0,0,1,1253,4800.19,1,0
TXN0000769,CUST02134,264.59,9,UPI,Mumbai,Android,0,0,0,3,306,5710.56,0,0
TXN0000770,CUST00126,413.4,22,Debit Card,Pune,iOS,0,0,0,5,832,1526.73,0,0
TXN0000771,CUST00537,2519.51,17,UPI,Hyderabad,iOS,0,0,1,4,616,1989.09,0,0
TXN0000772,CUST02193,861.36,10,Debit Card,Chennai,Android,0,0,0,4,1491,2511.75,0,0
TXN0000773,CUST02073,5178.48,21,UPI,Chennai,Android,0,0,0,6,1208,2292.68,1,0
TXN0000774,CUST01604,4733.16,18,UPI,Delhi,Android,0,0,2,3,169,1844.12,1,0
TXN0000775,CUST00067,3694.91,10,UPI,Jaipur,Web,0,0,0,4,252,3797.65,0,0
TXN0000776,CUST00233,11106.81,12,Credit Card,Chennai,Android,0,0,0,4,192,914.69,0,0
TXN0000777,CUST02157,1656.48,8,UPI,Jaipur,Android,0,0,1,1,437,1671.11,0,0
TXN0000778,CUST01170,3444.12,22,UPI,Gurugram,iOS,0,0,0,5,41,825.81,0,0
TXN0000779,CUST02159,1003.39,14,UPI,Noida,Android,0,0,1,2,268,4913.11,1,0
TXN0000780,CUST02276,20908.52,21,Wallet,Noida,Android,1,0,0,3,1550,1198.73,1,0
TXN0000781,CUST00111,13084.4,11,UPI,Bengaluru,iOS,0,0,1,5,871,786.64,1,0
TXN0000782,CUST01494,1821.51,20,Debit Card,Gurugram,iOS,0,0,2,4,241,1076.8,1,0
TXN0000783,CUST02082,2649.51,3,UPI,Gurugram,Android,0,0,0,2,349,909.24,0,0
TXN0000784,CUST00623,7008.22,23,UPI,Jaipur,Android,0,0,1,4,744,1263.95,1,0
TXN0000785,CUST02473,1553.71,21,UPI,Kolkata,iOS,1,0,1,7,1617,1495.87,0,1
TXN0000786,CUST01542,933.48,11,UPI,Pune,iOS,0,0,1,6,886,377.26,0,0
TXN0000787,CUST01306,4313.62,19,Credit Card,Gurugram,Android,0,0,1,4,2342,1694.85,0,0
TXN0000788,CUST01762,1946.88,18,Net Banking,Pune,iOS,0,0,3,4,2930,965.46,1,0
TXN0000789,CUST01976,2161.45,21,UPI,Bengaluru,Web,0,0,1,7,127,293.51,0,0
TXN0000790,CUST02363,781.54,10,UPI,Pune,Android,0,0,0,6,15,1905.84,0,0
TXN0000791,CUST00877,323.07,13,UPI,Mumbai,Android,0,0,0,7,1091,2395.33,0,0
TXN0000792,CUST01990,2279.44,20,UPI,Mumbai,iOS,0,0,1,7,1338,1792.04,0,0
TXN0000793,CUST01313,4449.31,19,UPI,Kolkata,Android,0,0,1,3,362,937.51,1,0
TXN0000794,CUST01461,1436.17,12,Wallet,Noida,iOS,0,0,1,2,40,1241.02,0,0
TXN0000795,CUST02325,7570.17,20,UPI,Kolkata,Web,0,0,0,8,111,905.67,0,0
TXN0000796,CUST01734,890.36,2,Debit Card,Chennai,Web,0,0,0,1,73,2761.33,1,0
TXN0000797,CUST01606,626.93,19,UPI,Hyderabad,Android,0,0,2,2,117,861.1,0,0
TXN0000798,CUST01527,1682.96,8,UPI,Noida,Web,0,0,0,2,51,2986.77,1,0
TXN0000799,CUST02398,1657.31,10,UPI,Gurugram,Android,0,0,2,3,74,4750.66,0,0
TXN0000800,CUST01631,3887.46,14,UPI,Kolkata,Android,0,0,0,3,735,1831.14,0,0
TXN0000801,CUST01161,829.3,13,UPI,Delhi,Android,0,0,1,4,20,2684.38,0,0
TXN0000802,CUST00759,7070.14,15,UPI,Hyderabad,Web,0,0,1,4,1196,1394.81,1,0
TXN0000803,CUST00243,12867.49,15,UPI,Hyderabad,Android,0,0,0,2,1075,2054.04,0,0
TXN0000804,CUST01064,1730.9,11,Debit Card,Jaipur,Web,1,1,1,5,578,2049.61,0,0
TXN0000805,CUST00229,6280.8,8,UPI,Bengaluru,Android,1,0,0,8,1494,2035.15,0,0
TXN0000806,CUST00920,625.81,19,Debit Card,Hyderabad,iOS,0,0,1,3,56,3811.8,1,0
TXN0000807,CUST01247,5275.16,12,UPI,Gurugram,Android,0,0,1,6,177,6512.13,0,0
TXN0000808,CUST00006,5129.78,14,Wallet,Delhi,Android,0,0,0,4,392,1354.28,1,0
TXN0000809,CUST00468,4268.34,17,UPI,Mumbai,Web,1,0,1,6,88,1943.86,1,0
TXN0000810,CUST01756,1772.2,21,UPI,Kolkata,Android,1,0,0,3,590,515.26,0,0
TXN0000811,CUST00075,93.81,18,Net Banking,Gurugram,Android,0,0,1,3,1074,1070.44,0,0
TXN0000812,CUST00004,947.49,2,UPI,Kolkata,Web,0,1,0,4,1135,1909.46,0,0
TXN0000813,CUST01871,962.59,20,Credit Card,Delhi,Web,0,0,0,1,214,1433.14,0,0
TXN0000814,CUST00646,676.74,23,Credit Card,Kolkata,Android,0,0,1,5,97,4587.02,0,0
TXN0000815,CUST00118,2034.05,14,UPI,Pune,iOS,0,0,0,2,903,1355.36,0,0
TXN0000816,CUST01630,1183.91,22,Net Banking,Delhi,iOS,0,1,1,3,262,3400.35,0,0
TXN0000817,CUST02022,789.13,15,Debit Card,Delhi,Android,1,0,0,4,636,880.24,0,0
TXN0000818,CUST00947,624.37,13,Debit Card,Mumbai,Android,0,1,0,3,49,2570.04,0,0
TXN0000819,CUST01465,880.09,11,Net Banking,Pune,Android,0,0,0,4,403,2385.44,0,0
TXN0000820,CUST00194,5525.01,17,UPI,Hyderabad,Android,0,0,3,1,212,537.3,0,0
TXN0000821,CUST00847,929.38,9,UPI,Hyderabad,Android,1,0,0,4,679,1208.87,1,0
TXN0000822,CUST01416,1075.57,6,Debit Card,Pune,Android,0,0,1,3,566,4593.56,0,0
TXN0000823,CUST01459,1140.07,1,UPI,Gurugram,Android,0,0,0,4,362,2322.78,0,0
TXN0000824,CUST02221,2526.36,10,UPI,Delhi,Android,0,0,0,4,1619,3511.73,1,0
TXN0000825,CUST01669,2840.66,12,Credit Card,Mumbai,Android,0,0,0,2,472,759.39,0,0
TXN0000826,CUST02374,85.7,15,Wallet,Noida,Android,0,0,1,1,10,858.75,0,0
TXN0000827,CUST01434,4999.92,10,UPI,Noida,iOS,0,0,1,5,446,1030.79,1,0
TXN0000828,CUST01142,7569.71,23,Debit Card,Pune,Web,0,0,0,5,37,3017.44,0,0
TXN0000829,CUST01811,629.77,10,UPI,Pune,Android,0,0,2,2,1947,2510.6,0,0
TXN0000830,CUST00724,680.78,13,UPI,Noida,Android,0,0,0,6,812,910.55,1,0
TXN0000831,CUST00225,1147.44,6,Debit Card,Mumbai,iOS,0,0,0,3,10,1757.83,0,0
TXN0000832,CUST00532,845.17,9,Net Banking,Mumbai,Web,0,0,2,3,401,3445.83,0,0
TXN0000833,CUST00113,2251.76,2,UPI,Delhi,Android,0,0,0,3,1721,3345.96,0,0
TXN0000834,CUST02188,256.98,15,UPI,Pune,Android,0,0,0,2,960,1749.1,0,0
TXN0000835,CUST00559,588.52,18,UPI,Pune,Android,0,0,2,7,191,2288.42,1,0
TXN0000836,CUST02049,8389.52,8,Debit Card,Pune,iOS,0,0,3,3,677,2366.27,0,0
TXN0000837,CUST02138,711.46,11,UPI,Mumbai,Web,0,0,0,1,875,761.35,1,0
TXN0000838,CUST00654,6241.47,0,UPI,Kolkata,iOS,0,0,1,4,627,1120.87,0,0
TXN0000839,CUST00320,2567.99,20,Debit Card,Bengaluru,iOS,0,0,1,2,1359,6411.98,1,0
TXN0000840,CUST01574,294.79,19,UPI,Delhi,iOS,0,0,0,4,160,5126.41,1,0
TXN0000841,CUST01829,3397.76,4,UPI,Delhi,Android,0,0,0,4,823,1499.9,0,0
TXN0000842,CUST01918,1600.19,11,Wallet,Gurugram,iOS,1,0,0,4,555,1109.18,1,0
TXN0000843,CUST00139,1141.47,22,Wallet,Bengaluru,Android,0,0,0,3,2029,786.23,1,0
TXN0000844,CUST02027,2299.62,12,Net Banking,Noida,Android,0,1,0,3,691,11167.21,0,0
TXN0000845,CUST02307,2893.36,15,UPI,Jaipur,Android,1,0,0,1,340,1595.69,0,1
TXN0000846,CUST00902,3652.38,11,Wallet,Kolkata,iOS,0,0,0,2,74,2957.37,0,0
TXN0000847,CUST00690,5847.65,16,Debit Card,Mumbai,iOS,0,0,1,3,607,1592.37,0,0
TXN0000848,CUST02040,2707.22,23,UPI,Mumbai,iOS,0,0,0,4,1905,3095.38,0,0
TXN0000849,CUST00010,454.82,23,Credit Card,Hyderabad,Android,0,0,1,2,242,744.57,0,0
TXN0000850,CUST00261,1120.91,19,UPI,Mumbai,Android,0,0,0,1,642,1224.0,0,0
TXN0000851,CUST01943,34152.47,12,Debit Card,Chennai,Android,0,0,0,4,924,2218.42,1,0
TXN0000852,CUST01674,3714.62,14,Debit Card,Jaipur,Android,0,0,1,1,1248,4085.16,0,0
TXN0000853,CUST02220,19241.59,11,Debit Card,Kolkata,Android,1,0,1,3,870,1338.4,1,0
TXN0000854,CUST02061,7266.11,23,UPI,Mumbai,Android,0,0,1,3,321,1520.05,0,0
TXN0000855,CUST01192,2292.38,18,Credit Card,Gurugram,iOS,0,0,0,7,10,3532.0,0,0
TXN0000856,CUST01620,2433.17,13,UPI,Delhi,iOS,0,0,0,7,533,3132.1,1,0
TXN0000857,CUST00321,1735.35,0,Net Banking,Mumbai,Android,0,0,0,1,482,1742.81,1,0
TXN0000858,CUST01343,316.63,15,Debit Card,Kolkata,iOS,0,0,2,1,329,966.11,0,0
TXN0000859,CUST01637,1832.78,23,UPI,Chennai,Android,0,0,0,1,602,4389.58,0,0
TXN0000860,CUST02377,6040.35,15,UPI,Delhi,Android,1,0,1,3,25,754.44,1,0
TXN0000861,CUST01995,988.22,8,Debit Card,Hyderabad,Web,1,0,0,4,1438,3747.95,1,0
TXN0000862,CUST01944,2717.57,0,UPI,Noida,iOS,0,0,3,1,218,920.83,0,0
TXN0000863,CUST02039,4218.07,11,Debit Card,Chennai,Android,0,0,0,6,78,1237.77,0,0
TXN0000864,CUST01119,724.78,21,UPI,Mumbai,Web,0,0,1,4,131,1066.04,0,0
TXN0000865,CUST01605,1146.24,23,Credit Card,Gurugram,iOS,0,0,0,1,546,3204.25,0,0
TXN0000866,CUST02366,650.43,22,UPI,Delhi,Android,0,0,1,3,903,2274.57,1,0
TXN0000867,CUST00236,791.06,18,Credit Card,Delhi,iOS,0,1,1,3,102,1322.17,0,0
TXN0000868,CUST01970,496.68,15,Net Banking,Jaipur,Android,0,0,1,2,686,4344.52,0,0
TXN0000869,CUST00334,731.5,16,Credit Card,Chennai,iOS,0,0,0,4,98,1015.56,0,0
TXN0000870,CUST01909,7442.76,15,UPI,Gurugram,iOS,0,0,0,3,758,528.12,0,0
TXN0000871,CUST00376,720.59,18,Net Banking,Pune,Web,0,0,1,5,702,838.18,0,0
TXN0000872,CUST01161,2042.65,12,UPI,Chennai,Android,0,0,0,3,1180,1459.11,1,0
TXN0000873,CUST01571,1088.63,17,Debit Card,Pune,Android,1,0,0,7,660,1057.92,0,0
TXN0000874,CUST01320,5851.23,7,Credit Card,Pune,Web,0,0,1,6,41,1048.7,0,0
TXN0000875,CUST01856,6678.87,9,UPI,Gurugram,Android,0,0,0,3,1112,1600.84,1,1
TXN0000876,CUST01373,4271.04,20,UPI,Gurugram,Web,0,0,0,2,635,506.93,0,0
TXN0000877,CUST00873,2444.7,21,UPI,Chennai,Android,0,0,2,1,141,2185.67,0,0
TXN0000878,CUST01253,1428.65,15,Debit Card,Hyderabad,Android,0,0,2,4,1685,1298.58,1,0
TXN0000879,CUST02318,546.57,1,Wallet,Delhi,Android,0,0,0,2,1267,2241.04,0,0
TXN0000880,CUST01852,12570.03,21,UPI,Pune,iOS,0,0,0,4,331,968.88,0,1
TXN0000881,CUST01315,842.07,18,UPI,Kolkata,Android,0,0,1,2,537,1994.14,1,0
TXN0000882,CUST00725,3495.35,12,Wallet,Kolkata,Android,0,0,3,5,664,3545.72,0,0
TXN0000883,CUST02053,5193.21,16,Credit Card,Delhi,Android,0,0,0,4,1116,2569.09,1,0
TXN0000884,CUST00078,1033.04,13,UPI,Pune,Android,0,0,0,5,263,535.92,1,0
TXN0000885,CUST00132,5082.48,13,UPI,Noida,Android,0,0,2,4,679,4511.78,0,0
TXN0000886,CUST00601,3865.15,21,UPI,Bengaluru,Android,0,0,1,2,743,1858.85,1,0
TXN0000887,CUST01773,10132.52,8,Credit Card,Delhi,Android,0,0,0,5,276,1088.5,1,0
TXN0000888,CUST01066,1125.74,6,Credit Card,Kolkata,Android,0,0,0,3,331,1074.03,0,0
TXN0000889,CUST02137,497.54,0,UPI,Hyderabad,iOS,0,0,1,2,330,1780.23,0,0
TXN0000890,CUST02450,1085.78,10,Wallet,Chennai,Android,0,0,0,1,312,950.81,0,0
TXN0000891,CUST02344,2218.08,7,UPI,Mumbai,Android,0,0,0,6,465,1566.58,0,0
TXN0000892,CUST01864,1907.89,9,Credit Card,Kolkata,Android,1,0,0,3,27,5094.61,0,0
TXN0000893,CUST01319,1214.52,0,UPI,Delhi,Android,0,1,1,4,3000,485.04,0,0
TXN0000894,CUST00616,266.76,9,Debit Card,Hyderabad,Web,0,0,0,1,219,2134.92,0,0
TXN0000895,CUST02470,2881.38,11,UPI,Noida,Web,0,0,0,3,467,3265.62,0,0
TXN0000896,CUST01889,12937.51,1,UPI,Kolkata,Android,0,0,1,4,202,1451.39,1,0
TXN0000897,CUST01047,2863.48,16,Debit Card,Kolkata,iOS,0,0,1,2,1650,1844.69,1,0
TXN0000898,CUST00575,3309.91,15,UPI,Kolkata,iOS,0,0,1,3,2209,1870.82,1,0
TXN0000899,CUST02191,3190.67,6,Credit Card,Chennai,Web,0,0,1,3,2340,2426.0,0,0
TXN0000900,CUST00993,2677.37,16,Net Banking,Jaipur,Web,0,0,0,2,342,1951.0,0,0
TXN0000901,CUST02193,4569.72,23,Credit Card,Bengaluru,Android,0,0,0,4,557,2882.67,1,0
TXN0000902,CUST01249,2672.89,22,UPI,Jaipur,Web,0,0,0,4,1034,2519.67,0,0
TXN0000903,CUST00503,1316.67,0,UPI,Kolkata,Web,0,0,1,5,99,2740.13,0,0
TXN0000904,CUST01998,812.04,19,Debit Card,Noida,Android,0,0,3,2,288,1780.28,1,0
TXN0000905,CUST00821,1403.28,11,UPI,Kolkata,Android,0,0,0,3,219,833.4,0,0
TXN0000906,CUST02152,2464.32,4,Debit Card,Pune,iOS,1,0,0,4,401,618.08,0,0
TXN0000907,CUST01971,1312.2,10,Debit Card,Gurugram,Android,0,0,2,3,958,2173.56,0,0
TXN0000908,CUST00198,2464.84,11,Credit Card,Pune,iOS,0,0,1,4,593,1313.68,0,0
TXN0000909,CUST01670,2792.5,15,Debit Card,Chennai,Android,0,0,2,1,74,1249.77,0,0
TXN0000910,CUST02439,4141.12,17,UPI,Pune,Android,0,0,2,4,136,1761.76,1,0
TXN0000911,CUST01203,6492.07,18,Credit Card,Jaipur,Web,0,0,0,4,85,1032.96,0,0
TXN0000912,CUST01472,1946.04,9,Debit Card,Hyderabad,Web,0,1,1,2,147,1307.48,0,1
TXN0000913,CUST01647,486.76,11,UPI,Pune,Android,0,1,1,4,18,3096.78,1,0
TXN0000914,CUST01693,1274.66,10,UPI,Hyderabad,iOS,0,0,2,6,1285,1331.21,0,0
TXN0000915,CUST01313,1881.09,11,Credit Card,Chennai,Android,0,0,1,5,1115,1124.35,1,0
TXN0000916,CUST02036,287.08,23,Credit Card,Pune,iOS,0,0,0,2,485,1504.12,0,0
TXN0000917,CUST00478,7217.09,19,Credit Card,Delhi,Android,0,0,0,7,880,3465.3,0,0
TXN0000918,CUST01255,2075.42,23,Debit Card,Pune,iOS,1,0,1,4,3000,857.48,0,0
TXN0000919,CUST00923,2635.68,18,Credit Card,Pune,Android,1,1,1,5,523,4803.66,0,0
TXN0000920,CUST00420,7052.01,12,Wallet,Delhi,Web,1,0,1,3,570,1447.96,0,0
TXN0000921,CUST02205,958.53,12,Debit Card,Kolkata,iOS,0,0,0,4,1196,2629.45,0,0
TXN0000922,CUST01121,3195.77,14,UPI,Jaipur,Android,1,0,1,4,453,2370.05,1,0
TXN0000923,CUST00951,1612.72,12,UPI,Chennai,iOS,0,1,1,3,30,2378.48,1,0
TXN0000924,CUST02337,1497.35,20,Debit Card,Noida,Web,1,0,0,6,254,3172.57,0,0
TXN0000925,CUST01278,831.6,13,Wallet,Chennai,Android,0,1,2,3,759,949.69,0,1
TXN0000926,CUST02244,9519.95,10,UPI,Jaipur,Android,0,0,0,4,731,1783.07,1,0
TXN0000927,CUST01858,1236.5,19,Credit Card,Chennai,Web,0,0,0,2,3000,2018.77,0,0
TXN0000928,CUST00517,3622.81,20,UPI,Mumbai,iOS,1,0,1,1,811,1307.58,1,0
TXN0000929,CUST01659,276.04,13,UPI,Hyderabad,Web,0,0,0,1,44,1737.15,0,0
TXN0000930,CUST01866,5857.81,17,Debit Card,Hyderabad,Android,1,0,0,1,1858,3611.64,0,0
TXN0000931,CUST01142,5155.16,3,UPI,Jaipur,Web,0,0,2,5,18,1067.64,1,0
TXN0000932,CUST01933,1984.21,15,Debit Card,Jaipur,iOS,0,0,1,2,619,2829.66,0,0
TXN0000933,CUST00815,1434.54,2,Wallet,Noida,Web,0,0,1,1,177,1534.19,0,0
TXN0000934,CUST02276,2685.28,1,Net Banking,Bengaluru,iOS,0,0,1,5,169,1352.09,0,0
TXN0000935,CUST01901,17753.4,16,UPI,Delhi,Android,0,0,0,3,504,1335.11,1,0
TXN0000936,CUST02264,308.68,10,Debit Card,Kolkata,Android,1,0,1,2,17,960.73,0,0
TXN0000937,CUST02063,3934.62,18,Wallet,Gurugram,Android,1,0,0,6,197,2061.01,0,1
TXN0000938,CUST02095,723.37,21,UPI,Pune,Android,0,0,0,6,159,396.28,1,0
TXN0000939,CUST02372,1764.5,7,UPI,Mumbai,iOS,1,0,4,3,311,1117.45,0,0
TXN0000940,CUST00130,1404.82,18,Wallet,Mumbai,iOS,0,0,0,4,27,1620.56,0,0
TXN0000941,CUST00095,1172.89,14,UPI,Delhi,Android,0,0,1,3,235,827.15,0,0
TXN0000942,CUST01956,1781.26,7,Wallet,Pune,iOS,0,1,2,3,118,1727.39,0,0
TXN0000943,CUST00794,579.04,17,Credit Card,Noida,Android,0,0,0,2,138,1936.03,1,0
TXN0000944,CUST01835,5037.79,16,UPI,Delhi,Android,0,0,0,3,1062,1748.08,1,0
TXN0000945,CUST02117,299.29,14,UPI,Delhi,Android,0,0,1,2,3000,1592.91,0,0
TXN0000946,CUST01684,3088.09,21,UPI,Delhi,iOS,0,1,0,2,346,1663.57,0,0
TXN0000947,CUST00011,1298.55,15,UPI,Jaipur,Web,0,0,0,4,60,2197.56,0,0
TXN0000948,CUST01866,558.14,23,Credit Card,Chennai,Android,0,0,1,5,898,6379.58,1,0
TXN0000949,CUST00712,2203.77,14,Credit Card,Kolkata,Web,0,0,0,3,1078,1493.81,0,0
TXN0000950,CUST02071,379.4,7,Credit Card,Hyderabad,Android,0,0,0,5,208,681.23,0,0
TXN0000951,CUST00815,1872.92,14,UPI,Delhi,Web,0,0,0,6,360,1629.67,1,0
TXN0000952,CUST00346,433.84,8,Debit Card,Delhi,Web,0,1,0,3,262,2511.57,0,0
TXN0000953,CUST02350,2854.96,16,Credit Card,Jaipur,iOS,0,0,0,7,2160,2015.49,0,0
TXN0000954,CUST00363,714.22,18,Debit Card,Bengaluru,Android,0,0,1,2,1121,3771.84,0,0
TXN0000955,CUST02444,1146.59,13,Debit Card,Chennai,Android,1,0,1,3,191,969.26,1,0
TXN0000956,CUST02266,2415.09,6,UPI,Chennai,Android,0,0,1,4,662,1578.9,0,0
TXN0000957,CUST02189,831.31,14,UPI,Gurugram,iOS,0,0,0,2,584,870.63,0,0
TXN0000958,CUST00985,1698.63,5,Wallet,Gurugram,Android,0,0,0,2,395,3180.57,0,0
TXN0000959,CUST01640,396.12,17,Debit Card,Gurugram,Android,0,0,1,4,755,1770.43,1,0
TXN0000960,CUST00828,3382.66,19,UPI,Noida,Android,0,0,2,10,1057,444.07,0,0
TXN0000961,CUST00356,10513.92,22,Debit Card,Gurugram,Android,0,0,0,5,1752,916.06,0,0
TXN0000962,CUST01348,29370.64,7,UPI,Noida,Android,0,1,1,5,379,1526.75,0,1
TXN0000963,CUST01864,1971.82,15,UPI,Noida,Android,0,0,0,1,633,458.39,0,0
TXN0000964,CUST00127,3959.0,15,Credit Card,Noida,iOS,0,0,0,4,804,726.33,0,0
TXN0000965,CUST00604,303.36,21,UPI,Noida,Android,0,0,1,4,427,575.94,0,0
TXN0000966,CUST01929,8089.13,16,Net Banking,Chennai,iOS,0,1,2,3,1047,1663.22,1,0
TXN0000967,CUST01014,3911.87,7,Wallet,Jaipur,iOS,0,1,0,5,10,2007.61,1,0
TXN0000968,CUST00051,1109.44,13,Credit Card,Bengaluru,Android,1,0,1,3,716,861.13,0,0
TXN0000969,CUST01431,6202.59,17,UPI,Hyderabad,Android,0,1,0,2,117,1300.14,0,0
TXN0000970,CUST01793,1395.58,18,UPI,Gurugram,iOS,1,0,0,7,305,3241.43,0,0
TXN0000971,CUST01637,1138.56,20,UPI,Kolkata,Web,0,0,2,1,1043,990.64,0,0
TXN0000972,CUST01646,2895.4,8,Credit Card,Gurugram,Android,0,0,0,5,980,611.9,1,0
TXN0000973,CUST02468,621.53,22,UPI,Kolkata,Android,0,1,1,1,365,945.76,1,0
TXN0000974,CUST01206,4999.87,3,Credit Card,Noida,iOS,1,0,1,3,19,2078.13,0,0
TXN0000975,CUST01855,626.13,23,UPI,Bengaluru,Web,0,0,0,6,283,2421.99,0,0
TXN0000976,CUST00567,629.85,20,Net Banking,Noida,Web,0,0,0,3,250,3362.22,0,0
TXN0000977,CUST02419,724.77,17,Wallet,Hyderabad,Android,0,0,2,4,134,451.77,0,1
TXN0000978,CUST00936,3846.97,18,Credit Card,Pune,Android,0,0,0,3,84,2457.94,0,0
TXN0000979,CUST01935,971.43,4,Credit Card,Delhi,iOS,0,0,0,4,228,799.19,0,0
TXN0000980,CUST01333,467.57,2,UPI,Mumbai,Android,0,0,1,2,317,3081.28,0,0
TXN0000981,CUST00202,982.27,6,UPI,Kolkata,Android,0,0,2,2,779,1866.33,0,0
TXN0000982,CUST02361,1743.24,6,Wallet,Pune,iOS,0,0,0,5,503,1293.65,0,0
TXN0000983,CUST00117,552.56,15,Debit Card,Jaipur,iOS,0,0,1,3,496,985.26,0,0
TXN0000984,CUST00937,568.99,9,UPI,Chennai,iOS,1,0,2,5,1128,394.27,0,0
TXN0000985,CUST00575,14866.09,20,Credit Card,Kolkata,Android,0,0,1,7,1390,1085.0,0,0
TXN0000986,CUST02292,761.26,13,Wallet,Mumbai,Web,0,0,0,8,305,1228.13,0,0
TXN0000987,CUST00537,1303.1,18,UPI,Jaipur,Android,0,0,1,3,1111,2877.52,1,0
TXN0000988,CUST01626,1246.76,17,UPI,Hyderabad,Android,0,0,2,4,1030,1801.71,0,0
TXN0000989,CUST02123,1181.08,10,Net Banking,Chennai,iOS,0,0,0,1,153,1432.41,0,0
TXN0000990,CUST00386,3350.58,9,UPI,Noida,Web,0,0,1,5,30,14166.79,1,0
TXN0000991,CUST00475,4645.64,11,UPI,Pune,iOS,0,0,2,1,1529,938.15,0,0
TXN0000992,CUST00418,1325.56,19,UPI,Pune,iOS,0,0,0,7,2521,2412.05,1,0
TXN0000993,CUST02395,522.73,16,Wallet,Chennai,Android,1,0,0,5,546,6673.04,1,0
TXN0000994,CUST00939,6438.06,9,Debit Card,Jaipur,Android,0,0,2,6,251,1977.41,0,0
TXN0000995,CUST00955,1636.31,19,UPI,Chennai,iOS,0,0,2,3,649,1546.3,1,0
TXN0000996,CUST00876,10156.45,3,UPI,Delhi,Android,1,0,2,3,32,1832.01,0,0
TXN0000997,CUST00763,190.56,18,UPI,Hyderabad,Web,0,0,0,5,836,1783.62,1,0
TXN0000998,CUST01203,2188.44,13,UPI,Gurugram,Android,0,0,3,5,139,955.16,0,0
TXN0000999,CUST01206,12260.63,18,UPI,Mumbai,Android,0,0,0,2,60,4214.97,0,0
TXN0001000,CUST00664,1264.3,21,UPI,Pune,Android,1,0,0,1,1385,2872.25,0,0
TXN0001001,CUST00025,1436.62,18,UPI,Mumbai,Android,0,1,2,3,490,1360.73,1,0
TXN0001002,CUST01991,2418.86,13,Net Banking,Gurugram,Android,1,0,0,2,404,1335.41,0,0
TXN0001003,CUST01204,1029.42,8,UPI,Chennai,Android,0,1,0,4,575,1785.55,0,0
TXN0001004,CUST00710,1317.47,19,UPI,Gurugram,Android,0,0,0,3,3000,2298.84,0,0
TXN0001005,CUST01880,1283.99,13,UPI,Jaipur,Web,0,0,3,4,128,2968.74,0,0
TXN0001006,CUST01185,961.14,5,Debit Card,Chennai,Android,0,0,0,5,142,1235.8,0,0
TXN0001007,CUST02225,6151.18,18,UPI,Gurugram,iOS,1,1,0,6,735,839.83,1,1
TXN0001008,CUST00285,2854.41,10,Credit Card,Mumbai,Android,0,0,0,2,1049,1672.31,1,0
TXN0001009,CUST00063,2312.7,2,Debit Card,Kolkata,iOS,0,0,0,4,1655,2381.96,0,0
TXN0001010,CUST01003,4040.46,21,Net Banking,Noida,iOS,0,0,2,7,964,2169.35,1,0
TXN0001011,CUST00662,1381.86,14,Debit Card,Bengaluru,iOS,0,0,0,4,445,1142.28,0,0
TXN0001012,CUST02204,829.93,10,UPI,Delhi,Android,0,0,0,3,751,1233.09,0,0
TXN0001013,CUST01493,985.27,18,UPI,Mumbai,iOS,0,0,2,3,457,1135.24,0,0
TXN0001014,CUST00967,1803.21,20,Debit Card,Jaipur,Android,0,0,1,7,640,1902.37,1,0
TXN0001015,CUST00849,624.11,0,UPI,Chennai,iOS,0,0,0,1,48,378.61,0,0
TXN0001016,CUST01108,1091.47,17,UPI,Gurugram,Android,0,0,0,4,622,2823.45,1,0
TXN0001017,CUST00689,1074.3,19,Net Banking,Chennai,Android,0,0,0,3,229,1136.26,1,0
TXN0001018,CUST00148,15064.53,9,Debit Card,Delhi,iOS,0,0,1,3,464,426.89,0,0
TXN0001019,CUST00342,112.36,14,Debit Card,Delhi,Android,0,0,0,4,86,1855.19,0,0
TXN0001020,CUST01087,1504.06,6,Wallet,Mumbai,Web,1,0,1,1,477,1473.82,0,0
TXN0001021,CUST01725,10109.55,18,Credit Card,Delhi,Android,1,0,0,7,656,522.14,0,0
TXN0001022,CUST01384,2033.24,20,Debit Card,Noida,Web,0,0,0,5,134,1219.72,0,0
TXN0001023,CUST00327,3823.64,6,UPI,Mumbai,Android,0,0,0,5,61,3615.2,0,0
TXN0001024,CUST01793,1988.96,19,Net Banking,Noida,Android,0,0,1,6,283,1017.64,0,0
TXN0001025,CUST01760,923.53,19,UPI,Chennai,Android,0,0,0,2,363,1735.88,0,0
TXN0001026,CUST00990,191.26,11,Credit Card,Delhi,Android,0,1,1,1,611,5358.25,0,0
TXN0001027,CUST02263,2210.55,17,UPI,Hyderabad,Android,0,0,0,2,117,2616.15,0,0
TXN0001028,CUST02483,828.76,0,UPI,Mumbai,Android,0,0,0,1,380,3858.08,0,0
TXN0001029,CUST00952,808.52,21,Credit Card,Pune,Android,1,0,0,9,1489,2125.81,0,0
TXN0001030,CUST00723,1092.86,15,UPI,Chennai,Android,0,0,2,2,322,843.96,0,0
TXN0001031,CUST02080,10305.19,16,Credit Card,Gurugram,Android,0,0,1,2,113,1672.0,0,0
TXN0001032,CUST02333,19937.94,17,Credit Card,Bengaluru,Android,0,0,0,6,1105,2033.36,0,0
TXN0001033,CUST00429,2236.68,15,Credit Card,Chennai,iOS,0,1,0,1,330,1117.54,0,0
TXN0001034,CUST01501,1130.91,20,UPI,Jaipur,Android,0,0,1,3,597,1148.85,0,0
TXN0001035,CUST00286,554.64,16,UPI,Kolkata,Web,0,0,1,7,1278,2346.14,0,0
TXN0001036,CUST02066,2875.79,21,Debit Card,Gurugram,Android,0,0,0,1,584,887.79,0,0
TXN0001037,CUST00769,10704.8,16,UPI,Bengaluru,iOS,0,0,2,5,1112,1240.85,1,0
TXN0001038,CUST01395,1405.57,8,UPI,Hyderabad,Android,0,0,1,6,631,2021.1,1,0
TXN0001039,CUST00194,166.76,21,Credit Card,Delhi,iOS,0,0,2,5,1010,612.96,0,0
TXN0001040,CUST00988,3517.8,17,Wallet,Mumbai,Android,1,0,1,1,365,880.24,0,0
TXN0001041,CUST01137,4821.99,18,Credit Card,Bengaluru,Web,1,0,0,3,2345,1772.59,0,0
TXN0001042,CUST02162,368.59,23,UPI,Jaipur,Web,0,0,2,3,469,4713.43,0,0
TXN0001043,CUST01702,2147.43,5,Wallet,Kolkata,iOS,1,0,0,2,687,920.86,0,0
TXN0001044,CUST00947,2826.43,13,Debit Card,Kolkata,iOS,0,0,0,1,127,1296.75,0,0
TXN0001045,CUST00831,1673.1,9,Debit Card,Delhi,iOS,0,0,1,5,318,1325.0,1,0
TXN0001046,CUST01921,816.29,17,UPI,Gurugram,Android,0,0,0,1,376,7838.29,0,0
TXN0001047,CUST00055,4971.51,19,Debit Card,Bengaluru,iOS,1,0,3,7,1050,2149.96,0,0
TXN0001048,CUST00800,1202.51,22,UPI,Bengaluru,Android,1,0,0,1,891,1550.77,1,0
TXN0001049,CUST00778,407.63,13,Debit Card,Mumbai,iOS,0,0,1,5,469,1695.31,0,0
TXN0001050,CUST01482,231.84,19,Wallet,Bengaluru,Android,0,0,1,4,981,1133.91,0,0
TXN0001051,CUST01902,6351.15,21,Wallet,Pune,Android,0,0,0,3,999,1175.18,0,0
TXN0001052,CUST02210,3334.93,17,UPI,Jaipur,Android,0,0,1,3,646,2251.72,1,0
TXN0001053,CUST02135,1965.53,9,Debit Card,Hyderabad,Android,0,1,0,1,1714,3823.26,0,0
TXN0001054,CUST00055,1158.95,16,UPI,Mumbai,iOS,1,1,0,3,1165,1673.5,0,0
TXN0001055,CUST01824,1060.55,22,UPI,Noida,Android,0,0,2,4,147,8974.74,0,0
TXN0001056,CUST01202,613.88,23,Credit Card,Delhi,Web,0,0,1,5,253,1459.55,0,0
TXN0001057,CUST00833,1169.21,17,Credit Card,Jaipur,Android,0,0,0,5,81,1606.11,0,0
TXN0001058,CUST00313,216.04,21,UPI,Noida,iOS,0,0,2,5,330,1363.33,0,0
TXN0001059,CUST01859,862.19,8,UPI,Mumbai,Web,0,0,1,2,249,916.64,0,0
TXN0001060,CUST02008,1318.97,9,UPI,Gurugram,Android,0,0,1,6,919,1546.43,0,0
TXN0001061,CUST02007,3312.38,22,Credit Card,Hyderabad,iOS,0,0,0,2,978,2620.96,1,0
TXN0001062,CUST02491,1729.55,7,Debit Card,Hyderabad,Android,0,0,3,1,366,888.47,0,0
TXN0001063,CUST01791,3985.69,8,Debit Card,Kolkata,Android,0,0,0,1,427,4422.67,0,0
TXN0001064,CUST00328,6937.36,13,UPI,Bengaluru,Android,0,0,1,5,1249,3467.77,0,0
TXN0001065,CUST01288,5185.97,16,Net Banking,Jaipur,iOS,0,0,1,6,452,3362.17,0,0
TXN0001066,CUST02144,2881.46,16,Debit Card,Bengaluru,Android,0,0,0,3,1610,2630.08,0,0
TXN0001067,CUST01112,1821.48,10,Debit Card,Hyderabad,Android,0,0,2,2,1083,1201.15,0,0
TXN0001068,CUST01312,675.03,21,Debit Card,Jaipur,Android,0,0,3,4,361,1655.54,1,0
TXN0001069,CUST00452,3772.47,21,Net Banking,Bengaluru,Android,0,0,0,2,1640,3638.11,0,0
TXN0001070,CUST01524,9655.56,12,Debit Card,Jaipur,iOS,1,0,0,4,919,1721.97,0,0
TXN0001071,CUST00165,2534.24,13,Credit Card,Noida,Android,0,0,1,4,1891,753.6,1,0
TXN0001072,CUST00182,12244.12,18,UPI,Gurugram,Android,0,0,1,3,140,1892.49,0,0
TXN0001073,CUST00910,391.49,17,Debit Card,Chennai,Android,0,0,1,3,704,1579.58,0,0
TXN0001074,CUST00823,567.58,12,Credit Card,Bengaluru,Android,0,0,0,3,1521,621.31,0,0
TXN0001075,CUST00944,4233.33,12,Credit Card,Kolkata,Web,0,0,1,5,10,2326.79,0,0
TXN0001076,CUST02002,2344.51,11,UPI,Bengaluru,iOS,0,0,1,1,61,1703.26,0,0
TXN0001077,CUST02055,6696.39,9,UPI,Pune,Web,0,0,0,3,77,1400.24,1,0
TXN0001078,CUST00330,1772.37,13,Credit Card,Hyderabad,Android,0,0,0,5,312,561.85,0,0
TXN0001079,CUST00775,755.64,17,Debit Card,Kolkata,iOS,0,0,1,3,1248,3411.57,0,0
TXN0001080,CUST02199,1453.82,18,Debit Card,Pune,iOS,0,0,2,4,391,904.08,0,0
TXN0001081,CUST00147,388.72,19,UPI,Kolkata,iOS,0,1,1,1,50,7402.5,1,0
TXN0001082,CUST00915,582.28,12,UPI,Hyderabad,Web,0,0,2,2,147,2801.93,0,0
TXN0001083,CUST01572,4759.92,19,UPI,Pune,Android,0,0,0,2,258,3868.87,0,0
TXN0001084,CUST01309,4308.43,0,UPI,Jaipur,Android,1,0,2,5,1277,1751.26,0,0
TXN0001085,CUST00082,2587.76,14,UPI,Kolkata,Web,0,0,0,4,134,1993.9,0,0
TXN0001086,CUST00514,321.97,19,Debit Card,Jaipur,Android,0,0,1,4,730,1309.83,1,0
TXN0001087,CUST01921,1257.82,16,Wallet,Noida,Android,0,0,0,2,1135,1890.86,0,0
TXN0001088,CUST01940,528.76,14,UPI,Jaipur,Android,0,0,2,3,431,869.24,0,0
TXN0001089,CUST00746,5837.6,17,Credit Card,Gurugram,Android,1,0,1,1,573,325.49,1,0
TXN0001090,CUST01410,1004.07,21,Debit Card,Bengaluru,Android,0,0,0,3,465,1501.15,0,0
TXN0001091,CUST00707,607.77,15,Net Banking,Chennai,Web,0,0,0,4,859,531.42,0,0
TXN0001092,CUST00471,1854.44,19,Wallet,Jaipur,Android,0,1,1,6,443,1825.72,0,0
TXN0001093,CUST00396,948.98,23,UPI,Bengaluru,iOS,0,0,0,1,1715,1196.26,0,0
TXN0001094,CUST01556,7936.96,18,UPI,Chennai,Android,1,1,1,3,1202,1504.25,0,0
TXN0001095,CUST02309,863.27,16,UPI,Mumbai,Android,0,0,0,2,831,1182.65,0,0
TXN0001096,CUST00805,444.22,1,Credit Card,Bengaluru,Android,0,0,3,3,242,3165.83,0,0
TXN0001097,CUST00934,209.06,12,Debit Card,Kolkata,iOS,0,0,0,5,554,927.59,0,0
TXN0001098,CUST01280,1745.43,15,UPI,Noida,Android,0,1,0,1,82,3606.38,0,0
TXN0001099,CUST01758,1026.19,19,Debit Card,Chennai,iOS,1,0,0,4,302,1806.56,0,0
TXN0001100,CUST00905,431.23,13,UPI,Bengaluru,iOS,0,1,2,1,467,711.91,1,0
TXN0001101,CUST01077,5912.17,22,Net Banking,Hyderabad,Android,0,0,0,6,255,1117.47,0,0
TXN0001102,CUST01891,3507.95,10,UPI,Bengaluru,Android,0,0,1,2,57,596.38,1,0
TXN0001103,CUST01524,1749.92,18,UPI,Bengaluru,Android,0,0,0,6,224,652.27,0,0
TXN0001104,CUST01388,7043.55,12,UPI,Gurugram,Android,0,0,0,3,1534,1121.04,0,0
TXN0001105,CUST01304,3491.47,14,UPI,Hyderabad,Web,0,0,2,5,564,2146.94,1,0
TXN0001106,CUST00593,790.52,19,Debit Card,Pune,iOS,0,0,0,6,131,5311.0,0,0
TXN0001107,CUST02107,636.71,10,UPI,Bengaluru,Android,0,0,0,6,953,1967.66,0,0
TXN0001108,CUST00128,4078.66,6,Debit Card,Noida,Web,0,0,0,4,1417,1399.24,1,0
TXN0001109,CUST00736,2675.55,15,UPI,Hyderabad,Android,1,0,2,2,491,1026.49,0,0
TXN0001110,CUST00521,2133.01,15,UPI,Noida,Android,0,1,0,3,340,307.42,0,0
TXN0001111,CUST00237,772.05,19,Debit Card,Mumbai,iOS,0,0,1,4,267,977.41,1,0
TXN0001112,CUST01305,3305.98,22,Net Banking,Gurugram,Android,0,0,0,4,108,1537.44,0,0
TXN0001113,CUST01782,845.6,3,UPI,Mumbai,Web,0,0,0,4,34,2414.23,0,1
TXN0001114,CUST01302,1625.47,16,Net Banking,Bengaluru,Android,0,0,2,1,146,2669.49,0,0
TXN0001115,CUST02052,7650.19,17,Credit Card,Bengaluru,Android,0,0,0,5,396,1075.3,0,0
TXN0001116,CUST00442,929.56,23,UPI,Chennai,Android,0,0,0,5,31,2658.93,0,0
TXN0001117,CUST02077,373.36,22,Debit Card,Bengaluru,Android,0,0,0,3,2322,6524.05,0,0
TXN0001118,CUST00805,628.29,18,UPI,Noida,iOS,0,0,1,7,712,4872.6,0,0
TXN0001119,CUST00075,4865.09,15,UPI,Jaipur,Web,0,1,0,2,252,4962.41,0,0
TXN0001120,CUST02176,2322.21,8,Credit Card,Kolkata,iOS,1,0,1,3,335,1188.22,1,0
TXN0001121,CUST02090,1582.35,12,UPI,Delhi,iOS,0,1,0,4,2687,757.84,1,0
TXN0001122,CUST01380,1081.87,16,UPI,Pune,Android,0,0,0,2,261,709.26,0,0
TXN0001123,CUST00041,2924.57,18,UPI,Mumbai,Android,0,0,1,4,100,2240.2,0,0
TXN0001124,CUST02082,770.04,17,Debit Card,Noida,iOS,0,0,1,4,342,6535.43,0,0
TXN0001125,CUST01701,2443.55,18,Debit Card,Jaipur,Web,0,1,1,4,132,1390.63,1,0
TXN0001126,CUST01402,866.35,13,UPI,Noida,iOS,0,0,1,2,531,1216.44,0,0
TXN0001127,CUST00588,733.54,18,Wallet,Kolkata,Android,0,0,1,5,287,4752.9,0,0
TXN0001128,CUST01623,951.51,7,UPI,Noida,iOS,0,0,1,3,184,2143.02,1,0
TXN0001129,CUST00342,1236.62,8,Debit Card,Delhi,Android,1,0,0,2,207,2216.49,0,0
TXN0001130,CUST02075,1714.22,8,Wallet,Noida,Android,0,0,2,4,1964,1680.31,1,0
TXN0001131,CUST00646,2277.87,21,Debit Card,Delhi,iOS,0,0,0,3,284,2545.57,0,0
TXN0001132,CUST00731,50.0,5,Credit Card,Bengaluru,Android,0,0,1,4,1669,1146.02,0,0
TXN0001133,CUST00168,802.63,19,Debit Card,Hyderabad,Android,0,0,0,1,481,1342.08,1,0
TXN0001134,CUST00610,1216.79,9,UPI,Bengaluru,iOS,0,0,0,7,496,1744.32,0,0
TXN0001135,CUST02316,8107.98,13,Credit Card,Mumbai,Android,1,0,1,1,52,4172.43,1,0
TXN0001136,CUST01773,611.27,21,UPI,Bengaluru,Android,0,0,0,2,2271,2140.58,1,0
TXN0001137,CUST02041,2118.24,16,UPI,Gurugram,iOS,1,0,2,3,446,5646.03,0,0
TXN0001138,CUST00455,8027.05,9,UPI,Mumbai,Android,0,1,0,3,1144,1219.31,0,0
TXN0001139,CUST01709,484.24,10,UPI,Chennai,iOS,0,1,1,2,699,1947.0,0,0
TXN0001140,CUST00702,2669.15,21,Credit Card,Bengaluru,Android,0,0,0,3,400,436.37,0,0
TXN0001141,CUST01600,806.96,13,Wallet,Gurugram,Web,0,0,1,8,703,2393.68,0,0
TXN0001142,CUST00130,1086.71,16,UPI,Kolkata,Web,0,0,1,8,69,309.7,0,0
TXN0001143,CUST01846,806.28,13,UPI,Jaipur,Android,1,0,0,1,35,3447.65,1,0
TXN0001144,CUST01387,865.83,12,UPI,Bengaluru,Android,0,0,0,1,263,3225.54,0,0
TXN0001145,CUST00693,27376.88,9,Debit Card,Mumbai,iOS,0,0,1,3,127,1165.34,1,0
TXN0001146,CUST01395,4188.08,17,UPI,Mumbai,Android,0,0,3,2,1299,732.49,0,0
TXN0001147,CUST00794,5416.9,18,UPI,Chennai,iOS,0,0,2,2,214,904.46,0,0
TXN0001148,CUST00029,2944.03,10,Credit Card,Gurugram,Android,0,1,0,5,650,673.9,0,0
TXN0001149,CUST00149,361.15,19,Debit Card,Mumbai,iOS,0,0,1,3,1453,1258.22,0,0
TXN0001150,CUST01320,2671.78,20,UPI,Mumbai,Android,0,0,1,2,38,1481.75,0,0
TXN0001151,CUST02059,5263.08,21,UPI,Noida,Android,1,0,0,3,740,1311.83,0,0
TXN0001152,CUST01137,766.74,8,Debit Card,Bengaluru,Web,0,0,0,3,10,3507.3,1,0
TXN0001153,CUST00187,4726.16,10,UPI,Bengaluru,Android,0,0,1,5,1175,1923.73,0,0
TXN0001154,CUST01251,3640.51,20,UPI,Pune,iOS,0,0,0,1,2510,2565.77,0,0
TXN0001155,CUST01334,11471.05,8,Credit Card,Pune,iOS,0,0,1,2,157,1545.6,0,0
TXN0001156,CUST00098,1185.31,0,Net Banking,Pune,Android,0,0,0,2,105,1161.6,1,0
TXN0001157,CUST00055,600.6,20,UPI,Chennai,iOS,0,0,0,3,414,998.39,0,0
TXN0001158,CUST00758,1253.77,11,Credit Card,Hyderabad,Android,0,0,1,4,1814,759.45,0,0
TXN0001159,CUST00406,7563.68,12,UPI,Gurugram,iOS,0,0,0,3,213,3752.22,1,0
TXN0001160,CUST02117,289.21,13,Wallet,Hyderabad,iOS,0,0,1,4,229,1032.7,0,0
TXN0001161,CUST01313,227.5,20,UPI,Delhi,Android,0,0,1,3,580,1685.4,0,0
TXN0001162,CUST01786,1968.32,11,Credit Card,Noida,Android,0,0,4,2,753,2731.74,1,0
TXN0001163,CUST00751,1156.27,21,Debit Card,Noida,iOS,0,0,1,8,468,1436.63,0,0
TXN0001164,CUST01763,1813.96,16,Net Banking,Bengaluru,iOS,0,0,0,5,151,847.76,0,0
TXN0001165,CUST00365,4632.51,15,Debit Card,Gurugram,iOS,0,0,0,3,1397,1219.21,0,0
TXN0001166,CUST02027,1035.84,11,UPI,Kolkata,Android,0,0,1,2,443,5141.63,0,0
TXN0001167,CUST00482,276.59,9,UPI,Kolkata,iOS,1,0,0,1,1755,2523.65,0,0
TXN0001168,CUST02249,13905.27,16,UPI,Chennai,Android,0,0,1,1,388,940.12,1,0
TXN0001169,CUST00154,664.02,13,Credit Card,Bengaluru,iOS,0,0,1,5,88,2434.52,1,0
TXN0001170,CUST01525,624.22,21,Debit Card,Jaipur,Android,0,0,1,1,274,2629.22,0,0
TXN0001171,CUST02121,5427.65,14,Debit Card,Chennai,Android,0,0,0,6,470,6001.53,1,0
TXN0001172,CUST02344,1225.44,14,UPI,Bengaluru,iOS,0,0,0,2,128,2885.18,0,0
TXN0001173,CUST01041,1689.44,12,Debit Card,Bengaluru,Android,0,0,0,5,312,2322.69,1,0
TXN0001174,CUST01665,2917.06,19,Wallet,Delhi,Web,0,0,0,2,67,1858.19,0,0
TXN0001175,CUST01241,5319.45,13,Wallet,Hyderabad,iOS,0,0,1,5,1337,1861.96,1,0
TXN0001176,CUST00061,1289.59,10,Debit Card,Gurugram,Web,0,1,1,1,1894,744.2,0,0
TXN0001177,CUST00939,8229.61,20,Credit Card,Pune,Android,0,0,0,3,365,586.45,1,0
TXN0001178,CUST01640,212.67,16,Credit Card,Pune,Android,1,0,2,2,1351,1562.56,0,0
TXN0001179,CUST02090,3848.08,16,UPI,Pune,iOS,0,0,0,2,117,2854.03,0,0
TXN0001180,CUST00025,777.45,16,UPI,Chennai,Android,1,1,0,3,43,1040.26,1,0
TXN0001181,CUST01063,7099.74,18,Credit Card,Mumbai,Android,0,0,1,7,237,930.54,0,0
TXN0001182,CUST00131,2074.73,10,UPI,Chennai,iOS,0,0,1,2,163,859.27,1,0
TXN0001183,CUST01253,918.4,1,Credit Card,Jaipur,iOS,1,0,0,6,161,1701.52,0,0
TXN0001184,CUST00108,3492.53,19,Credit Card,Bengaluru,Android,0,0,0,1,904,843.65,0,0
TXN0001185,CUST00172,4397.23,7,Credit Card,Jaipur,iOS,0,0,1,2,1011,7298.98,1,0
TXN0001186,CUST01459,3420.14,18,UPI,Mumbai,Android,0,0,2,5,497,939.31,0,0
TXN0001187,CUST00102,642.81,5,UPI,Hyderabad,iOS,0,0,0,4,768,4471.79,1,0
TXN0001188,CUST02323,1109.34,12,UPI,Jaipur,Android,1,0,2,6,199,3835.05,0,0
TXN0001189,CUST01637,1792.68,4,UPI,Gurugram,Android,0,0,1,7,718,1326.0,0,0
TXN0001190,CUST01041,1727.24,15,Net Banking,Kolkata,iOS,1,0,0,4,842,1477.84,0,0
TXN0001191,CUST00330,3809.63,17,UPI,Jaipur,iOS,0,0,0,5,1726,3676.9,0,0
TXN0001192,CUST01521,240.0,8,UPI,Gurugram,Android,0,0,1,4,54,873.03,0,0
TXN0001193,CUST00012,2514.6,12,UPI,Bengaluru,iOS,0,0,1,3,1126,2202.63,0,0
TXN0001194,CUST01342,1346.9,21,Credit Card,Mumbai,Android,0,0,0,6,105,358.75,0,0
TXN0001195,CUST00216,778.24,13,Credit Card,Gurugram,Web,0,0,2,4,335,1407.9,1,0
TXN0001196,CUST00339,856.67,19,UPI,Pune,iOS,0,0,1,5,10,2522.45,0,0
TXN0001197,CUST01800,1452.45,21,Wallet,Jaipur,iOS,0,0,1,3,1835,624.27,1,0
TXN0001198,CUST01751,50.0,23,Debit Card,Hyderabad,Android,1,0,3,4,1983,1934.7,0,0
TXN0001199,CUST01509,892.7,21,UPI,Hyderabad,Android,1,0,0,3,1893,613.65,0,0
TXN0001200,CUST02422,749.74,10,Credit Card,Jaipur,Android,0,1,0,4,56,1185.26,0,0
TXN0001201,CUST00710,3066.6,22,UPI,Jaipur,Android,0,0,1,4,222,7231.69,1,0
TXN0001202,CUST01224,804.33,19,UPI,Pune,Android,1,0,0,4,305,3384.91,0,0
TXN0001203,CUST01113,1451.61,20,Debit Card,Kolkata,Android,0,0,1,4,2309,1861.86,0,0
TXN0001204,CUST01292,8415.4,0,UPI,Jaipur,iOS,0,0,0,6,925,1399.49,0,0
TXN0001205,CUST00489,4865.35,22,UPI,Chennai,Android,0,1,1,7,625,1315.61,0,0
TXN0001206,CUST01562,4437.35,19,UPI,Noida,Web,0,0,1,6,291,663.31,0,0
TXN0001207,CUST00047,1091.89,19,UPI,Jaipur,Android,0,0,0,1,2203,1237.8,0,0
TXN0001208,CUST00778,3098.19,5,Wallet,Delhi,Web,0,0,0,4,746,1213.25,0,0
TXN0001209,CUST01040,1424.6,9,UPI,Delhi,Web,0,1,2,2,440,7917.93,0,0
TXN0001210,CUST00711,1479.48,22,UPI,Hyderabad,Android,0,0,1,5,436,1346.05,0,0
TXN0001211,CUST00401,2711.42,14,Credit Card,Noida,Web,0,0,1,4,47,1079.51,1,0
TXN0001212,CUST01818,990.84,12,UPI,Noida,Web,0,0,1,2,285,1376.7,0,0
TXN0001213,CUST00250,8010.79,20,UPI,Pune,Android,0,0,2,6,88,2372.67,0,0
TXN0001214,CUST00391,1533.66,6,UPI,Chennai,Web,0,0,2,3,803,1931.92,0,0
TXN0001215,CUST00335,3340.59,12,UPI,Jaipur,Android,0,1,1,4,1255,2553.3,0,0
TXN0001216,CUST00629,7716.7,12,UPI,Jaipur,Android,0,0,0,4,1602,4561.35,0,0
TXN0001217,CUST00137,5050.26,11,UPI,Mumbai,iOS,1,0,0,3,2270,1458.65,0,0
TXN0001218,CUST01522,439.93,10,UPI,Chennai,Android,0,0,0,4,145,2307.94,0,0
TXN0001219,CUST00827,2808.59,9,Credit Card,Chennai,Android,0,0,1,3,432,1217.97,1,0
TXN0001220,CUST00727,4214.4,8,UPI,Mumbai,Web,0,1,0,3,797,805.23,0,0
TXN0001221,CUST01501,4391.41,17,Net Banking,Noida,Web,1,0,0,6,621,1095.63,0,0
TXN0001222,CUST00990,591.25,21,UPI,Jaipur,iOS,0,0,0,2,3000,4080.27,0,0
TXN0001223,CUST02420,933.09,14,Debit Card,Chennai,Android,0,0,0,2,176,2524.78,0,0
TXN0001224,CUST00935,4866.35,10,Debit Card,Chennai,Web,0,0,1,3,531,3245.69,0,0
TXN0001225,CUST00402,840.32,8,UPI,Delhi,Android,0,0,2,5,189,1497.73,0,0
TXN0001226,CUST01467,1333.88,20,Debit Card,Delhi,Web,0,0,2,2,667,2575.14,1,0
TXN0001227,CUST00615,8702.95,23,Debit Card,Delhi,Android,0,0,2,4,205,4421.08,0,0
TXN0001228,CUST01297,1715.99,11,UPI,Noida,Web,0,0,0,4,773,1689.58,1,0
TXN0001229,CUST01183,870.24,10,Net Banking,Jaipur,iOS,0,0,1,3,610,1525.74,0,0
TXN0001230,CUST02236,748.39,16,UPI,Mumbai,Web,0,1,0,5,114,1880.65,0,0
TXN0001231,CUST01122,2510.56,19,UPI,Noida,Web,0,0,1,5,152,1796.02,0,0
TXN0001232,CUST00131,474.56,13,Debit Card,Pune,Web,0,0,0,2,394,2097.44,0,0
TXN0001233,CUST01195,1405.58,16,UPI,Chennai,iOS,0,0,1,5,727,1339.91,0,0
TXN0001234,CUST00183,2511.84,18,Debit Card,Pune,Web,0,0,1,2,102,2180.05,0,0
TXN0001235,CUST00364,6599.12,22,Debit Card,Hyderabad,iOS,0,0,2,5,201,1098.84,0,0
TXN0001236,CUST00039,3509.01,8,Net Banking,Bengaluru,Android,0,0,2,2,79,4727.03,0,0
TXN0001237,CUST01373,881.37,23,UPI,Hyderabad,iOS,0,0,1,4,56,750.2,0,0
TXN0001238,CUST00921,5848.62,12,Net Banking,Gurugram,Android,1,1,1,4,337,1323.36,0,0
TXN0001239,CUST00016,1334.12,18,UPI,Noida,Web,0,0,0,5,151,2908.99,0,0
TXN0001240,CUST00493,523.13,16,UPI,Noida,Android,0,0,1,3,206,1046.41,0,0
TXN0001241,CUST01450,1515.5,14,Credit Card,Delhi,Web,0,0,1,6,594,663.51,1,0
TXN0001242,CUST01132,7583.36,18,Credit Card,Chennai,Android,1,0,1,10,678,2450.12,0,0
TXN0001243,CUST00311,2123.42,12,UPI,Pune,Android,1,0,2,5,20,2230.78,0,0
TXN0001244,CUST00739,1822.68,7,Credit Card,Gurugram,Web,0,0,0,1,250,1514.85,0,0
TXN0001245,CUST00546,9253.47,14,UPI,Jaipur,Android,0,0,1,4,266,1729.76,0,0
TXN0001246,CUST02462,430.17,15,Credit Card,Jaipur,Android,1,0,1,4,1258,1253.53,1,0
TXN0001247,CUST00251,497.67,8,Net Banking,Pune,iOS,0,0,2,4,359,3077.39,1,0
TXN0001248,CUST00759,357.7,22,Credit Card,Delhi,Android,0,0,3,7,252,4161.18,0,0
TXN0001249,CUST01805,2612.83,9,UPI,Delhi,Android,0,0,0,5,116,2196.74,0,0
TXN0001250,CUST01298,2126.08,12,Debit Card,Kolkata,iOS,1,0,1,3,1111,2893.72,1,0
TXN0001251,CUST01632,8419.27,8,UPI,Bengaluru,Web,0,0,1,5,1258,1987.51,1,0
TXN0001252,CUST01915,2296.21,15,Debit Card,Kolkata,Android,0,0,1,8,2198,4497.99,0,0
TXN0001253,CUST00814,1201.57,10,UPI,Chennai,Android,1,0,0,4,1302,1132.2,0,0
TXN0001254,CUST00029,1803.23,14,UPI,Delhi,Android,0,0,0,4,882,1249.02,1,0
TXN0001255,CUST00958,2024.85,9,UPI,Noida,Android,0,0,1,5,408,2009.44,0,0
TXN0001256,CUST02033,338.25,3,UPI,Gurugram,Android,0,0,0,6,770,1396.87,0,0
TXN0001257,CUST00477,27061.67,19,Credit Card,Pune,Android,0,0,0,1,551,1555.97,0,1
TXN0001258,CUST00318,3027.26,17,UPI,Mumbai,iOS,0,0,0,3,833,2860.99,0,0
TXN0001259,CUST00245,2220.64,11,Wallet,Gurugram,Web,1,0,1,4,734,745.24,1,0
TXN0001260,CUST00748,3329.93,2,Credit Card,Mumbai,Android,1,0,0,4,365,1407.03,1,0
TXN0001261,CUST00697,3659.03,20,UPI,Pune,Android,0,0,1,5,384,1758.6,0,0
TXN0001262,CUST00272,1563.98,8,Debit Card,Jaipur,iOS,0,0,2,4,634,1585.64,1,0
TXN0001263,CUST01772,957.48,21,Credit Card,Hyderabad,Android,0,0,0,1,1204,1058.36,0,0
TXN0001264,CUST01263,3278.01,14,Debit Card,Pune,iOS,0,0,2,6,362,435.91,1,0
TXN0001265,CUST02425,2647.19,11,Credit Card,Hyderabad,Android,0,0,0,1,282,2326.42,0,0
TXN0001266,CUST00266,800.83,18,UPI,Bengaluru,Android,0,0,1,2,1148,5279.58,0,0
TXN0001267,CUST00921,7439.64,20,Debit Card,Noida,Android,0,0,0,3,205,1578.51,0,0
TXN0001268,CUST00340,2413.65,12,UPI,Chennai,Android,0,0,1,4,1483,3545.98,1,0
TXN0001269,CUST00389,3734.47,12,UPI,Delhi,Web,0,0,2,6,465,316.64,0,0
TXN0001270,CUST02051,7240.63,13,Wallet,Noida,Web,0,0,0,3,270,2385.61,1,0
TXN0001271,CUST01166,1839.83,21,UPI,Bengaluru,Android,0,0,1,3,307,3095.89,1,0
TXN0001272,CUST00376,2471.29,17,Credit Card,Hyderabad,iOS,1,0,1,2,472,3716.2,1,0
TXN0001273,CUST02034,4046.34,9,UPI,Gurugram,Android,0,0,1,2,232,1397.62,0,0
TXN0001274,CUST02372,871.91,8,UPI,Bengaluru,iOS,0,1,2,1,895,3695.5,1,1
TXN0001275,CUST00146,1899.97,9,UPI,Chennai,iOS,0,0,1,4,2388,1205.23,1,0
TXN0001276,CUST01982,2040.79,9,Credit Card,Noida,Android,0,0,0,4,1032,635.92,1,0
TXN0001277,CUST00293,691.93,9,UPI,Pune,Android,1,0,0,5,78,1995.49,0,0
TXN0001278,CUST00432,18272.98,17,UPI,Bengaluru,Android,0,0,0,2,239,2578.81,0,0
TXN0001279,CUST00705,440.65,7,Debit Card,Noida,Android,0,0,1,4,433,2237.85,1,0
TXN0001280,CUST01999,491.49,12,UPI,Chennai,iOS,1,0,1,5,1287,3259.21,0,0
TXN0001281,CUST00399,6699.37,16,UPI,Pune,Web,0,1,1,4,373,1742.53,0,0
TXN0001282,CUST00964,3673.16,10,Debit Card,Bengaluru,iOS,0,0,0,3,232,3864.93,0,0
TXN0001283,CUST02235,645.21,4,Wallet,Noida,Android,0,0,0,5,896,1646.23,1,0
TXN0001284,CUST02042,3303.81,5,UPI,Hyderabad,Android,0,0,1,5,806,868.28,0,0
TXN0001285,CUST01829,7811.81,7,Wallet,Gurugram,Android,0,0,0,1,91,1357.68,0,0
TXN0001286,CUST02109,1746.34,20,UPI,Chennai,iOS,0,0,1,3,107,2636.45,0,0
TXN0001287,CUST00939,24206.22,17,UPI,Delhi,Android,0,0,2,5,425,1681.06,0,0
TXN0001288,CUST00710,321.01,4,Debit Card,Gurugram,Android,0,0,1,5,1171,900.76,0,0
TXN0001289,CUST00807,3602.44,12,Wallet,Noida,iOS,1,0,3,3,196,1652.94,0,0
TXN0001290,CUST01464,5779.49,10,UPI,Chennai,Android,0,0,0,3,602,2342.13,0,0
TXN0001291,CUST01326,4389.13,16,UPI,Bengaluru,Android,0,0,1,3,335,1285.39,0,0
TXN0001292,CUST00011,1467.31,15,UPI,Gurugram,Android,0,0,0,2,14,1548.97,0,0
TXN0001293,CUST01086,1346.28,14,UPI,Kolkata,Android,0,0,0,3,381,1099.93,0,0
TXN0001294,CUST01869,2806.48,10,Debit Card,Noida,Android,0,0,0,4,605,1517.17,0,0
TXN0001295,CUST02274,4069.59,7,Credit Card,Bengaluru,Android,0,1,1,3,1206,1167.6,1,0
TXN0001296,CUST00772,3287.94,18,UPI,Pune,Android,0,0,0,2,203,1600.68,0,0
TXN0001297,CUST01595,5092.89,20,Credit Card,Hyderabad,Android,0,0,0,3,535,2195.11,0,0
TXN0001298,CUST01608,649.8,22,Wallet,Bengaluru,Android,1,0,0,1,1564,4352.35,1,0
TXN0001299,CUST01334,1433.35,3,UPI,Hyderabad,Web,0,0,1,5,552,1823.34,1,0
TXN0001300,CUST00885,703.12,18,Debit Card,Mumbai,Android,0,0,2,3,1427,909.49,1,0
TXN0001301,CUST01390,1223.45,18,Wallet,Chennai,Android,0,0,1,3,539,1305.74,0,0
TXN0001302,CUST00226,4967.95,22,UPI,Noida,iOS,0,0,0,1,565,4178.05,0,0
TXN0001303,CUST00825,2005.25,9,Debit Card,Chennai,Android,0,0,0,5,759,2122.11,0,0
TXN0001304,CUST02266,24401.53,18,Debit Card,Mumbai,iOS,0,0,0,3,831,1249.75,0,0
TXN0001305,CUST00937,2184.08,3,UPI,Kolkata,Android,1,1,0,2,425,1917.58,1,0
TXN0001306,CUST02307,1910.72,17,UPI,Noida,Web,1,0,0,4,626,615.17,1,0
TXN0001307,CUST01912,2001.65,11,Credit Card,Hyderabad,Web,0,0,0,4,715,732.62,0,0
TXN0001308,CUST01797,951.21,19,Credit Card,Bengaluru,iOS,0,0,0,3,102,797.24,1,0
TXN0001309,CUST00054,1698.85,20,Credit Card,Noida,iOS,0,0,0,3,217,2186.26,1,0
TXN0001310,CUST00727,5559.87,11,UPI,Jaipur,Android,0,0,0,3,1347,772.18,1,0
TXN0001311,CUST01545,2017.29,15,Debit Card,Mumbai,Web,1,0,0,5,164,2984.66,1,0
TXN0001312,CUST01044,814.1,7,UPI,Kolkata,Android,0,1,1,2,608,1122.19,0,0
TXN0001313,CUST01914,713.7,12,UPI,Jaipur,Android,0,0,3,1,33,950.23,0,0
TXN0001314,CUST01777,1147.5,11,UPI,Noida,Android,0,0,1,1,1039,2060.2,0,0
TXN0001315,CUST01597,1937.99,8,Debit Card,Chennai,Android,0,0,0,5,537,2817.13,1,0
TXN0001316,CUST01915,5938.0,21,UPI,Kolkata,iOS,0,0,1,3,421,1380.56,1,0
TXN0001317,CUST02467,471.09,7,UPI,Gurugram,Android,0,0,1,5,811,3348.28,1,0
TXN0001318,CUST00850,1307.3,17,UPI,Noida,iOS,0,0,0,7,862,2127.69,0,0
TXN0001319,CUST02110,2079.44,21,UPI,Chennai,Android,1,0,0,3,169,558.4,0,0
TXN0001320,CUST02264,287.68,21,UPI,Hyderabad,Web,0,1,2,2,2233,1708.38,0,0
TXN0001321,CUST00003,782.07,19,Credit Card,Bengaluru,iOS,1,0,1,7,1455,1903.49,0,0
TXN0001322,CUST00160,912.01,8,Debit Card,Pune,iOS,1,0,1,2,143,1159.04,1,0
TXN0001323,CUST00781,812.06,19,Debit Card,Hyderabad,iOS,0,0,3,1,238,1490.64,1,0
TXN0001324,CUST00893,2180.77,10,UPI,Hyderabad,Web,0,0,1,4,282,1344.29,1,0
TXN0001325,CUST02031,1533.0,21,UPI,Kolkata,Android,0,0,0,1,918,945.57,0,0
TXN0001326,CUST02377,1033.03,18,Net Banking,Jaipur,Android,0,0,0,1,243,1114.98,1,0
TXN0001327,CUST00580,2761.43,19,UPI,Chennai,iOS,1,0,1,4,663,1839.88,0,0
TXN0001328,CUST01934,10083.11,5,Debit Card,Delhi,iOS,1,0,2,4,643,1624.85,0,0
TXN0001329,CUST01381,9272.41,16,Wallet,Chennai,Android,0,0,0,2,500,1323.64,0,0
TXN0001330,CUST01291,263.16,19,Debit Card,Pune,Android,0,0,1,6,581,2071.08,1,0
TXN0001331,CUST01641,3205.47,20,UPI,Delhi,Android,1,0,0,1,154,3136.78,1,0
TXN0001332,CUST00952,1506.46,1,UPI,Bengaluru,Android,0,0,1,3,99,3937.36,0,0
TXN0001333,CUST00988,2102.11,22,UPI,Pune,Web,1,0,1,3,245,4885.8,0,0
TXN0001334,CUST01219,1208.65,2,Credit Card,Kolkata,Android,0,0,0,6,401,1869.59,0,0
TXN0001335,CUST00921,2024.61,16,Credit Card,Kolkata,iOS,1,0,1,7,457,8414.76,0,0
TXN0001336,CUST01356,2094.25,18,Debit Card,Kolkata,iOS,0,0,1,3,114,7689.71,1,0
TXN0001337,CUST00170,1008.87,6,UPI,Gurugram,Android,0,0,2,4,723,3501.28,0,0
TXN0001338,CUST00521,734.49,2,Debit Card,Mumbai,Android,0,0,1,6,61,1207.1,1,0
TXN0001339,CUST01487,1149.23,19,Debit Card,Bengaluru,Android,1,0,2,3,2598,3381.95,0,0
TXN0001340,CUST00040,2275.15,12,UPI,Kolkata,iOS,0,0,1,3,939,4686.26,1,0
TXN0001341,CUST01561,3276.52,6,UPI,Pune,Android,0,0,0,3,1393,1848.69,0,0
TXN0001342,CUST01419,4225.49,19,Credit Card,Delhi,Android,0,0,0,1,373,2421.02,0,0
TXN0001343,CUST00955,1098.12,20,Credit Card,Jaipur,Android,1,0,1,3,1845,2336.13,0,0
TXN0001344,CUST00984,2390.81,16,UPI,Kolkata,Android,0,0,0,4,2492,1131.36,0,0
TXN0001345,CUST00975,4712.83,8,UPI,Mumbai,Android,0,1,1,3,386,1431.25,0,0
TXN0001346,CUST00038,5774.1,0,Debit Card,Hyderabad,Android,0,0,1,7,1088,2148.42,0,0
TXN0001347,CUST02376,1697.16,18,UPI,Kolkata,Android,0,0,1,1,666,2825.56,1,0
TXN0001348,CUST01275,1443.19,15,UPI,Hyderabad,iOS,0,1,2,4,135,734.42,0,0
TXN0001349,CUST01200,2179.1,17,Debit Card,Pune,Android,0,0,0,3,309,1439.7,0,0
TXN0001350,CUST01626,570.11,19,Credit Card,Gurugram,iOS,1,0,1,4,756,2001.25,0,0
TXN0001351,CUST00914,1483.16,13,Credit Card,Chennai,iOS,0,0,0,2,102,1105.83,0,0
TXN0001352,CUST00454,3790.03,7,UPI,Bengaluru,Web,0,0,0,2,233,1401.01,1,0
TXN0001353,CUST00037,3420.32,22,Credit Card,Pune,Android,0,0,0,1,238,2609.8,0,0
TXN0001354,CUST01712,1373.72,15,Credit Card,Hyderabad,Android,0,0,0,5,322,2312.65,0,0
TXN0001355,CUST00796,2237.83,16,Net Banking,Gurugram,Web,0,0,0,1,10,2097.34,0,0
TXN0001356,CUST00973,789.1,21,UPI,Mumbai,Web,0,0,0,4,215,1326.13,0,0
TXN0001357,CUST00593,3637.44,21,UPI,Jaipur,Android,0,0,2,5,141,519.69,0,0
TXN0001358,CUST01138,1665.23,16,UPI,Chennai,Android,0,0,0,6,1683,1515.21,0,0
TXN0001359,CUST01325,1365.93,10,Credit Card,Gurugram,Web,0,0,5,6,1079,4364.03,0,0
TXN0001360,CUST02272,1253.65,23,Credit Card,Jaipur,Android,0,0,3,5,448,5304.68,1,0
TXN0001361,CUST00318,1690.28,17,UPI,Kolkata,Web,1,0,1,2,57,3507.78,0,0
TXN0001362,CUST02397,1150.17,12,UPI,Chennai,Web,0,0,0,2,1758,688.49,0,0
TXN0001363,CUST02163,3476.17,15,UPI,Noida,Android,0,0,0,4,297,2462.18,1,0
TXN0001364,CUST01347,1212.28,12,UPI,Mumbai,Web,0,0,0,4,880,2883.53,1,0
TXN0001365,CUST01592,8852.95,21,Net Banking,Hyderabad,Android,1,0,1,6,153,3375.25,0,0
TXN0001366,CUST01890,7791.22,14,Debit Card,Pune,iOS,0,0,0,7,595,1189.06,0,0
TXN0001367,CUST02088,738.04,19,UPI,Kolkata,Android,1,0,1,3,346,713.83,0,0
TXN0001368,CUST01997,1929.94,20,UPI,Noida,Android,0,0,1,6,424,2961.93,0,0
TXN0001369,CUST01773,939.07,19,UPI,Hyderabad,iOS,0,0,1,3,135,2175.88,0,0
TXN0001370,CUST01313,1298.41,18,Debit Card,Gurugram,Android,0,0,0,1,1235,6464.63,0,0
TXN0001371,CUST01286,13332.63,20,UPI,Kolkata,Web,0,0,0,4,699,1928.7,0,0
TXN0001372,CUST00216,1323.41,12,Net Banking,Mumbai,Android,0,0,1,1,315,5905.52,0,0
TXN0001373,CUST02384,2580.58,7,Debit Card,Gurugram,Android,0,0,2,5,273,1497.1,0,0
TXN0001374,CUST02140,3092.9,20,Credit Card,Kolkata,Android,0,0,1,1,35,1936.49,0,0
TXN0001375,CUST02401,661.77,14,Debit Card,Chennai,Web,0,0,1,3,301,854.7,0,0
TXN0001376,CUST01705,765.44,7,Debit Card,Bengaluru,Android,0,0,0,4,154,857.52,1,0
TXN0001377,CUST00363,538.89,7,UPI,Gurugram,Web,0,0,1,3,1105,6299.45,0,0
TXN0001378,CUST01717,742.16,8,Credit Card,Kolkata,Android,0,0,0,3,211,1513.27,0,0
TXN0001379,CUST01194,104.12,18,Credit Card,Bengaluru,Android,0,0,1,4,523,1565.86,1,0
TXN0001380,CUST00356,3103.0,18,UPI,Chennai,Web,0,0,0,3,626,1657.18,0,0
TXN0001381,CUST00191,14040.98,8,UPI,Bengaluru,Android,0,0,0,5,567,1371.99,1,0
TXN0001382,CUST02470,2086.75,20,UPI,Bengaluru,Android,0,1,1,2,581,1688.34,0,0
TXN0001383,CUST00700,436.71,10,UPI,Kolkata,Web,0,0,1,3,928,623.61,0,0
TXN0001384,CUST02055,946.49,19,UPI,Gurugram,iOS,0,0,1,6,350,2578.22,0,0
TXN0001385,CUST02181,1137.59,14,Wallet,Chennai,iOS,0,0,0,3,101,1125.82,0,0
TXN0001386,CUST00557,650.64,18,Debit Card,Hyderabad,Web,0,0,1,4,409,2795.94,0,0
TXN0001387,CUST00826,4254.47,12,Debit Card,Hyderabad,Android,0,0,0,2,10,515.51,1,0
TXN0001388,CUST01055,4047.29,11,Credit Card,Bengaluru,Web,0,0,0,4,779,2868.68,1,0
TXN0001389,CUST00426,566.85,20,Debit Card,Noida,iOS,0,0,0,3,60,1323.3,0,0
TXN0001390,CUST02411,3716.82,1,Net Banking,Jaipur,iOS,1,0,0,2,199,1268.43,0,0
TXN0001391,CUST01575,8286.27,23,UPI,Delhi,Android,0,0,1,3,260,1080.92,0,0
TXN0001392,CUST02130,12065.44,17,Debit Card,Bengaluru,Web,0,0,1,2,1156,3041.47,0,0
TXN0001393,CUST02404,31594.99,13,UPI,Mumbai,iOS,1,0,2,4,879,1907.3,0,0
TXN0001394,CUST00589,730.37,16,Debit Card,Kolkata,Android,0,0,1,2,1202,823.22,0,0
TXN0001395,CUST02013,30326.05,7,Debit Card,Pune,iOS,0,0,2,4,3000,455.64,0,0
TXN0001396,CUST01548,1263.11,14,Wallet,Delhi,Android,0,0,0,6,502,3933.84,0,0
TXN0001397,CUST00295,995.33,23,UPI,Bengaluru,iOS,0,0,1,3,94,528.6,0,0
TXN0001398,CUST01986,2496.42,9,UPI,Hyderabad,Web,0,0,0,1,412,1657.62,1,0
TXN0001399,CUST01248,1005.74,18,UPI,Jaipur,Android,0,0,0,6,1143,827.1,0,0
TXN0001400,CUST01549,2682.72,13,UPI,Kolkata,Web,0,0,1,2,211,2544.01,0,0
TXN0001401,CUST01691,480.81,17,Credit Card,Bengaluru,Android,0,0,0,5,515,1062.23,0,0
TXN0001402,CUST01137,1417.7,8,UPI,Hyderabad,Android,0,0,0,6,101,8544.8,0,0
TXN0001403,CUST01257,6510.19,14,Debit Card,Kolkata,Android,0,0,0,3,100,1325.92,0,0
TXN0001404,CUST02065,1700.17,23,UPI,Hyderabad,Android,0,0,1,2,553,818.52,1,0
TXN0001405,CUST00360,2073.8,8,Debit Card,Gurugram,iOS,0,0,1,3,1737,1144.87,0,0
TXN0001406,CUST00700,2895.17,17,UPI,Pune,Web,0,0,1,6,180,1618.62,0,0
TXN0001407,CUST00448,5803.43,16,UPI,Mumbai,Android,0,0,0,3,689,2425.76,0,0
TXN0001408,CUST02413,343.89,15,Credit Card,Delhi,Android,1,0,0,4,918,2798.9,1,0
TXN0001409,CUST00675,3229.45,16,Credit Card,Noida,iOS,0,0,1,5,179,918.3,1,0
TXN0001410,CUST01008,1376.64,14,UPI,Bengaluru,iOS,0,0,0,4,165,937.8,0,0
TXN0001411,CUST01350,2126.39,0,Debit Card,Kolkata,Web,0,0,0,3,978,3075.44,1,0
TXN0001412,CUST02462,5195.21,21,Credit Card,Hyderabad,Android,0,0,1,2,44,1071.03,0,0
TXN0001413,CUST00586,545.31,19,Wallet,Bengaluru,Web,0,0,0,2,236,5660.64,0,0
TXN0001414,CUST01257,653.86,8,Wallet,Gurugram,Android,0,0,2,2,444,959.54,1,0
TXN0001415,CUST01248,259.85,12,Credit Card,Pune,Android,0,0,1,4,188,615.82,1,0
TXN0001416,CUST00994,1039.38,19,Wallet,Pune,Web,0,1,1,3,64,1123.41,0,0
TXN0001417,CUST01436,6808.82,23,Debit Card,Pune,Android,0,0,1,3,1366,1157.1,0,0
TXN0001418,CUST00572,1595.52,22,Net Banking,Bengaluru,iOS,0,0,2,3,361,3536.37,0,0
TXN0001419,CUST02383,471.26,21,Debit Card,Pune,iOS,0,0,1,2,107,1918.29,0,0
TXN0001420,CUST01246,1107.5,8,Debit Card,Hyderabad,Android,1,0,0,4,2129,1158.34,0,0
TXN0001421,CUST02085,406.54,21,UPI,Mumbai,iOS,0,0,2,2,1414,951.35,0,1
TXN0001422,CUST00989,584.27,20,UPI,Bengaluru,iOS,0,0,0,2,192,2442.48,0,0
TXN0001423,CUST00278,2655.43,12,Wallet,Hyderabad,Android,0,0,1,2,22,808.77,1,0
TXN0001424,CUST01220,556.5,12,Debit Card,Delhi,iOS,0,0,0,2,235,643.04,1,0
TXN0001425,CUST01888,5476.25,13,UPI,Kolkata,Web,0,0,0,3,64,1634.99,0,0
TXN0001426,CUST00484,1676.43,17,UPI,Chennai,Android,0,0,2,2,345,3088.66,0,0
TXN0001427,CUST01266,1960.86,9,Debit Card,Gurugram,Web,0,0,2,7,499,1454.08,0,0
TXN0001428,CUST00731,1362.63,1,UPI,Pune,Android,0,0,0,1,36,1798.31,0,0
TXN0001429,CUST02240,3898.67,7,UPI,Noida,Android,0,0,0,1,2290,1409.24,0,0
TXN0001430,CUST01041,3939.08,13,UPI,Gurugram,iOS,0,0,0,2,412,1743.51,1,0
TXN0001431,CUST00918,2516.43,10,Debit Card,Pune,Android,0,0,0,2,635,1193.2,0,0
TXN0001432,CUST02449,3166.34,19,UPI,Kolkata,Web,0,0,3,3,184,3353.86,0,0
TXN0001433,CUST00886,1456.01,6,Credit Card,Pune,Web,0,0,0,4,549,2117.26,0,0
TXN0001434,CUST00022,3095.62,21,Debit Card,Pune,Web,0,0,0,5,391,1781.82,0,0
TXN0001435,CUST00474,1283.91,21,Debit Card,Mumbai,iOS,0,0,1,3,1162,1095.81,0,0
TXN0001436,CUST02258,1804.02,21,UPI,Chennai,Web,0,0,1,1,146,2370.27,0,0
TXN0001437,CUST02354,1367.72,18,UPI,Pune,iOS,1,0,0,2,10,878.78,0,0
TXN0001438,CUST00704,1139.48,6,Credit Card,Jaipur,Android,0,0,2,4,118,3851.68,0,0
TXN0001439,CUST00687,903.64,13,Debit Card,Chennai,Web,0,0,4,6,153,1041.82,0,0
TXN0001440,CUST00285,2873.34,7,UPI,Hyderabad,Android,1,0,1,1,347,1882.0,0,0
TXN0001441,CUST00716,6675.16,23,UPI,Pune,Android,0,0,1,7,283,1712.55,0,0
TXN0001442,CUST00763,5805.98,11,Wallet,Pune,Android,0,0,1,5,192,2481.19,0,0
TXN0001443,CUST01251,512.33,16,Net Banking,Noida,Web,0,0,1,1,205,4595.6,1,0
TXN0001444,CUST00948,6533.81,19,UPI,Noida,Android,0,0,0,2,137,2191.59,0,0
TXN0001445,CUST02429,1309.48,21,UPI,Jaipur,Android,1,1,0,2,47,967.92,0,0
TXN0001446,CUST01031,3282.22,18,UPI,Delhi,Android,0,0,2,4,895,2645.06,1,0
TXN0001447,CUST00029,727.29,17,UPI,Mumbai,Android,0,0,0,2,21,2230.13,0,0
TXN0001448,CUST00907,2074.6,13,UPI,Delhi,Android,0,0,2,1,590,2203.89,0,0
TXN0001449,CUST02127,2463.32,16,Credit Card,Jaipur,iOS,0,0,1,4,1187,2182.98,0,0
TXN0001450,CUST00570,407.87,6,Credit Card,Kolkata,Android,0,1,1,2,282,761.61,0,0
TXN0001451,CUST02007,3307.04,20,UPI,Noida,iOS,0,0,1,4,556,2274.46,0,0
TXN0001452,CUST01454,6915.2,15,Wallet,Bengaluru,Android,0,0,0,5,590,4329.02,0,0
TXN0001453,CUST00738,1511.55,2,Credit Card,Bengaluru,Android,0,1,0,2,77,783.96,1,0
TXN0001454,CUST00516,7014.33,21,Credit Card,Kolkata,Web,0,0,1,2,150,846.89,1,0
TXN0001455,CUST02001,1488.98,14,Net Banking,Noida,Android,0,0,0,4,140,2663.64,1,0
TXN0001456,CUST02445,4209.62,20,Credit Card,Pune,Android,1,0,0,2,70,1085.49,0,0
TXN0001457,CUST00039,195.78,20,Wallet,Noida,Web,1,0,0,4,652,1920.49,1,0
TXN0001458,CUST00887,20217.82,19,UPI,Mumbai,Android,0,0,2,3,370,1476.38,1,0
TXN0001459,CUST02205,8030.48,3,UPI,Kolkata,Android,0,0,1,2,280,2249.66,0,0
TXN0001460,CUST01099,1354.13,9,Credit Card,Chennai,Android,0,0,1,6,1201,2236.59,0,0
TXN0001461,CUST01824,250.5,20,Credit Card,Pune,Android,0,0,1,9,1772,1396.52,1,0
TXN0001462,CUST01711,2400.83,21,UPI,Kolkata,Android,0,0,3,3,404,3805.97,1,0
TXN0001463,CUST00974,424.8,13,Debit Card,Gurugram,Web,0,1,0,4,1113,1796.28,1,0
TXN0001464,CUST01563,2808.47,13,UPI,Kolkata,Android,0,0,2,6,1474,2086.71,0,0
TXN0001465,CUST00989,2716.52,8,Debit Card,Delhi,Android,0,0,0,6,223,723.77,1,0
TXN0001466,CUST00021,702.14,22,UPI,Chennai,Web,0,1,1,2,13,919.07,1,0
TXN0001467,CUST02351,5522.07,9,Debit Card,Hyderabad,Android,1,0,0,1,775,455.39,0,0
TXN0001468,CUST00869,4028.37,8,UPI,Noida,Android,0,0,0,4,212,2398.64,0,0
TXN0001469,CUST00084,4776.03,17,Net Banking,Kolkata,iOS,0,0,1,1,14,1013.19,1,0
TXN0001470,CUST01683,1816.01,9,UPI,Hyderabad,Android,0,0,1,7,306,1691.46,1,0
TXN0001471,CUST01977,437.04,22,Net Banking,Bengaluru,Android,0,0,0,2,394,1535.28,0,0
TXN0001472,CUST01411,4785.83,0,UPI,Pune,iOS,0,0,1,4,300,2135.92,0,0
TXN0001473,CUST01531,1373.57,0,Debit Card,Noida,Web,0,0,1,6,193,409.74,0,0
TXN0001474,CUST00570,448.43,14,UPI,Bengaluru,Android,0,0,0,5,1170,669.35,0,0
TXN0001475,CUST00934,6957.54,14,Debit Card,Chennai,iOS,0,0,2,5,426,1074.95,0,0
TXN0001476,CUST01981,14690.4,8,Debit Card,Jaipur,Android,0,0,1,3,936,1319.37,0,0
TXN0001477,CUST01856,1727.26,14,Debit Card,Delhi,Android,0,0,2,5,246,1134.44,0,0
TXN0001478,CUST00793,15594.34,12,UPI,Jaipur,Android,0,0,0,6,216,2541.85,1,0
TXN0001479,CUST00792,1972.1,21,Debit Card,Jaipur,Android,0,0,1,5,968,606.16,1,0
TXN0001480,CUST01810,1230.39,0,UPI,Noida,Android,1,0,0,7,1433,1415.78,0,0
TXN0001481,CUST01295,958.23,23,UPI,Kolkata,Web,0,0,0,2,782,1617.24,0,0
TXN0001482,CUST02256,9252.27,16,UPI,Noida,Web,0,0,1,3,248,1280.05,0,0
TXN0001483,CUST01608,825.01,8,UPI,Mumbai,iOS,1,0,0,2,1687,1127.86,0,0
TXN0001484,CUST01084,3754.88,2,Debit Card,Kolkata,Android,1,0,0,4,823,798.9,0,0
TXN0001485,CUST02478,1029.04,15,UPI,Hyderabad,iOS,0,1,0,5,568,2185.81,0,0
TXN0001486,CUST00985,1135.96,9,UPI,Mumbai,iOS,0,0,0,6,439,644.64,0,0
TXN0001487,CUST01681,5043.18,10,Credit Card,Gurugram,Android,0,0,0,6,603,1652.26,0,0
TXN0001488,CUST00520,1230.91,9,Net Banking,Chennai,Android,0,0,0,1,25,788.92,0,0
TXN0001489,CUST00591,1200.8,17,Credit Card,Kolkata,Android,0,0,0,2,632,2343.27,0,0
TXN0001490,CUST01051,5587.83,15,Debit Card,Hyderabad,Android,0,0,1,2,203,1212.14,0,0
TXN0001491,CUST01710,8892.28,5,Credit Card,Jaipur,Android,0,0,1,3,313,3437.51,0,0
TXN0001492,CUST02036,3429.71,15,Debit Card,Hyderabad,Web,1,0,2,6,519,2505.49,1,0
TXN0001493,CUST02247,935.21,19,Net Banking,Bengaluru,Android,0,0,1,1,214,424.85,0,0
TXN0001494,CUST02435,1080.23,5,Credit Card,Delhi,Android,0,0,1,6,132,5123.95,0,0
TXN0001495,CUST00349,1949.75,21,UPI,Mumbai,Web,1,0,0,2,142,1905.09,0,0
TXN0001496,CUST00960,2481.14,16,Wallet,Gurugram,Android,0,0,1,2,2120,2125.26,0,0
TXN0001497,CUST01964,670.27,22,Net Banking,Delhi,iOS,1,0,2,3,99,1373.8,1,0
TXN0001498,CUST00693,3709.23,7,UPI,Chennai,Android,0,0,0,4,823,3155.3,0,0
TXN0001499,CUST01560,1960.7,23,Credit Card,Mumbai,Android,1,0,0,6,1643,1403.54,1,0
TXN0001500,CUST00378,323.71,17,Debit Card,Hyderabad,Android,0,0,0,5,1347,1070.61,1,0
TXN0001501,CUST00527,710.96,15,Credit Card,Kolkata,Android,0,0,0,3,464,1688.52,0,0
TXN0001502,CUST02254,1087.26,14,UPI,Chennai,iOS,0,1,1,5,278,1109.03,0,0
TXN0001503,CUST01260,1673.52,1,Credit Card,Delhi,Android,1,1,0,4,388,3076.51,0,0
TXN0001504,CUST01876,11906.27,22,UPI,Bengaluru,Android,0,0,0,3,13,1266.34,0,0
TXN0001505,CUST01764,2284.07,17,UPI,Jaipur,iOS,0,0,1,4,667,5372.89,0,0
TXN0001506,CUST00521,776.48,6,Net Banking,Gurugram,Android,0,0,1,3,561,2687.39,0,0
TXN0001507,CUST01702,2244.35,0,Credit Card,Delhi,iOS,1,0,2,3,335,2098.89,0,0
TXN0001508,CUST01017,1265.79,2,Wallet,Jaipur,Android,0,0,0,3,2217,1205.2,1,0
TXN0001509,CUST01014,2490.65,16,Debit Card,Hyderabad,Web,0,0,0,4,114,1786.87,0,0
TXN0001510,CUST00117,3216.69,16,Credit Card,Chennai,Android,0,0,0,2,523,1929.79,0,0
TXN0001511,CUST02434,6031.63,14,Debit Card,Jaipur,Android,0,0,0,1,490,939.1,1,0
TXN0001512,CUST01368,1756.81,10,UPI,Bengaluru,Android,0,0,0,1,68,2373.55,0,0
TXN0001513,CUST00584,9269.66,15,Credit Card,Bengaluru,Web,0,0,0,2,385,1845.82,1,0
TXN0001514,CUST00395,4462.95,14,Credit Card,Delhi,Web,0,0,1,2,29,1422.85,0,0
TXN0001515,CUST01088,887.23,0,Credit Card,Pune,Android,0,0,2,3,331,1315.54,1,0
TXN0001516,CUST00072,16405.92,10,UPI,Hyderabad,iOS,0,0,1,4,10,540.75,0,0
TXN0001517,CUST00274,2496.23,3,UPI,Noida,Android,0,0,0,1,97,6533.81,1,0
TXN0001518,CUST02014,780.88,21,UPI,Pune,Android,0,0,0,5,370,1667.4,0,0
TXN0001519,CUST01344,9399.91,18,Credit Card,Bengaluru,Web,0,1,2,6,823,1565.37,1,0
TXN0001520,CUST00338,14376.06,23,Net Banking,Kolkata,Android,1,0,0,3,423,1170.67,1,0
TXN0001521,CUST01390,1741.53,10,Net Banking,Bengaluru,Android,0,0,0,5,454,2662.97,0,0
TXN0001522,CUST00607,1087.78,20,UPI,Gurugram,iOS,0,0,2,2,286,1090.39,0,0
TXN0001523,CUST00166,1514.99,16,UPI,Noida,Web,0,0,1,3,556,1503.56,0,0
TXN0001524,CUST01568,3678.55,13,UPI,Bengaluru,Android,0,0,0,1,1030,3213.55,1,0
TXN0001525,CUST02059,6460.09,9,UPI,Mumbai,Android,1,0,0,3,1430,719.53,1,0
TXN0001526,CUST01325,3184.43,18,Debit Card,Bengaluru,Android,0,0,0,2,3000,2484.71,0,0
TXN0001527,CUST00729,1992.74,21,Wallet,Hyderabad,Android,0,0,2,3,836,5041.85,1,0
TXN0001528,CUST02044,8051.02,9,UPI,Bengaluru,Android,0,1,2,2,72,2616.86,0,0
TXN0001529,CUST00102,1316.47,8,UPI,Gurugram,Web,0,0,0,4,95,3896.58,0,0
TXN0001530,CUST01416,5046.56,18,UPI,Jaipur,Android,0,0,0,3,413,613.98,0,0
TXN0001531,CUST00779,1349.49,23,UPI,Mumbai,iOS,0,0,0,4,674,1068.41,0,0
TXN0001532,CUST00214,2769.9,18,Debit Card,Noida,Web,0,0,0,1,82,1680.89,1,0
TXN0001533,CUST01112,1606.77,10,Credit Card,Kolkata,iOS,0,0,1,3,304,6908.97,0,0
TXN0001534,CUST01577,1702.22,13,Debit Card,Delhi,Android,0,0,0,5,524,853.82,1,0
TXN0001535,CUST02449,1234.17,12,Credit Card,Pune,iOS,0,0,0,4,134,910.06,0,0
TXN0001536,CUST01696,6907.73,20,UPI,Pune,Web,0,0,0,6,720,2824.28,0,0
TXN0001537,CUST00592,864.9,19,UPI,Gurugram,Android,1,0,0,3,248,2407.58,1,0
TXN0001538,CUST01334,858.61,16,UPI,Jaipur,Android,0,0,0,3,189,2544.84,0,0
TXN0001539,CUST01110,15010.95,10,Debit Card,Noida,Android,0,0,1,5,45,2534.59,0,1
TXN0001540,CUST02140,4785.71,22,Debit Card,Kolkata,Android,0,0,0,5,688,1041.61,1,0
TXN0001541,CUST00714,165.74,17,Debit Card,Kolkata,Android,0,1,1,6,146,1872.69,1,0
TXN0001542,CUST00936,1022.78,22,UPI,Chennai,iOS,1,0,0,4,75,1104.95,1,0
TXN0001543,CUST01952,293.99,16,Debit Card,Mumbai,iOS,0,0,0,4,216,2181.82,0,0
TXN0001544,CUST00242,695.65,19,UPI,Jaipur,Android,1,0,2,4,784,1738.33,0,0
TXN0001545,CUST02044,78.02,19,UPI,Chennai,iOS,0,0,2,5,199,646.99,0,0
TXN0001546,CUST00002,1569.56,11,UPI,Delhi,Android,0,0,1,3,18,3668.02,1,0
TXN0001547,CUST02273,574.56,22,UPI,Jaipur,iOS,0,0,1,4,562,2031.13,1,0
TXN0001548,CUST01769,1911.12,0,Debit Card,Pune,iOS,0,1,0,1,521,1622.75,0,0
TXN0001549,CUST01950,354.4,19,Debit Card,Mumbai,iOS,1,0,0,3,1217,2083.53,0,0
TXN0001550,CUST02164,1955.6,22,UPI,Delhi,Android,0,0,0,9,108,913.32,1,0
TXN0001551,CUST00918,1188.71,11,UPI,Delhi,iOS,0,0,2,2,1779,2684.13,0,0
TXN0001552,CUST02242,8082.81,17,UPI,Delhi,Android,0,0,0,6,30,2444.41,0,0
TXN0001553,CUST00090,7382.73,15,UPI,Hyderabad,Android,0,0,1,3,503,2032.44,1,1
TXN0001554,CUST01710,3947.7,19,UPI,Chennai,Android,0,0,1,4,910,2774.64,0,0
TXN0001555,CUST02170,1298.45,20,Debit Card,Chennai,Android,1,0,1,5,864,236.02,0,0
TXN0001556,CUST00143,13107.27,16,UPI,Delhi,Android,0,1,0,3,642,2352.88,1,0
TXN0001557,CUST00106,380.89,19,Debit Card,Pune,Android,0,0,0,5,1974,2202.91,0,0
TXN0001558,CUST00887,442.3,10,UPI,Bengaluru,Android,1,1,0,5,336,1369.58,0,0
TXN0001559,CUST00428,1655.34,9,UPI,Hyderabad,iOS,0,0,1,3,643,2244.24,0,0
TXN0001560,CUST01329,17147.03,13,UPI,Chennai,Android,1,0,1,4,78,1220.9,0,0
TXN0001561,CUST01896,1470.27,17,Debit Card,Hyderabad,Android,0,0,1,1,263,807.5,0,0
TXN0001562,CUST01995,1498.62,8,Credit Card,Hyderabad,Android,0,1,1,2,75,1631.18,1,0
TXN0001563,CUST00317,425.66,17,UPI,Jaipur,iOS,0,0,2,3,503,2569.8,0,0
TXN0001564,CUST01987,4635.37,12,Wallet,Delhi,iOS,0,0,1,3,1288,4620.62,0,0
TXN0001565,CUST00635,4669.08,19,UPI,Mumbai,Web,0,0,0,2,265,2003.64,0,0
TXN0001566,CUST01926,3962.45,1,Wallet,Mumbai,iOS,0,0,1,4,714,941.01,1,0
TXN0001567,CUST02057,959.41,17,UPI,Mumbai,Android,0,0,0,6,173,914.69,1,0
TXN0001568,CUST02271,887.88,17,Debit Card,Jaipur,iOS,0,0,1,9,487,1542.42,0,0
TXN0001569,CUST01440,493.94,22,Credit Card,Delhi,Android,1,0,0,2,93,813.02,1,0
TXN0001570,CUST00553,1957.48,18,Credit Card,Jaipur,Android,0,0,2,6,10,5461.52,0,0
TXN0001571,CUST00716,611.02,19,UPI,Noida,Web,0,0,2,3,2805,3472.01,1,0
TXN0001572,CUST01288,554.53,21,UPI,Delhi,Android,0,0,0,7,1096,2408.89,0,0
TXN0001573,CUST01714,1178.33,17,Debit Card,Noida,iOS,0,0,0,6,597,3910.25,1,0
TXN0001574,CUST01884,1103.66,10,Wallet,Delhi,Web,0,0,2,1,185,1911.21,0,0
TXN0001575,CUST01108,1051.07,20,Credit Card,Jaipur,Android,0,0,1,4,819,1784.55,0,0
TXN0001576,CUST01342,2869.77,18,UPI,Bengaluru,Android,0,0,0,1,64,1229.55,0,0
TXN0001577,CUST00111,1948.06,13,UPI,Gurugram,Android,0,0,1,3,600,1990.86,0,0
TXN0001578,CUST00251,1349.36,18,Debit Card,Noida,Android,0,0,0,6,977,1059.35,0,0
TXN0001579,CUST02431,2161.49,20,UPI,Mumbai,Android,0,0,0,4,670,1367.08,0,1
TXN0001580,CUST02055,667.82,23,UPI,Hyderabad,Web,1,0,2,5,859,1799.87,1,0
TXN0001581,CUST00459,1999.84,22,Debit Card,Noida,Web,0,1,0,3,46,1995.17,0,0
TXN0001582,CUST01108,2092.56,11,Credit Card,Gurugram,iOS,0,0,0,1,24,2262.62,0,0
TXN0001583,CUST00208,400.41,13,UPI,Kolkata,iOS,0,0,1,7,338,1513.3,0,0
TXN0001584,CUST00900,4871.88,7,UPI,Delhi,Android,0,0,3,4,940,1570.0,0,0
TXN0001585,CUST00022,745.54,9,Debit Card,Noida,iOS,0,0,1,6,214,1309.3,1,0
TXN0001586,CUST00410,1970.12,20,UPI,Delhi,Android,0,0,1,1,805,824.01,1,0
TXN0001587,CUST00895,5767.27,11,Wallet,Gurugram,Android,0,0,0,4,44,4602.86,1,0
TXN0001588,CUST00515,4542.44,16,UPI,Noida,Android,0,0,2,5,639,1749.03,0,0
TXN0001589,CUST00809,1862.87,17,UPI,Hyderabad,iOS,0,0,2,1,1545,2092.63,0,0
TXN0001590,CUST00874,1252.68,19,Debit Card,Jaipur,Android,0,0,1,2,369,1773.52,1,0
TXN0001591,CUST00014,4642.71,8,Credit Card,Hyderabad,Android,0,0,0,3,35,1034.26,1,0
TXN0001592,CUST00971,3534.18,10,UPI,Hyderabad,iOS,0,0,4,2,765,7280.23,1,0
TXN0001593,CUST02135,969.88,13,UPI,Pune,iOS,0,0,2,5,1291,659.29,0,0
TXN0001594,CUST01561,812.93,11,UPI,Mumbai,Android,0,0,1,3,270,1710.49,0,0
TXN0001595,CUST01325,226.6,23,Debit Card,Hyderabad,Android,0,0,0,5,279,989.31,1,0
TXN0001596,CUST01267,2099.75,20,UPI,Hyderabad,Web,0,0,0,5,240,4665.64,0,0
TXN0001597,CUST02170,1657.13,14,Debit Card,Noida,Android,0,0,1,4,67,1162.21,0,0
TXN0001598,CUST00750,5606.79,20,Credit Card,Mumbai,iOS,0,0,0,2,219,2489.48,0,0
TXN0001599,CUST00685,2577.56,11,Credit Card,Noida,Android,0,0,2,7,331,561.03,1,0
TXN0001600,CUST01928,6834.72,19,Debit Card,Jaipur,iOS,0,0,3,6,325,2058.51,0,0
TXN0001601,CUST02357,896.21,9,Credit Card,Mumbai,iOS,0,0,2,3,138,3104.71,1,0
TXN0001602,CUST00695,5617.78,19,UPI,Gurugram,Web,0,0,2,2,486,2234.55,0,0
TXN0001603,CUST02336,1060.64,13,UPI,Gurugram,Android,0,0,1,2,466,509.47,0,0
TXN0001604,CUST00307,3917.22,6,UPI,Pune,Android,0,0,0,5,288,878.46,1,0
TXN0001605,CUST01990,418.54,10,Debit Card,Jaipur,Web,0,0,0,3,1638,1519.41,0,0
TXN0001606,CUST00662,2277.14,12,Debit Card,Chennai,Android,0,0,1,4,2019,2920.85,0,0
TXN0001607,CUST00549,247.36,18,UPI,Kolkata,Web,0,0,2,2,682,1089.01,0,0
TXN0001608,CUST00312,1378.02,4,Wallet,Noida,iOS,0,0,1,2,201,1120.06,0,0
TXN0001609,CUST01083,2795.86,17,Credit Card,Noida,Android,0,0,1,4,1671,1075.42,0,0
TXN0001610,CUST01738,1069.1,18,UPI,Bengaluru,Web,0,0,2,3,766,854.03,0,0
TXN0001611,CUST00755,629.61,17,UPI,Bengaluru,Android,0,0,2,1,348,2061.63,0,0
TXN0001612,CUST00035,4195.05,19,UPI,Chennai,iOS,0,0,0,4,1267,982.58,1,0
TXN0001613,CUST00445,1623.08,8,Credit Card,Chennai,iOS,1,0,2,2,100,5669.02,0,0
TXN0001614,CUST02141,1103.2,16,UPI,Mumbai,Android,0,0,0,4,656,1358.11,1,0
TXN0001615,CUST01983,1877.01,22,UPI,Chennai,iOS,0,0,0,8,195,966.06,1,0
TXN0001616,CUST01231,25139.89,16,Net Banking,Delhi,iOS,0,1,2,1,480,516.28,0,0
TXN0001617,CUST00353,5704.69,16,Debit Card,Kolkata,iOS,1,0,2,2,205,386.79,0,0
TXN0001618,CUST00903,5756.68,18,Credit Card,Kolkata,Android,1,0,0,4,519,4948.71,0,0
TXN0001619,CUST01356,2782.45,11,Credit Card,Delhi,iOS,0,0,1,6,337,2705.65,0,0
TXN0001620,CUST01749,2126.06,18,UPI,Bengaluru,Android,0,0,1,2,524,1653.47,1,0
TXN0001621,CUST00159,163.93,21,Net Banking,Noida,Android,0,0,0,1,47,1498.06,0,0
TXN0001622,CUST01978,912.84,0,Wallet,Gurugram,Android,0,0,0,4,10,479.0,0,0
TXN0001623,CUST00957,1113.17,20,Debit Card,Bengaluru,Android,0,0,0,2,917,1211.12,1,0
TXN0001624,CUST02072,276.07,9,UPI,Pune,Web,0,0,1,4,193,657.24,0,0
TXN0001625,CUST00404,565.74,13,UPI,Pune,iOS,0,0,1,4,712,1297.37,0,0
TXN0001626,CUST00516,248.32,20,UPI,Pune,Web,1,0,2,4,23,1005.82,1,0
TXN0001627,CUST01388,1732.32,19,Credit Card,Chennai,Android,0,0,1,4,650,1940.81,0,0
TXN0001628,CUST00956,4081.86,21,UPI,Pune,iOS,0,0,2,4,754,1152.0,1,1
TXN0001629,CUST02200,5444.26,22,Debit Card,Pune,Android,0,0,1,5,739,735.45,0,0
TXN0001630,CUST01713,2725.28,13,Credit Card,Jaipur,Android,0,0,1,6,1141,1411.94,0,0
TXN0001631,CUST00608,686.87,17,UPI,Pune,Web,0,0,1,2,1193,1664.47,1,0
TXN0001632,CUST02468,260.73,12,Debit Card,Noida,Android,1,1,2,1,134,2489.59,1,0
TXN0001633,CUST01274,310.65,11,UPI,Pune,Android,1,0,0,1,518,5342.14,0,0
TXN0001634,CUST01536,506.01,13,Debit Card,Bengaluru,Android,0,0,0,2,12,7568.92,0,0
TXN0001635,CUST02383,740.02,18,UPI,Kolkata,iOS,0,0,2,3,55,823.31,1,0
TXN0001636,CUST01442,1534.24,14,UPI,Pune,iOS,0,0,0,4,325,1293.31,1,0
TXN0001637,CUST01798,652.87,19,UPI,Gurugram,Android,0,0,1,6,23,1003.44,1,0
TXN0001638,CUST00295,2526.32,18,Net Banking,Hyderabad,Android,0,0,1,3,254,326.19,1,0
TXN0001639,CUST00755,1426.91,0,Credit Card,Delhi,Android,0,0,1,1,612,2481.06,1,0
TXN0001640,CUST01395,1819.08,17,UPI,Pune,Android,0,0,0,4,1013,2784.05,1,0
TXN0001641,CUST00186,5629.59,13,UPI,Gurugram,Web,0,0,0,1,342,827.67,0,0
TXN0001642,CUST01270,552.97,13,Debit Card,Noida,Web,0,1,1,7,398,3282.08,1,0
TXN0001643,CUST00637,2735.98,19,UPI,Mumbai,Web,0,0,0,3,10,1932.6,0,0
TXN0001644,CUST01292,1775.02,15,Net Banking,Bengaluru,Web,0,0,1,2,1207,2743.25,0,0
TXN0001645,CUST00530,1289.56,20,Net Banking,Noida,Web,0,1,2,4,2485,1703.02,0,0
TXN0001646,CUST02069,4362.49,18,Debit Card,Gurugram,Web,0,0,0,1,359,1280.56,0,0
TXN0001647,CUST00794,4335.34,15,Net Banking,Noida,Web,0,0,0,1,217,2715.93,0,0
TXN0001648,CUST02148,698.58,18,UPI,Jaipur,Web,1,0,0,3,116,2090.98,0,0
TXN0001649,CUST00478,1500.24,1,UPI,Delhi,Android,0,0,0,8,774,1251.86,0,0
TXN0001650,CUST01623,2384.52,1,UPI,Bengaluru,Android,0,0,1,5,317,2783.36,0,0
TXN0001651,CUST00940,1369.96,5,UPI,Noida,iOS,0,0,0,4,247,1509.92,0,0
TXN0001652,CUST00526,3231.05,13,Net Banking,Delhi,iOS,1,0,1,5,535,1177.51,0,0
TXN0001653,CUST02382,2384.47,9,UPI,Kolkata,iOS,0,0,2,4,1000,784.41,0,0
TXN0001654,CUST00002,11249.77,23,Debit Card,Hyderabad,iOS,0,0,2,4,740,5605.9,0,0
TXN0001655,CUST00375,389.66,15,Debit Card,Kolkata,iOS,0,0,1,3,999,1008.85,0,0
TXN0001656,CUST02341,1592.57,17,UPI,Hyderabad,Android,0,0,0,8,454,443.07,0,0
TXN0001657,CUST00553,725.63,10,UPI,Noida,Android,0,0,0,3,514,4028.95,0,0
TXN0001658,CUST02366,3293.31,11,UPI,Pune,Web,1,0,0,3,10,2269.98,0,0
TXN0001659,CUST01526,357.23,11,UPI,Jaipur,iOS,0,0,0,1,337,400.54,1,0
TXN0001660,CUST01852,2544.92,18,Credit Card,Jaipur,Android,1,0,1,2,975,3363.14,1,0
TXN0001661,CUST00381,958.62,14,UPI,Noida,Web,0,0,2,3,581,2403.07,0,0
TXN0001662,CUST01647,863.83,14,Credit Card,Delhi,Android,0,0,0,10,705,2731.05,1,0
TXN0001663,CUST00014,423.71,16,Debit Card,Gurugram,Android,1,0,0,2,96,1851.86,1,0
TXN0001664,CUST00504,1130.56,19,UPI,Gurugram,Android,0,0,0,3,1473,2096.96,0,0
TXN0001665,CUST02279,5324.33,6,UPI,Pune,Web,0,0,2,1,829,1760.43,1,0
TXN0001666,CUST02009,1755.23,19,Debit Card,Gurugram,iOS,1,0,0,7,1366,1470.64,0,0
TXN0001667,CUST00130,3371.87,15,UPI,Pune,Android,0,0,2,4,204,2423.48,1,0
TXN0001668,CUST00838,9510.8,17,UPI,Pune,Web,0,0,1,5,526,1918.91,1,0
TXN0001669,CUST02041,2343.26,11,Debit Card,Hyderabad,Web,0,0,2,3,976,641.38,0,0
TXN0001670,CUST00028,1029.41,12,Wallet,Bengaluru,iOS,0,0,1,8,322,848.55,0,0
TXN0001671,CUST02114,2872.09,9,Wallet,Bengaluru,Web,0,0,2,1,249,1382.27,0,0
TXN0001672,CUST01253,1044.45,23,UPI,Mumbai,iOS,0,0,3,4,311,554.54,0,0
TXN0001673,CUST00261,1086.94,14,Credit Card,Hyderabad,iOS,0,0,0,5,607,1307.98,0,0
TXN0001674,CUST02047,393.72,23,UPI,Gurugram,Android,1,0,1,5,276,1723.19,0,0
TXN0001675,CUST01473,4545.07,14,Net Banking,Kolkata,Android,0,0,1,4,149,788.65,0,0
TXN0001676,CUST01448,1223.58,9,UPI,Bengaluru,Android,0,0,1,1,424,3501.27,0,0
TXN0001677,CUST00460,2159.52,14,UPI,Noida,Web,0,0,0,1,42,731.1,1,0
TXN0001678,CUST00301,638.79,2,Wallet,Gurugram,Android,0,0,2,2,1411,1039.08,1,0
TXN0001679,CUST02335,2783.57,21,Net Banking,Delhi,Android,1,0,1,3,1620,2071.19,0,0
TXN0001680,CUST00630,840.17,19,Debit Card,Delhi,Android,0,0,0,5,2489,952.01,0,0
TXN0001681,CUST00270,1562.17,18,UPI,Gurugram,Android,1,0,2,6,848,2012.68,0,0
TXN0001682,CUST01994,4330.2,16,Credit Card,Gurugram,Android,0,0,0,3,973,833.53,0,0
TXN0001683,CUST01629,3969.13,16,Debit Card,Kolkata,Web,0,1,1,3,1095,3824.57,0,0
TXN0001684,CUST01802,1760.78,23,Credit Card,Bengaluru,Web,0,0,0,3,114,957.58,0,0
TXN0001685,CUST00862,307.17,10,UPI,Hyderabad,Web,0,1,1,3,137,688.88,0,0
TXN0001686,CUST01281,35894.97,19,UPI,Kolkata,iOS,0,0,0,2,1028,2071.82,0,0
TXN0001687,CUST02181,10315.48,16,Wallet,Gurugram,Web,0,0,0,4,323,1529.49,1,0
TXN0001688,CUST01800,3707.88,23,Credit Card,Noida,Android,0,0,2,5,941,515.46,0,0
TXN0001689,CUST01707,847.54,20,Debit Card,Noida,Android,0,0,0,1,93,1820.4,0,0
TXN0001690,CUST02361,1606.72,23,UPI,Delhi,Android,0,0,0,5,30,2449.79,0,0
TXN0001691,CUST00576,1045.37,16,Credit Card,Pune,Web,0,0,0,5,303,6717.76,0,0
TXN0001692,CUST02004,6370.27,8,Net Banking,Pune,Android,1,0,3,2,190,1809.47,0,0
TXN0001693,CUST01308,2340.32,14,UPI,Chennai,iOS,1,0,1,5,1001,555.34,1,0
TXN0001694,CUST01957,821.7,18,Debit Card,Delhi,iOS,0,0,0,2,1493,7732.91,1,0
TXN0001695,CUST02021,1124.15,19,UPI,Bengaluru,iOS,0,0,1,4,636,2139.23,0,0
TXN0001696,CUST02213,5523.3,0,UPI,Hyderabad,Android,0,0,0,3,66,415.13,1,0
TXN0001697,CUST02353,8916.33,14,Debit Card,Jaipur,iOS,0,0,0,5,10,2328.36,0,0
TXN0001698,CUST01656,8298.86,9,Debit Card,Kolkata,iOS,0,0,1,2,904,1719.32,1,0
TXN0001699,CUST01580,3837.49,20,Debit Card,Chennai,Android,0,0,0,2,1231,2534.05,0,0
TXN0001700,CUST01848,1398.17,8,UPI,Mumbai,iOS,0,0,1,1,1771,2471.47,1,0
TXN0001701,CUST02204,70.39,17,UPI,Bengaluru,Web,0,0,1,7,758,2360.78,0,0
TXN0001702,CUST01391,2422.86,9,Wallet,Delhi,Web,0,0,0,1,19,1821.93,0,0
TXN0001703,CUST01743,1796.71,11,UPI,Pune,Android,0,0,1,5,391,1632.24,0,0
TXN0001704,CUST01926,2070.46,22,Debit Card,Noida,Android,1,0,0,1,404,2621.31,1,0
TXN0001705,CUST00620,1899.68,9,UPI,Hyderabad,Android,0,0,0,4,26,419.96,0,0
TXN0001706,CUST01275,477.84,6,Wallet,Mumbai,iOS,0,0,0,1,1450,986.97,0,0
TXN0001707,CUST00957,3143.05,4,Wallet,Hyderabad,Web,0,0,1,2,866,1969.02,0,0
TXN0001708,CUST01940,3387.2,14,UPI,Jaipur,Web,0,0,0,3,137,986.41,0,0
TXN0001709,CUST02382,3561.3,17,Debit Card,Hyderabad,Web,0,0,1,5,633,1780.48,0,0
TXN0001710,CUST00969,4638.37,11,UPI,Chennai,iOS,0,0,1,2,1005,774.08,1,0
TXN0001711,CUST01317,3293.13,17,UPI,Bengaluru,iOS,0,0,0,5,1154,1203.44,1,0
TXN0001712,CUST01044,1194.54,3,UPI,Gurugram,Android,0,0,0,1,1214,1775.18,1,0
TXN0001713,CUST00282,1676.9,20,Credit Card,Kolkata,Android,0,0,0,5,921,2627.17,0,0
TXN0001714,CUST02167,1971.73,19,UPI,Gurugram,Web,0,0,1,9,579,4293.59,0,0
TXN0001715,CUST01059,2004.68,23,Credit Card,Kolkata,iOS,1,0,2,4,54,2938.22,0,0
TXN0001716,CUST00198,4884.19,22,UPI,Jaipur,Android,0,0,1,7,181,2343.5,0,0
TXN0001717,CUST01083,3426.21,11,UPI,Hyderabad,Android,1,0,3,4,456,920.3,1,0
TXN0001718,CUST01185,14369.82,12,Credit Card,Chennai,Android,0,0,4,3,274,2258.31,1,0
TXN0001719,CUST01009,16350.45,18,Credit Card,Kolkata,iOS,0,0,0,2,745,951.89,1,0
TXN0001720,CUST01230,1949.23,7,Debit Card,Pune,Web,0,0,0,7,75,1087.61,0,0
TXN0001721,CUST01036,50.0,10,Credit Card,Gurugram,Android,0,0,0,4,1722,985.42,0,0
TXN0001722,CUST00490,6200.43,7,Wallet,Bengaluru,Android,1,0,0,9,248,4497.53,1,0
TXN0001723,CUST00276,1048.55,13,UPI,Noida,iOS,0,0,0,5,437,1576.96,1,0
TXN0001724,CUST02290,807.59,15,UPI,Jaipur,Android,0,0,0,2,244,993.05,0,0
TXN0001725,CUST01240,1208.45,9,Credit Card,Hyderabad,Android,0,0,0,2,961,6208.59,1,0
TXN0001726,CUST01275,1151.59,1,Debit Card,Gurugram,Android,0,0,0,3,100,525.8,0,0
TXN0001727,CUST00126,3320.3,18,Credit Card,Delhi,Android,0,0,4,3,262,988.06,0,0
TXN0001728,CUST00217,378.46,0,Debit Card,Chennai,iOS,1,0,1,2,573,2447.01,1,0
TXN0001729,CUST01209,612.67,23,UPI,Hyderabad,Web,0,0,0,4,28,1365.28,1,0
TXN0001730,CUST01247,2536.91,9,UPI,Chennai,Android,1,0,1,3,566,2602.0,1,0
TXN0001731,CUST02475,3355.94,17,Debit Card,Pune,iOS,0,1,0,2,714,1162.39,0,0
TXN0001732,CUST00919,3418.93,13,UPI,Delhi,Android,0,0,0,3,1803,1537.32,0,0
TXN0001733,CUST01318,819.35,3,UPI,Noida,iOS,0,0,0,2,2220,2193.05,0,0
TXN0001734,CUST02199,676.73,14,Credit Card,Bengaluru,iOS,0,0,0,6,181,1782.01,0,0
TXN0001735,CUST02432,1084.54,14,UPI,Kolkata,Android,0,0,2,1,663,930.29,0,0
TXN0001736,CUST01662,2287.96,20,Credit Card,Kolkata,iOS,0,0,0,5,52,1002.24,0,0
TXN0001737,CUST00308,7950.73,18,UPI,Gurugram,Android,0,1,0,5,767,1078.99,0,0
TXN0001738,CUST01360,232.32,5,Net Banking,Kolkata,iOS,1,1,0,1,243,856.01,0,0
TXN0001739,CUST01970,1443.48,9,Debit Card,Noida,iOS,0,0,0,4,143,2483.07,1,0
TXN0001740,CUST00892,474.79,10,UPI,Hyderabad,iOS,0,0,2,1,10,2189.25,0,0
TXN0001741,CUST00375,344.92,7,UPI,Jaipur,Web,0,0,1,2,447,887.75,0,0
TXN0001742,CUST02034,4733.87,13,UPI,Hyderabad,Web,0,0,2,2,118,3273.09,0,0
TXN0001743,CUST01365,3103.13,23,Debit Card,Jaipur,Web,0,0,1,6,520,3299.09,1,0
TXN0001744,CUST00129,2821.36,14,UPI,Noida,Web,0,0,2,3,429,4677.43,1,0
TXN0001745,CUST01015,4521.36,18,UPI,Hyderabad,Android,0,0,1,2,578,12230.33,0,0
TXN0001746,CUST01800,1114.12,17,UPI,Hyderabad,Android,0,0,2,1,168,538.6,1,0
TXN0001747,CUST01382,1167.83,20,Credit Card,Jaipur,Android,0,0,0,5,75,671.28,0,0
TXN0001748,CUST00517,16014.86,9,Debit Card,Bengaluru,Android,0,0,0,1,916,1714.34,0,0
TXN0001749,CUST01519,1406.66,18,Credit Card,Bengaluru,Android,0,0,0,1,2845,1836.57,1,0
TXN0001750,CUST00086,3754.36,20,Wallet,Hyderabad,Web,0,0,0,6,286,2267.64,0,0
TXN0001751,CUST01199,1811.52,8,UPI,Mumbai,Android,0,1,2,3,293,1307.54,0,0
TXN0001752,CUST02359,283.52,11,Credit Card,Bengaluru,iOS,1,0,2,6,1205,2417.49,1,0
TXN0001753,CUST01143,232.97,22,UPI,Mumbai,Android,0,0,0,7,114,509.53,0,0
TXN0001754,CUST02475,1008.84,19,Credit Card,Pune,iOS,0,0,0,2,254,845.47,1,1
TXN0001755,CUST01994,5175.25,10,Credit Card,Bengaluru,Web,0,0,0,3,196,1920.01,1,0
TXN0001756,CUST02162,3959.34,15,UPI,Mumbai,Android,0,0,2,3,81,3280.07,0,0
TXN0001757,CUST00303,4490.05,12,UPI,Gurugram,Web,0,0,1,3,470,1652.76,1,0
TXN0001758,CUST00588,670.82,14,Debit Card,Noida,Android,0,0,0,4,591,572.85,0,0
TXN0001759,CUST00987,9058.1,11,UPI,Chennai,Web,0,0,0,3,1264,3346.88,1,0
TXN0001760,CUST01864,685.84,10,UPI,Gurugram,Android,0,0,1,1,627,1786.44,1,0
TXN0001761,CUST00345,2226.9,17,Wallet,Chennai,Android,0,0,3,7,30,889.02,0,1
TXN0001762,CUST00814,1781.46,19,Credit Card,Chennai,Web,0,0,0,3,30,879.34,1,0
TXN0001763,CUST01988,1512.73,20,Debit Card,Hyderabad,iOS,0,1,1,3,36,997.1,0,0
TXN0001764,CUST01311,6864.61,8,Debit Card,Bengaluru,iOS,0,0,4,5,175,930.8,0,0
TXN0001765,CUST02000,889.3,19,UPI,Jaipur,iOS,0,0,1,1,173,561.57,0,0
TXN0001766,CUST01678,466.82,9,UPI,Gurugram,Android,0,0,2,4,897,2179.15,0,0
TXN0001767,CUST01328,1836.35,13,Debit Card,Hyderabad,Android,0,0,0,3,30,717.45,0,0
TXN0001768,CUST01093,1206.79,21,Debit Card,Kolkata,Android,1,0,1,4,565,1333.59,0,0
TXN0001769,CUST02409,52729.21,13,UPI,Chennai,Android,0,0,0,3,544,1476.47,0,0
TXN0001770,CUST01010,3540.59,8,UPI,Kolkata,Web,0,0,1,2,431,1174.03,0,0
TXN0001771,CUST00704,1195.36,8,UPI,Noida,Web,1,0,1,3,13,2448.63,1,0
TXN0001772,CUST00575,626.05,14,Debit Card,Noida,Android,0,0,1,4,1046,1918.41,0,0
TXN0001773,CUST01609,274.58,19,UPI,Jaipur,Web,0,0,0,4,284,1262.98,0,0
TXN0001774,CUST01113,645.69,23,Wallet,Pune,Android,0,0,1,5,356,815.13,0,0
TXN0001775,CUST00688,2019.25,19,Net Banking,Chennai,Android,0,0,2,1,665,677.08,0,0
TXN0001776,CUST00489,7501.59,20,Debit Card,Mumbai,iOS,1,0,0,1,653,2851.74,0,0
TXN0001777,CUST01348,5526.06,18,Debit Card,Noida,Android,0,1,1,6,194,1684.32,0,0
TXN0001778,CUST00494,2263.43,21,UPI,Chennai,Android,0,0,0,6,10,2832.22,1,0
TXN0001779,CUST01668,1302.93,5,UPI,Noida,iOS,1,0,2,5,982,757.99,0,0
TXN0001780,CUST01638,2355.14,21,Credit Card,Pune,Web,0,1,0,10,847,2145.74,0,0
TXN0001781,CUST00019,1071.6,12,UPI,Noida,iOS,0,0,0,4,614,206.41,0,0
TXN0001782,CUST02445,10035.72,21,UPI,Delhi,Android,1,0,1,1,1638,9836.97,0,0
TXN0001783,CUST01001,1489.73,5,Debit Card,Gurugram,Android,0,1,1,1,137,4085.77,0,0
TXN0001784,CUST00851,1651.11,18,UPI,Gurugram,iOS,0,0,0,1,65,532.27,1,0
TXN0001785,CUST01389,196.31,18,Debit Card,Bengaluru,iOS,0,0,4,5,3000,1000.92,1,0
TXN0001786,CUST01355,1480.46,23,UPI,Chennai,Web,0,1,0,1,1216,1181.74,0,0
TXN0001787,CUST01368,4154.83,19,UPI,Kolkata,Web,0,0,1,4,25,1008.2,0,0
TXN0001788,CUST00822,618.82,12,UPI,Noida,Web,0,0,0,2,240,1159.64,0,0
TXN0001789,CUST00455,849.65,15,Net Banking,Kolkata,iOS,0,0,1,2,437,1898.97,1,0
TXN0001790,CUST01625,3976.88,11,Debit Card,Bengaluru,Android,0,0,1,1,593,853.28,1,0
TXN0001791,CUST00711,411.12,8,UPI,Kolkata,iOS,0,0,0,6,323,628.52,1,0
TXN0001792,CUST02191,5184.06,9,UPI,Delhi,iOS,0,0,1,4,54,4624.85,0,0
TXN0001793,CUST00917,1057.22,9,Wallet,Chennai,Android,0,0,1,6,384,3038.16,1,0
TXN0001794,CUST01497,1220.45,15,UPI,Gurugram,Android,0,0,2,3,474,1312.36,0,0
TXN0001795,CUST01441,585.03,21,UPI,Mumbai,Android,0,0,1,7,226,1281.39,0,0
TXN0001796,CUST00305,2626.97,21,UPI,Bengaluru,Web,0,0,2,4,103,1222.12,0,0
TXN0001797,CUST00736,21065.96,3,Credit Card,Gurugram,Android,0,0,0,5,437,1429.96,1,0
TXN0001798,CUST02339,3932.53,5,UPI,Bengaluru,Web,0,0,0,6,195,1315.9,1,0
TXN0001799,CUST01964,758.43,9,UPI,Noida,Android,0,0,1,3,163,949.34,1,0
TXN0001800,CUST02150,5603.59,9,Credit Card,Pune,iOS,0,0,0,2,772,911.51,0,0
TXN0001801,CUST02010,1311.42,6,UPI,Kolkata,Android,1,0,0,1,491,1010.73,1,0
TXN0001802,CUST00962,7115.47,12,Credit Card,Chennai,iOS,0,0,0,5,815,1009.95,0,0
TXN0001803,CUST01027,4032.81,16,Credit Card,Jaipur,Android,1,0,1,3,356,2331.78,1,0
TXN0001804,CUST02133,94.86,16,Credit Card,Kolkata,Android,1,0,0,1,48,2688.91,1,0
TXN0001805,CUST02376,659.49,15,UPI,Jaipur,Android,0,0,0,2,406,788.77,0,0
TXN0001806,CUST01474,4628.22,11,Credit Card,Jaipur,Android,0,0,0,6,542,2639.71,0,0
TXN0001807,CUST01948,2094.77,18,UPI,Bengaluru,Web,0,1,1,4,899,4158.56,1,1
TXN0001808,CUST01178,646.64,19,UPI,Chennai,iOS,1,0,0,5,524,2336.54,0,0
TXN0001809,CUST00665,955.23,11,Credit Card,Pune,Android,0,0,0,3,953,1241.92,0,0
TXN0001810,CUST00012,267.55,5,Credit Card,Gurugram,Android,0,0,0,4,431,656.68,0,0
TXN0001811,CUST01157,1647.75,10,UPI,Hyderabad,Web,0,0,1,6,568,582.33,0,0
TXN0001812,CUST00304,16419.61,7,UPI,Noida,iOS,0,1,1,1,13,2149.49,1,0
TXN0001813,CUST01764,4025.79,13,UPI,Noida,Android,0,0,0,3,1186,2301.91,0,0
TXN0001814,CUST00043,16090.09,8,Debit Card,Jaipur,Android,0,0,3,4,108,4537.52,0,0
TXN0001815,CUST00944,4350.03,13,Credit Card,Pune,iOS,0,0,1,4,806,839.05,1,0
TXN0001816,CUST02391,5029.23,9,Debit Card,Noida,Android,0,0,0,1,353,641.3,0,0
TXN0001817,CUST01350,12959.97,18,Debit Card,Chennai,iOS,0,1,1,3,1336,1158.04,1,0
TXN0001818,CUST02412,2624.92,1,Debit Card,Delhi,iOS,0,0,0,6,217,379.08,0,0
TXN0001819,CUST00891,1492.66,15,UPI,Hyderabad,Android,0,0,0,4,2145,676.17,1,0
TXN0001820,CUST02475,5055.34,8,UPI,Pune,iOS,0,0,1,1,798,9522.04,0,0
TXN0001821,CUST01005,7703.13,0,Debit Card,Gurugram,Web,0,0,1,2,572,2126.12,0,0
TXN0001822,CUST00021,1113.85,20,UPI,Hyderabad,Android,0,0,0,3,1696,879.05,1,0
TXN0001823,CUST00407,874.78,17,UPI,Pune,Android,0,0,1,4,465,1033.53,0,0
TXN0001824,CUST01015,2068.13,6,UPI,Jaipur,iOS,0,0,0,2,271,5892.97,1,0
TXN0001825,CUST00336,4134.17,17,Wallet,Chennai,Android,0,0,0,5,712,542.73,0,0
TXN0001826,CUST01839,3998.33,16,UPI,Gurugram,Web,0,0,0,5,167,2250.83,0,0
TXN0001827,CUST01148,433.28,14,UPI,Jaipur,Web,0,0,1,3,443,260.64,0,0
TXN0001828,CUST02447,12175.1,13,Debit Card,Pune,Web,1,0,0,5,1348,3851.32,0,0
TXN0001829,CUST01828,948.02,21,UPI,Bengaluru,Android,0,0,0,2,348,1449.1,0,0
TXN0001830,CUST00715,1380.88,9,Net Banking,Mumbai,iOS,0,0,0,7,331,1253.24,0,0
TXN0001831,CUST00051,729.89,12,UPI,Bengaluru,Web,0,0,3,4,246,2700.03,1,0
TXN0001832,CUST00324,26738.79,11,Debit Card,Pune,Android,0,0,2,3,641,1920.75,1,0
TXN0001833,CUST00789,2292.99,19,UPI,Jaipur,Android,0,1,2,3,186,1895.59,1,1
TXN0001834,CUST00141,768.6,21,Debit Card,Noida,Android,0,0,0,6,988,1648.16,0,0
TXN0001835,CUST00470,4270.41,20,Wallet,Noida,Web,0,0,0,5,599,2378.7,0,0
TXN0001836,CUST00787,3884.22,19,Debit Card,Chennai,Android,0,0,1,5,1902,1587.5,0,0
TXN0001837,CUST01826,1491.91,23,Debit Card,Delhi,Android,0,0,0,2,1535,2083.65,0,0
TXN0001838,CUST01358,4171.99,18,UPI,Delhi,iOS,0,0,0,1,229,1379.59,1,0
TXN0001839,CUST01917,788.59,18,Wallet,Kolkata,iOS,0,0,0,1,1038,569.81,1,0
TXN0001840,CUST00964,1099.51,23,Credit Card,Mumbai,Android,0,0,1,3,32,3776.87,0,0
TXN0001841,CUST00373,241.13,0,Wallet,Hyderabad,iOS,0,0,1,3,236,2359.25,0,0
TXN0001842,CUST01693,478.95,17,Debit Card,Jaipur,iOS,0,1,0,2,885,4307.47,0,0
TXN0001843,CUST01180,10972.78,18,UPI,Chennai,iOS,0,0,1,4,45,2469.84,0,0
TXN0001844,CUST02339,9292.57,21,Credit Card,Noida,iOS,0,0,2,6,544,371.35,1,0
TXN0001845,CUST01672,1922.4,20,UPI,Jaipur,Android,1,0,0,4,852,1195.41,1,0
TXN0001846,CUST00106,9494.55,20,Debit Card,Gurugram,Web,0,0,1,2,737,1954.27,1,0
TXN0001847,CUST01444,1533.74,22,UPI,Delhi,Android,0,0,1,5,896,1000.93,1,0
TXN0001848,CUST01682,1411.11,15,UPI,Gurugram,Android,0,0,1,3,107,632.69,0,0
TXN0001849,CUST00002,1904.65,0,Net Banking,Chennai,iOS,0,0,0,1,229,2174.05,0,0
TXN0001850,CUST02138,1588.62,0,Wallet,Hyderabad,Web,0,0,0,1,852,1910.39,1,0
TXN0001851,CUST00350,1451.49,15,Wallet,Jaipur,iOS,1,0,1,2,530,1428.2,1,0
TXN0001852,CUST01287,5647.34,13,Debit Card,Chennai,Android,0,0,1,5,54,2412.0,1,0
TXN0001853,CUST01063,2091.59,13,Debit Card,Gurugram,Android,0,0,1,4,1542,2851.56,0,1
TXN0001854,CUST02207,3670.28,12,Credit Card,Noida,Android,0,0,2,3,112,1506.88,0,0
TXN0001855,CUST02360,5048.88,21,UPI,Jaipur,Android,0,0,1,4,537,721.47,0,0
TXN0001856,CUST00445,2653.75,11,Wallet,Chennai,iOS,0,0,0,2,139,2034.79,0,0
TXN0001857,CUST02346,682.16,20,Wallet,Jaipur,Web,1,1,0,5,1020,1748.81,0,0
TXN0001858,CUST00952,465.3,21,Debit Card,Chennai,iOS,0,1,1,1,523,807.32,0,0
TXN0001859,CUST00036,2088.75,14,Wallet,Delhi,Android,0,0,0,3,317,1042.69,1,0
TXN0001860,CUST01108,1516.69,13,Credit Card,Gurugram,Android,0,0,2,7,796,1297.3,0,0
TXN0001861,CUST01476,1964.38,19,UPI,Bengaluru,iOS,0,0,1,5,258,929.18,0,0
TXN0001862,CUST01799,1771.33,18,Net Banking,Delhi,iOS,0,0,0,6,10,2198.67,0,0
TXN0001863,CUST01846,23839.89,11,UPI,Chennai,Web,0,0,0,7,56,4212.03,0,1
TXN0001864,CUST01409,475.95,6,Credit Card,Jaipur,Web,0,0,0,5,36,1104.26,0,0
TXN0001865,CUST01196,246.06,9,UPI,Bengaluru,Web,0,0,1,5,148,1893.3,1,0
TXN0001866,CUST01400,2509.7,7,Credit Card,Pune,Android,1,1,0,4,1446,3839.07,1,0
TXN0001867,CUST01709,1235.36,10,Debit Card,Kolkata,iOS,0,0,2,4,125,2275.44,1,0
TXN0001868,CUST01386,2469.1,9,Credit Card,Hyderabad,Android,0,0,1,5,527,2316.28,0,0
TXN0001869,CUST02189,3227.38,17,Credit Card,Hyderabad,Android,1,0,0,4,924,2018.2,0,0
TXN0001870,CUST01301,6500.58,22,UPI,Mumbai,Android,0,0,0,1,805,2684.62,0,0
TXN0001871,CUST01244,398.74,17,Credit Card,Mumbai,Android,1,0,0,7,238,1277.38,0,0
TXN0001872,CUST00521,1031.56,21,Wallet,Kolkata,Android,0,0,3,1,387,1289.12,0,0
TXN0001873,CUST01807,2763.64,19,UPI,Chennai,Web,0,0,0,2,47,1207.52,1,0
TXN0001874,CUST00010,3889.38,18,UPI,Chennai,Android,0,0,1,2,61,3856.09,0,0
TXN0001875,CUST00984,16138.96,12,UPI,Mumbai,Web,0,0,0,6,170,1642.01,0,0
TXN0001876,CUST02426,4680.9,11,Wallet,Kolkata,Web,0,1,0,4,97,3189.82,0,0
TXN0001877,CUST01657,1700.63,20,Debit Card,Mumbai,Web,0,0,0,3,42,2720.55,0,0
TXN0001878,CUST01661,738.86,21,Net Banking,Chennai,Web,1,0,0,5,180,1198.61,1,0
TXN0001879,CUST02200,1023.78,13,Credit Card,Chennai,iOS,0,1,0,2,459,1548.65,0,0
TXN0001880,CUST00720,995.1,0,UPI,Bengaluru,Android,1,1,0,5,141,2806.66,0,0
TXN0001881,CUST01073,3466.07,19,Debit Card,Mumbai,iOS,0,0,1,2,198,2798.82,1,0
TXN0001882,CUST00859,2327.48,10,UPI,Bengaluru,Web,0,0,0,1,1040,1577.79,0,0
TXN0001883,CUST01317,479.09,0,UPI,Chennai,Web,0,0,0,3,834,3512.09,0,0
TXN0001884,CUST01604,1164.03,19,UPI,Pune,Web,1,1,0,3,18,634.55,0,0
TXN0001885,CUST00050,4328.99,14,UPI,Hyderabad,iOS,0,0,1,5,50,1387.62,0,0
TXN0001886,CUST00146,2558.57,17,UPI,Kolkata,Android,0,0,4,1,1580,1361.86,0,0
TXN0001887,CUST00915,3178.57,21,UPI,Mumbai,Web,1,0,2,3,269,1344.28,0,0
TXN0001888,CUST01463,2639.81,15,UPI,Pune,Web,1,0,1,2,14,4236.66,0,0
TXN0001889,CUST02290,9154.24,14,UPI,Gurugram,Android,0,0,0,5,296,2159.03,0,0
TXN0001890,CUST00581,2279.21,10,Debit Card,Jaipur,iOS,0,0,2,2,867,1565.26,0,0
TXN0001891,CUST01585,1223.56,10,UPI,Chennai,Web,0,0,0,4,1395,759.33,0,0
TXN0001892,CUST00483,720.39,19,UPI,Hyderabad,Android,0,0,0,5,723,6139.96,1,0
TXN0001893,CUST01250,2310.34,13,UPI,Gurugram,Web,0,0,1,1,191,1480.48,1,0
TXN0001894,CUST00673,156.78,8,Credit Card,Pune,Android,0,1,1,4,2599,633.54,0,0
TXN0001895,CUST00631,1497.05,6,Credit Card,Hyderabad,Android,0,1,0,1,98,1658.97,1,0
TXN0001896,CUST00662,1465.13,14,Wallet,Delhi,Android,0,1,1,4,275,2999.65,0,0
TXN0001897,CUST02467,459.93,13,Debit Card,Gurugram,iOS,0,1,2,8,264,514.68,0,0
TXN0001898,CUST00988,711.43,17,UPI,Jaipur,Android,0,0,2,4,406,1229.64,0,0
TXN0001899,CUST01547,4044.85,14,UPI,Bengaluru,Android,1,0,0,2,73,1026.59,0,0
TXN0001900,CUST00650,2267.09,7,UPI,Pune,Web,0,0,2,4,570,2104.37,0,0
TXN0001901,CUST00969,1992.87,14,Net Banking,Delhi,Android,0,0,0,1,609,1308.02,0,0
TXN0001902,CUST01101,2445.22,21,Debit Card,Pune,Android,0,0,1,5,362,4758.3,1,0
TXN0001903,CUST00441,1974.7,8,UPI,Bengaluru,iOS,0,0,0,6,62,5206.62,0,0
TXN0001904,CUST00921,6237.94,17,UPI,Bengaluru,Android,0,0,1,4,859,2408.42,0,0
TXN0001905,CUST00770,2036.47,16,Credit Card,Kolkata,Web,0,0,0,3,1579,2878.54,1,0
TXN0001906,CUST01344,418.77,18,UPI,Gurugram,Android,0,0,1,4,260,3387.46,0,0
TXN0001907,CUST01827,9188.17,8,Debit Card,Pune,iOS,0,0,1,1,161,933.32,0,0
TXN0001908,CUST00263,2606.81,22,Credit Card,Delhi,Android,1,0,1,5,1843,1191.61,0,0
TXN0001909,CUST01578,998.53,16,Credit Card,Gurugram,Web,0,0,0,3,89,904.49,0,0
TXN0001910,CUST00999,513.96,20,UPI,Chennai,Android,0,0,3,3,391,1123.23,0,0
TXN0001911,CUST00700,2674.34,9,UPI,Mumbai,Android,0,0,2,6,710,2645.47,1,0
TXN0001912,CUST02350,1600.98,18,Credit Card,Bengaluru,Web,1,0,2,1,26,1742.97,1,0
TXN0001913,CUST01604,8687.92,19,Debit Card,Chennai,iOS,0,0,0,1,996,7783.06,0,0
TXN0001914,CUST01242,1273.64,12,UPI,Mumbai,iOS,0,0,2,7,664,1606.1,0,0
TXN0001915,CUST01126,779.12,12,Credit Card,Bengaluru,Android,0,0,1,5,823,1242.97,0,0
TXN0001916,CUST02336,4408.71,17,Debit Card,Noida,Android,1,0,0,2,141,1174.78,1,0
TXN0001917,CUST01191,4540.64,6,UPI,Pune,Android,0,0,0,2,188,1806.22,0,0
TXN0001918,CUST01006,2130.67,18,Credit Card,Mumbai,Android,0,0,0,4,3000,600.91,1,0
TXN0001919,CUST00036,3540.06,2,UPI,Mumbai,Android,0,0,1,1,267,621.44,1,1
TXN0001920,CUST00744,1733.43,8,Debit Card,Delhi,Web,0,0,2,3,14,1917.71,1,0
TXN0001921,CUST01765,2274.25,17,UPI,Kolkata,Android,0,0,0,4,262,2358.45,0,0
TXN0001922,CUST00353,5770.61,6,Debit Card,Pune,Android,0,0,2,8,287,998.28,0,0
TXN0001923,CUST01923,3363.91,23,UPI,Pune,Android,0,0,0,5,1293,2211.58,0,0
TXN0001924,CUST00073,1519.7,20,UPI,Chennai,iOS,0,0,0,1,195,601.77,0,0
TXN0001925,CUST01377,6959.79,16,Debit Card,Bengaluru,Android,0,0,1,7,946,1649.55,0,0
TXN0001926,CUST01915,169.13,19,Credit Card,Noida,Android,0,0,2,4,69,618.66,0,0
TXN0001927,CUST01094,14011.24,21,Wallet,Bengaluru,Web,0,0,3,4,428,1888.72,0,0
TXN0001928,CUST02473,326.88,9,Credit Card,Chennai,Android,1,0,0,3,313,1668.65,0,0
TXN0001929,CUST00708,961.46,20,Credit Card,Noida,Android,0,0,0,3,237,2015.51,0,0
TXN0001930,CUST01805,1727.83,8,Debit Card,Bengaluru,Android,0,0,0,2,898,1041.05,0,0
TXN0001931,CUST00956,1554.74,12,UPI,Chennai,Android,0,1,3,4,552,912.66,0,0
TXN0001932,CUST02476,4924.38,15,UPI,Pune,Android,0,0,0,5,1807,2569.31,0,0
TXN0001933,CUST00160,624.97,18,UPI,Delhi,Android,0,0,1,3,268,4554.95,0,0
TXN0001934,CUST02197,2336.26,1,UPI,Mumbai,Android,0,0,0,3,78,998.87,1,0
TXN0001935,CUST01736,1009.62,10,UPI,Kolkata,Android,0,0,1,4,162,1609.05,0,0
TXN0001936,CUST01586,2417.97,16,Net Banking,Gurugram,Android,0,0,0,5,689,5339.85,0,0
TXN0001937,CUST00067,1687.11,11,Debit Card,Jaipur,Android,0,0,1,4,641,2076.69,0,0
TXN0001938,CUST02429,1975.3,19,Wallet,Hyderabad,Android,0,0,1,6,596,5364.55,0,0
TXN0001939,CUST00058,1038.59,17,Net Banking,Chennai,Android,0,0,0,4,761,1911.15,0,0
TXN0001940,CUST00342,1080.82,9,UPI,Hyderabad,Android,0,0,4,1,67,1251.23,0,0
TXN0001941,CUST01154,2399.02,7,UPI,Bengaluru,Web,0,0,2,4,204,2380.79,0,0
TXN0001942,CUST01196,4625.12,16,Credit Card,Jaipur,iOS,0,0,0,3,512,2562.27,0,0
TXN0001943,CUST01233,989.56,13,Wallet,Mumbai,iOS,0,0,1,6,343,1165.67,1,0
TXN0001944,CUST02402,755.04,8,UPI,Bengaluru,Web,0,0,1,4,424,3656.79,0,0
TXN0001945,CUST01495,3324.26,11,Credit Card,Mumbai,iOS,0,0,2,7,143,1441.06,0,0
TXN0001946,CUST01822,1742.43,10,UPI,Noida,iOS,1,1,1,1,564,1028.72,0,1
TXN0001947,CUST00116,4130.03,6,UPI,Delhi,iOS,0,0,0,4,245,789.12,0,0
TXN0001948,CUST00662,727.6,15,UPI,Chennai,iOS,0,0,0,1,964,1032.69,1,0
TXN0001949,CUST01466,303.72,19,UPI,Delhi,Web,0,0,1,3,530,3609.49,0,0
TXN0001950,CUST01869,1056.31,16,Wallet,Chennai,Android,0,0,0,5,3000,712.34,1,0
TXN0001951,CUST02335,836.47,19,UPI,Bengaluru,Android,0,0,1,5,537,1425.02,0,0
TXN0001952,CUST01017,1663.62,7,Net Banking,Gurugram,Android,0,0,1,1,32,1222.55,0,0
TXN0001953,CUST00311,952.13,13,UPI,Delhi,Web,1,0,1,4,147,863.67,0,0
TXN0001954,CUST00208,3776.52,16,Net Banking,Jaipur,Android,0,0,1,3,174,1031.02,0,0
TXN0001955,CUST02494,1349.37,17,Credit Card,Delhi,Web,1,0,0,3,15,3247.83,0,0
TXN0001956,CUST00633,2092.29,18,Debit Card,Noida,Android,0,0,1,1,1505,2281.78,1,0
TXN0001957,CUST02103,2107.33,18,UPI,Bengaluru,Android,0,0,0,3,591,1254.1,1,0
TXN0001958,CUST00657,2187.46,17,Credit Card,Kolkata,Android,0,1,0,2,1003,1800.03,1,0
TXN0001959,CUST01424,1757.09,6,Wallet,Jaipur,iOS,0,0,1,4,530,1428.15,0,0
TXN0001960,CUST01932,2999.33,18,UPI,Chennai,iOS,0,0,0,3,1168,3805.43,0,0
TXN0001961,CUST01680,812.31,18,UPI,Mumbai,Android,0,0,0,2,591,2097.84,0,0
TXN0001962,CUST00237,7295.11,23,UPI,Kolkata,iOS,0,0,0,5,51,1606.37,0,0
TXN0001963,CUST00348,1420.84,18,UPI,Kolkata,Android,0,0,0,1,17,1584.77,0,0
TXN0001964,CUST00630,484.92,17,UPI,Bengaluru,iOS,1,0,1,1,351,1633.01,0,0
TXN0001965,CUST01541,2172.46,14,Debit Card,Pune,Android,1,0,0,2,617,1359.62,0,0
TXN0001966,CUST02004,768.44,20,UPI,Chennai,Web,0,0,1,3,1126,1531.51,0,0
TXN0001967,CUST01272,3501.25,23,Debit Card,Delhi,Web,0,0,0,2,1353,534.67,1,0
TXN0001968,CUST00364,16401.82,19,Wallet,Delhi,Android,0,0,1,4,1031,1069.1,1,0
TXN0001969,CUST02369,819.73,16,Credit Card,Mumbai,Android,1,0,2,4,67,1484.69,0,0
TXN0001970,CUST00286,2509.69,5,UPI,Kolkata,Web,0,0,1,2,845,1320.04,0,0
TXN0001971,CUST00149,311.08,18,Credit Card,Bengaluru,Android,0,0,1,4,257,520.62,0,0
TXN0001972,CUST01108,2834.01,18,UPI,Gurugram,Android,0,0,2,5,1168,4108.09,0,0
TXN0001973,CUST02454,742.36,19,UPI,Bengaluru,Android,0,0,0,2,1046,1091.43,0,0
TXN0001974,CUST00456,963.63,7,UPI,Jaipur,Android,1,0,0,4,631,2429.66,0,0
TXN0001975,CUST01767,598.4,17,Wallet,Hyderabad,iOS,0,0,0,4,1483,1265.93,0,0
TXN0001976,CUST00800,3743.19,10,Debit Card,Noida,Android,1,0,0,4,468,3045.72,0,0
TXN0001977,CUST01185,4928.78,18,UPI,Hyderabad,Web,0,0,0,2,165,4045.33,0,0
TXN0001978,CUST01013,1842.59,9,UPI,Kolkata,iOS,1,1,1,4,635,8050.63,0,0
TXN0001979,CUST01524,758.33,17,UPI,Chennai,iOS,0,0,1,3,127,2657.59,0,0
TXN0001980,CUST00481,8822.54,10,Net Banking,Pune,Android,0,0,0,4,861,1338.77,1,0
TXN0001981,CUST01687,849.91,0,Net Banking,Noida,Android,1,1,0,4,1269,2532.22,1,0
TXN0001982,CUST02162,207.16,17,UPI,Hyderabad,iOS,0,0,1,3,657,557.11,0,0
TXN0001983,CUST01602,2846.74,7,UPI,Pune,iOS,0,0,1,3,404,2273.96,0,0
TXN0001984,CUST02409,596.31,17,Credit Card,Jaipur,Android,1,0,1,5,1823,1763.77,1,0
TXN0001985,CUST00341,4837.49,21,UPI,Mumbai,Android,0,0,0,3,936,565.23,0,0
TXN0001986,CUST02011,1229.55,22,UPI,Gurugram,Android,0,0,2,6,370,1149.9,0,0
TXN0001987,CUST02497,3292.02,9,Debit Card,Gurugram,iOS,1,0,0,2,478,4038.48,1,0
TXN0001988,CUST01867,7310.32,19,UPI,Jaipur,iOS,0,0,0,2,758,865.36,0,0
TXN0001989,CUST00835,537.37,11,Credit Card,Jaipur,iOS,1,1,0,3,348,1567.15,0,0
TXN0001990,CUST01204,1022.09,21,UPI,Pune,Web,0,0,1,2,309,574.73,1,0
TXN0001991,CUST01726,1668.82,19,Debit Card,Pune,iOS,0,0,2,4,1213,1732.57,1,0
TXN0001992,CUST01690,8375.73,5,Debit Card,Jaipur,Android,0,0,1,1,268,1150.4,0,0
TXN0001993,CUST00311,931.84,12,Credit Card,Kolkata,iOS,0,0,1,4,2953,192.05,0,0
TXN0001994,CUST00262,993.31,11,Debit Card,Hyderabad,iOS,0,0,1,6,249,1301.68,1,0
TXN0001995,CUST01443,2903.53,19,UPI,Kolkata,Android,0,0,0,4,833,2573.66,0,0
TXN0001996,CUST00406,1010.61,12,UPI,Jaipur,Android,0,0,2,4,426,850.35,0,0
TXN0001997,CUST02191,2096.59,17,UPI,Delhi,iOS,1,0,1,4,36,1327.13,0,1
TXN0001998,CUST00342,381.46,16,UPI,Kolkata,iOS,0,0,1,3,962,2372.95,0,0
TXN0001999,CUST01340,16479.49,23,UPI,Delhi,Web,0,0,0,1,1071,850.57,0,0
TXN0002000,CUST00244,467.7,22,Debit Card,Noida,Web,0,0,0,4,821,838.13,0,0
TXN0002001,CUST00490,1304.78,13,UPI,Jaipur,Android,0,0,1,1,1524,1083.31,0,0
TXN0002002,CUST00012,1742.47,18,UPI,Pune,iOS,1,0,1,8,38,1901.65,1,0
TXN0002003,CUST00561,12188.28,20,Debit Card,Delhi,iOS,0,0,1,1,221,2529.17,0,0
TXN0002004,CUST00042,478.52,21,Debit Card,Delhi,Android,0,0,0,3,2576,1759.59,0,0
TXN0002005,CUST00594,13085.32,4,UPI,Hyderabad,Android,0,0,0,10,421,1149.07,0,1
TXN0002006,CUST01453,3838.05,10,UPI,Kolkata,Android,1,0,1,6,187,2561.7,1,0
TXN0002007,CUST01827,2731.58,10,UPI,Chennai,Android,0,0,1,4,272,2089.37,0,0
TXN0002008,CUST01694,672.44,13,UPI,Chennai,Web,0,1,0,4,1712,1444.69,0,0
TXN0002009,CUST00134,3186.52,8,Wallet,Noida,Android,0,0,1,5,768,456.41,0,0
TXN0002010,CUST00948,873.1,14,UPI,Mumbai,Android,0,0,1,4,77,2665.48,1,0
TXN0002011,CUST00073,6388.17,17,Credit Card,Hyderabad,Android,1,1,0,6,175,1607.28,1,0
TXN0002012,CUST00399,681.63,14,Net Banking,Hyderabad,iOS,0,0,0,2,68,1553.06,1,0
TXN0002013,CUST01429,1607.42,17,Credit Card,Noida,Android,0,0,0,7,1189,3656.24,0,0
TXN0002014,CUST00130,1033.05,4,UPI,Pune,Android,0,0,0,4,272,1805.19,0,0
TXN0002015,CUST01812,670.5,20,Debit Card,Jaipur,Android,0,0,0,5,2276,365.16,0,0
TXN0002016,CUST02002,3777.67,22,Debit Card,Gurugram,Android,0,0,0,1,2385,2592.82,1,0
TXN0002017,CUST00266,3074.82,16,Credit Card,Jaipur,Android,0,0,1,5,648,3406.78,0,0
TXN0002018,CUST01561,6030.3,20,Wallet,Gurugram,iOS,0,0,1,4,702,1169.78,1,0
TXN0002019,CUST01986,303.59,7,Credit Card,Hyderabad,Android,1,0,2,3,408,2904.05,0,0
TXN0002020,CUST00793,5217.18,19,Debit Card,Jaipur,Android,1,0,1,4,324,7242.08,0,0
TXN0002021,CUST02301,22048.3,7,Net Banking,Kolkata,Android,0,1,0,6,288,3186.88,0,0
TXN0002022,CUST01313,1145.85,12,Credit Card,Bengaluru,Web,0,0,1,3,1563,780.33,1,0
TXN0002023,CUST00164,11976.37,11,Credit Card,Pune,Android,0,0,2,4,305,1910.81,0,0
TXN0002024,CUST00095,1383.51,16,Credit Card,Delhi,Web,0,0,1,4,1998,2856.14,0,0
TXN0002025,CUST01806,456.29,10,Debit Card,Chennai,Web,0,0,2,5,917,3324.44,0,0
TXN0002026,CUST01134,1325.98,17,Debit Card,Pune,Android,0,1,1,4,158,1385.64,0,0
TXN0002027,CUST02384,5134.54,11,UPI,Chennai,iOS,0,0,1,3,251,2736.02,1,0
TXN0002028,CUST00822,778.5,20,Debit Card,Kolkata,Android,0,0,0,3,95,1854.36,0,0
TXN0002029,CUST00238,987.53,17,Debit Card,Hyderabad,iOS,1,0,0,4,101,3031.93,0,0
TXN0002030,CUST02429,3258.69,9,Debit Card,Chennai,iOS,0,0,1,2,485,1248.67,1,0
TXN0002031,CUST01961,1805.52,11,Debit Card,Hyderabad,iOS,0,0,2,5,195,2459.45,1,0
TXN0002032,CUST01049,3229.77,20,UPI,Gurugram,Android,0,0,0,3,1751,2498.84,0,0
TXN0002033,CUST01677,2283.29,12,UPI,Mumbai,iOS,0,0,1,4,273,699.17,0,1
TXN0002034,CUST00964,2907.84,15,Debit Card,Delhi,iOS,0,0,1,1,28,1405.39,0,0
TXN0002035,CUST00537,1168.22,17,Wallet,Hyderabad,Android,0,0,1,2,75,1457.6,0,0
TXN0002036,CUST01604,2269.4,11,UPI,Pune,Web,0,0,0,5,275,1251.03,0,0
TXN0002037,CUST01980,712.06,10,Credit Card,Jaipur,Android,1,0,0,2,448,704.6,0,0
TXN0002038,CUST00128,6528.78,14,Debit Card,Noida,Web,0,0,1,2,16,4575.33,0,0
TXN0002039,CUST00092,954.58,9,Debit Card,Hyderabad,iOS,1,0,0,7,254,2572.52,1,0
TXN0002040,CUST00543,5565.76,10,Credit Card,Delhi,iOS,0,0,0,3,807,911.38,1,0
TXN0002041,CUST00846,1425.01,3,UPI,Gurugram,Web,0,0,0,3,64,1097.88,0,0
TXN0002042,CUST01682,2202.92,10,Debit Card,Bengaluru,Web,0,0,0,4,71,5768.92,1,0
TXN0002043,CUST01852,1097.27,11,Debit Card,Pune,Android,0,0,0,8,226,889.9,0,0
TXN0002044,CUST02495,651.68,22,Debit Card,Jaipur,iOS,0,0,1,3,64,1899.35,0,0
TXN0002045,CUST00390,314.44,16,Debit Card,Noida,Android,1,0,0,4,288,1811.22,0,0
TXN0002046,CUST01885,626.54,19,UPI,Chennai,Android,1,0,0,6,763,3437.69,0,0
TXN0002047,CUST00043,1301.97,2,Net Banking,Kolkata,Web,0,0,0,7,2450,2212.91,0,0
TXN0002048,CUST00254,2224.8,6,Debit Card,Jaipur,Android,1,0,1,2,27,838.98,0,0
TXN0002049,CUST01084,4943.96,19,Credit Card,Gurugram,Android,0,0,0,5,517,1967.64,0,0
TXN0002050,CUST02335,1152.61,16,Wallet,Delhi,iOS,0,0,1,6,153,1765.8,0,0
TXN0002051,CUST01541,745.15,8,Wallet,Noida,Android,0,0,0,2,351,1174.09,1,0
TXN0002052,CUST01954,425.31,12,Debit Card,Mumbai,Android,0,0,1,5,3000,1002.75,0,0
TXN0002053,CUST02393,2909.12,15,Credit Card,Delhi,iOS,0,0,0,2,2996,1835.9,1,0
TXN0002054,CUST00642,7177.72,20,Credit Card,Hyderabad,iOS,0,0,1,2,560,1227.6,0,0
TXN0002055,CUST02430,6386.06,3,UPI,Pune,Android,0,0,0,2,108,1792.56,0,0
TXN0002056,CUST00690,3660.94,16,UPI,Noida,Android,0,0,2,3,416,1874.33,0,0
TXN0002057,CUST01277,3408.7,18,Credit Card,Delhi,Web,0,0,1,3,1085,2130.91,1,0
TXN0002058,CUST01951,9829.72,23,Credit Card,Delhi,Web,0,0,1,1,511,874.46,0,0
TXN0002059,CUST01080,2508.96,19,UPI,Jaipur,iOS,0,0,1,6,758,1328.82,1,0
TXN0002060,CUST01487,3434.65,10,Wallet,Mumbai,Android,0,0,1,3,884,878.35,0,0
TXN0002061,CUST00457,1306.04,18,Credit Card,Gurugram,Android,0,0,0,6,364,875.39,1,0
TXN0002062,CUST00983,461.05,19,Credit Card,Hyderabad,Web,0,0,0,3,665,2600.56,0,0
TXN0002063,CUST02131,908.41,18,UPI,Kolkata,Android,0,0,0,1,79,2056.66,0,0
TXN0002064,CUST01123,1783.59,19,UPI,Bengaluru,Web,0,0,0,5,289,3991.04,0,0
TXN0002065,CUST00149,1912.81,21,Wallet,Delhi,Android,1,0,3,4,427,625.81,0,0
TXN0002066,CUST01353,12355.14,6,UPI,Delhi,Web,0,0,0,6,780,1297.5,0,0
TXN0002067,CUST01180,1952.41,6,Credit Card,Gurugram,Android,0,0,0,2,373,1182.31,0,0
TXN0002068,CUST00190,5851.1,19,Credit Card,Hyderabad,Android,0,0,0,4,1903,4575.66,0,0
TXN0002069,CUST00883,1164.99,9,Credit Card,Bengaluru,iOS,0,0,1,3,200,994.9,0,0
TXN0002070,CUST02311,1317.99,3,Credit Card,Chennai,Web,1,0,0,1,117,1197.53,1,0
TXN0002071,CUST00400,476.53,12,UPI,Delhi,iOS,0,0,1,1,132,3693.41,1,0
TXN0002072,CUST00609,856.81,19,UPI,Bengaluru,Android,0,0,1,5,278,4740.83,0,0
TXN0002073,CUST01796,3048.86,7,Credit Card,Hyderabad,Web,0,0,2,2,454,399.88,0,0
TXN0002074,CUST01639,1813.66,17,Debit Card,Pune,iOS,0,0,3,5,224,2011.4,0,0
TXN0002075,CUST01576,4621.53,0,UPI,Gurugram,Android,1,0,0,2,1212,844.8,0,0
TXN0002076,CUST02149,2157.7,7,UPI,Bengaluru,Android,0,0,0,5,724,3399.89,1,0
TXN0002077,CUST01383,1265.33,11,UPI,Hyderabad,iOS,0,0,1,7,184,2742.64,0,0
TXN0002078,CUST01404,15426.45,5,Debit Card,Chennai,Android,0,0,1,5,865,1065.89,1,0
TXN0002079,CUST00820,1638.67,20,UPI,Noida,Web,0,1,0,5,515,993.5,0,0
TXN0002080,CUST00820,5759.14,20,UPI,Gurugram,Android,0,0,1,5,694,1198.13,0,0
TXN0002081,CUST00420,1205.12,18,Debit Card,Bengaluru,iOS,0,0,0,4,1713,1817.05,0,0
TXN0002082,CUST00124,3659.72,9,UPI,Bengaluru,Android,0,0,0,3,169,678.85,0,0
TXN0002083,CUST00422,4553.07,15,Credit Card,Kolkata,Android,0,0,0,4,1513,1070.06,0,0
TXN0002084,CUST01509,2217.27,8,UPI,Gurugram,Android,0,0,1,4,729,2509.39,1,0
TXN0002085,CUST01598,170.9,10,Wallet,Delhi,Android,0,0,0,4,140,1226.88,0,0
TXN0002086,CUST00768,1833.16,14,UPI,Delhi,Android,0,0,2,2,1435,1693.66,1,0
TXN0002087,CUST02045,6161.05,18,UPI,Mumbai,Android,0,0,1,5,348,820.87,0,0
TXN0002088,CUST02203,3050.38,6,Net Banking,Pune,Android,0,1,2,5,139,1469.09,0,0
TXN0002089,CUST02140,2811.24,10,UPI,Bengaluru,Android,0,1,1,2,186,1549.73,1,0
TXN0002090,CUST01550,321.59,21,Credit Card,Noida,Android,1,0,1,7,781,1958.68,0,0
TXN0002091,CUST01765,875.76,13,UPI,Chennai,Android,0,0,1,3,1720,2298.13,0,0
TXN0002092,CUST02045,2715.96,22,UPI,Bengaluru,Web,0,0,0,3,163,1022.97,1,0
TXN0002093,CUST00510,2713.31,23,Credit Card,Noida,Android,1,0,0,6,1492,4168.01,0,0
TXN0002094,CUST01207,6064.51,15,Wallet,Noida,Android,0,0,0,7,39,604.8,0,0
TXN0002095,CUST00386,1557.25,10,UPI,Mumbai,Android,0,0,1,3,79,1078.27,0,0
TXN0002096,CUST01598,2700.97,19,Credit Card,Chennai,Android,0,0,1,3,270,529.63,0,0
TXN0002097,CUST02453,1829.72,8,Credit Card,Bengaluru,iOS,0,0,1,1,531,2439.36,1,0
TXN0002098,CUST02294,670.89,9,UPI,Kolkata,Android,0,0,1,2,511,1276.08,1,0
TXN0002099,CUST00742,188.62,19,Credit Card,Mumbai,Android,1,1,0,1,27,1137.73,0,0
TXN0002100,CUST01912,2769.86,13,UPI,Gurugram,iOS,0,0,1,2,22,1268.25,1,0
TXN0002101,CUST01447,2141.99,8,UPI,Mumbai,Web,0,0,0,4,645,611.45,0,0
TXN0002102,CUST00901,970.07,17,UPI,Mumbai,Web,0,0,1,3,354,792.01,0,0
TXN0002103,CUST02113,356.51,18,Wallet,Pune,Android,0,0,0,4,393,4334.08,1,0
TXN0002104,CUST02261,3378.82,7,UPI,Bengaluru,iOS,0,0,0,3,18,2331.0,1,0
TXN0002105,CUST02010,1379.7,10,Credit Card,Bengaluru,Android,0,0,1,5,3000,2106.65,0,0
TXN0002106,CUST00242,3141.38,9,UPI,Jaipur,iOS,0,0,1,4,533,3064.25,0,0
TXN0002107,CUST02386,11609.63,12,UPI,Mumbai,Android,0,0,1,6,1473,1604.83,0,0
TXN0002108,CUST02021,211.48,19,Credit Card,Chennai,Android,0,0,1,7,273,1624.68,0,0
TXN0002109,CUST00173,894.21,18,Debit Card,Chennai,iOS,0,0,1,2,493,660.44,0,0
TXN0002110,CUST00672,1459.96,17,UPI,Kolkata,iOS,0,0,0,3,332,759.3,1,0
TXN0002111,CUST00164,7710.73,0,UPI,Noida,iOS,0,0,1,3,76,3154.23,0,0
TXN0002112,CUST00465,350.42,7,Wallet,Noida,Android,0,0,0,4,342,694.07,1,0
TXN0002113,CUST00497,12474.02,9,UPI,Bengaluru,iOS,0,0,0,6,161,865.79,0,0
TXN0002114,CUST00700,2061.93,10,Debit Card,Pune,Web,0,0,0,3,182,705.59,0,0
TXN0002115,CUST02443,1635.23,7,Debit Card,Chennai,Android,0,0,0,6,839,1592.94,0,0
TXN0002116,CUST00703,1476.58,12,Debit Card,Hyderabad,Android,0,0,1,2,250,1476.01,0,0
TXN0002117,CUST01941,1163.61,5,Wallet,Jaipur,iOS,0,0,0,2,815,1404.3,1,0
TXN0002118,CUST02356,5134.09,18,Debit Card,Pune,Android,1,0,1,1,2448,317.48,1,0
TXN0002119,CUST01792,618.33,19,UPI,Hyderabad,iOS,0,0,1,1,236,1476.84,0,0
TXN0002120,CUST00183,2542.63,16,UPI,Noida,Android,0,0,0,5,161,2043.29,0,0
TXN0002121,CUST00629,1225.81,6,UPI,Gurugram,Web,1,0,1,1,838,2102.94,0,0
TXN0002122,CUST01732,840.01,21,UPI,Delhi,Web,0,0,1,5,513,867.29,0,0
TXN0002123,CUST00546,23897.21,22,Wallet,Delhi,Android,1,1,2,4,954,3359.73,0,0
TXN0002124,CUST01588,2736.93,8,UPI,Hyderabad,Android,0,0,0,2,103,1823.83,0,0
TXN0002125,CUST00624,3323.61,18,Debit Card,Pune,Android,1,0,1,2,638,1349.02,0,0
TXN0002126,CUST00594,5615.68,20,Debit Card,Noida,Android,0,0,0,6,765,3012.5,0,0
TXN0002127,CUST00744,434.5,15,Debit Card,Delhi,Android,1,0,0,3,86,1190.57,0,0
TXN0002128,CUST01769,10382.05,11,Credit Card,Bengaluru,iOS,0,0,1,2,100,2833.75,1,0
TXN0002129,CUST01460,146.44,14,Debit Card,Hyderabad,Web,0,0,0,2,1688,1419.6,1,0
TXN0002130,CUST01949,834.45,14,UPI,Jaipur,Web,1,0,0,3,126,631.8,0,0
TXN0002131,CUST02069,1137.41,12,Debit Card,Mumbai,Android,0,0,0,2,696,1492.93,0,0
TXN0002132,CUST02445,3220.41,21,UPI,Gurugram,iOS,0,0,0,1,470,3609.28,0,0
TXN0002133,CUST00105,2240.07,18,Wallet,Bengaluru,Android,0,0,0,2,1053,1027.63,0,0
TXN0002134,CUST02240,1523.44,9,UPI,Hyderabad,Android,0,0,1,4,31,1545.18,0,0
TXN0002135,CUST00017,1778.53,16,UPI,Hyderabad,Android,0,0,0,3,10,1490.23,1,0
TXN0002136,CUST00393,676.9,17,Credit Card,Delhi,Web,1,0,0,1,832,849.57,0,0
TXN0002137,CUST00425,402.75,7,Debit Card,Chennai,Android,0,0,1,4,1264,876.22,0,0
TXN0002138,CUST02177,3722.14,11,Debit Card,Chennai,Web,0,0,0,1,601,1563.29,1,0
TXN0002139,CUST00572,3602.01,21,UPI,Mumbai,iOS,0,0,0,7,290,1823.23,1,0
TXN0002140,CUST02077,8778.28,15,UPI,Delhi,Android,0,0,0,3,349,967.92,0,0
TXN0002141,CUST01121,816.91,9,UPI,Chennai,Android,1,0,2,1,900,4859.31,0,0
TXN0002142,CUST00242,3598.81,7,Credit Card,Chennai,Android,0,0,3,5,434,1947.41,1,0
TXN0002143,CUST02280,1355.38,15,Credit Card,Kolkata,iOS,0,0,0,5,697,827.26,0,0
TXN0002144,CUST00789,5919.56,15,UPI,Jaipur,iOS,0,1,1,5,1778,3049.0,0,0
TXN0002145,CUST00715,5001.56,11,Debit Card,Jaipur,Android,0,0,2,6,192,2707.0,0,0
TXN0002146,CUST00759,2223.31,17,UPI,Mumbai,Android,0,0,0,1,101,5344.09,0,0
TXN0002147,CUST00776,1281.79,4,Net Banking,Noida,Web,0,0,1,2,1137,1573.97,0,0
TXN0002148,CUST02248,4705.44,7,UPI,Chennai,Android,0,0,0,2,713,1442.04,0,0
TXN0002149,CUST00079,3437.32,15,Credit Card,Chennai,iOS,0,0,1,4,396,2299.92,0,0
TXN0002150,CUST00856,907.87,3,Credit Card,Gurugram,iOS,0,0,0,1,504,1901.07,0,0
TXN0002151,CUST01440,477.11,20,UPI,Mumbai,Android,0,0,0,4,1442,1313.58,0,0
TXN0002152,CUST02497,1348.85,7,UPI,Jaipur,Web,0,0,1,8,1889,1235.97,0,0
TXN0002153,CUST02135,8192.35,17,UPI,Mumbai,iOS,0,0,0,3,10,1311.55,0,0
TXN0002154,CUST02149,5664.81,12,UPI,Chennai,Android,0,0,2,1,773,1815.5,0,1
TXN0002155,CUST01032,591.83,12,UPI,Delhi,Web,0,0,1,2,2210,1413.91,0,0
TXN0002156,CUST00845,559.91,19,UPI,Chennai,Web,0,0,1,2,124,441.98,0,0
TXN0002157,CUST00087,6439.63,14,UPI,Chennai,iOS,1,0,0,3,118,1972.95,0,0
TXN0002158,CUST02091,578.19,18,UPI,Noida,Android,0,0,0,4,80,3627.39,0,0
TXN0002159,CUST00408,2995.41,14,UPI,Pune,Web,1,1,0,1,331,998.65,1,0
TXN0002160,CUST01669,972.11,16,UPI,Pune,Android,1,0,1,6,909,1642.73,0,0
TXN0002161,CUST00148,9068.72,19,UPI,Chennai,Android,0,0,2,4,467,1314.96,0,0
TXN0002162,CUST02325,833.07,16,Credit Card,Chennai,Android,1,0,1,2,293,2108.97,0,0
TXN0002163,CUST00232,5647.13,16,Debit Card,Noida,Android,0,0,2,15,511,2813.35,1,0
TXN0002164,CUST01951,2165.49,19,Net Banking,Delhi,Web,0,1,0,6,259,3193.51,0,0
TXN0002165,CUST00366,2316.32,22,UPI,Gurugram,iOS,0,0,1,5,425,1132.5,0,0
TXN0002166,CUST01675,250.94,12,UPI,Pune,iOS,0,1,0,2,382,2017.76,0,0
TXN0002167,CUST00436,198.87,16,UPI,Gurugram,Android,0,0,1,3,1485,5046.09,0,0
TXN0002168,CUST00399,1443.72,5,Credit Card,Mumbai,Web,1,0,0,7,457,1165.2,0,0
TXN0002169,CUST01235,2304.11,11,Credit Card,Bengaluru,Android,0,0,0,1,645,1560.27,0,0
TXN0002170,CUST01415,584.26,12,UPI,Delhi,Android,0,0,1,5,210,1386.85,1,0
TXN0002171,CUST00563,605.98,20,Debit Card,Chennai,iOS,1,0,0,2,269,3081.27,1,0
TXN0002172,CUST02490,3155.85,14,Debit Card,Mumbai,Android,0,0,0,3,2257,1090.42,0,0
TXN0002173,CUST01285,3160.22,18,Net Banking,Delhi,Android,0,0,0,4,563,9127.48,1,0
TXN0002174,CUST00773,1568.38,0,UPI,Gurugram,Web,1,0,1,5,213,2657.72,0,0
TXN0002175,CUST02398,3927.44,13,UPI,Gurugram,iOS,0,0,2,4,44,1564.48,1,0
TXN0002176,CUST02038,556.32,21,UPI,Pune,Web,0,0,1,1,560,4730.7,0,0
TXN0002177,CUST01344,1260.93,9,UPI,Noida,iOS,0,0,2,3,52,652.43,0,0
TXN0002178,CUST02186,9352.69,1,Wallet,Gurugram,Android,0,0,1,4,105,754.26,0,0
TXN0002179,CUST01574,1927.28,13,UPI,Chennai,Android,0,0,0,5,146,1371.17,1,0
TXN0002180,CUST00992,2042.35,18,Credit Card,Mumbai,Web,0,1,1,1,614,1540.3,0,0
TXN0002181,CUST02416,18060.61,13,UPI,Hyderabad,Android,0,0,0,3,309,1431.11,1,0
TXN0002182,CUST01247,444.17,13,UPI,Bengaluru,iOS,1,0,3,4,787,2628.31,0,0
TXN0002183,CUST00360,3991.7,17,UPI,Jaipur,Android,0,0,1,1,149,947.82,1,0
TXN0002184,CUST00921,9504.57,9,UPI,Kolkata,iOS,0,0,1,4,1293,2421.83,0,0
TXN0002185,CUST02377,1300.73,18,Credit Card,Jaipur,Android,0,0,0,6,143,1763.68,1,0
TXN0002186,CUST00963,4252.12,8,Net Banking,Jaipur,Android,0,0,2,8,20,2859.56,0,0
TXN0002187,CUST01828,674.2,12,Credit Card,Jaipur,iOS,0,0,0,3,360,2246.57,0,0
TXN0002188,CUST01614,905.79,17,Credit Card,Noida,Android,0,0,0,3,79,904.86,0,1
TXN0002189,CUST01641,2645.22,20,UPI,Chennai,iOS,0,0,3,5,332,3479.71,1,0
TXN0002190,CUST02217,4000.24,19,Debit Card,Mumbai,iOS,0,0,0,6,2104,1674.14,1,0
TXN0002191,CUST00217,5521.91,18,UPI,Gurugram,iOS,1,0,0,1,968,1027.46,0,0
TXN0002192,CUST00378,8648.75,11,Wallet,Delhi,Android,1,0,0,3,370,3762.26,0,0
TXN0002193,CUST00119,1682.6,7,Credit Card,Chennai,iOS,0,0,0,3,782,562.16,1,0
TXN0002194,CUST00190,5938.15,9,UPI,Bengaluru,Web,0,0,1,10,332,532.08,1,0
TXN0002195,CUST00370,1278.24,20,UPI,Noida,iOS,0,0,2,2,10,1745.64,1,0
TXN0002196,CUST01802,4436.55,20,Net Banking,Noida,iOS,0,0,1,3,967,1233.16,1,0
TXN0002197,CUST02197,2215.05,22,UPI,Delhi,Web,0,0,0,6,862,4384.01,0,0
TXN0002198,CUST00652,2810.79,5,UPI,Hyderabad,Web,0,0,1,4,1497,2028.05,0,0
TXN0002199,CUST01883,2749.16,15,UPI,Jaipur,Android,0,0,1,2,73,1251.71,0,0
TXN0002200,CUST01512,361.71,17,Credit Card,Noida,Web,0,0,2,1,1005,1460.59,0,0
TXN0002201,CUST00770,584.89,18,UPI,Gurugram,Android,0,0,0,5,995,3712.62,0,0
TXN0002202,CUST02422,1994.37,17,Debit Card,Gurugram,Web,0,0,0,2,271,1825.77,0,0
TXN0002203,CUST00781,333.04,19,Wallet,Mumbai,Android,0,0,0,4,308,2111.08,0,0
TXN0002204,CUST01717,4132.98,11,Wallet,Gurugram,Android,0,0,1,2,327,2185.19,1,0
TXN0002205,CUST02208,4303.13,8,UPI,Noida,Web,0,0,0,1,262,4713.53,1,0
TXN0002206,CUST02399,2496.67,8,Credit Card,Gurugram,Android,0,1,0,5,522,2102.99,0,0
TXN0002207,CUST01312,586.64,0,UPI,Gurugram,Android,0,0,0,5,433,1405.94,1,0
TXN0002208,CUST01250,7155.82,11,Credit Card,Bengaluru,iOS,0,0,1,3,514,1363.31,0,0
TXN0002209,CUST00523,13804.54,6,Debit Card,Chennai,iOS,0,0,1,5,550,1525.76,0,0
TXN0002210,CUST00522,2085.2,11,Credit Card,Bengaluru,Android,1,0,0,6,710,2073.75,0,0
TXN0002211,CUST00783,2999.13,16,Wallet,Pune,Android,0,0,0,4,209,993.24,0,0
TXN0002212,CUST02321,2202.35,21,Debit Card,Jaipur,Android,0,1,1,8,126,1432.71,0,0
TXN0002213,CUST00936,3059.21,20,UPI,Chennai,Android,0,0,0,4,452,5837.38,0,0
TXN0002214,CUST02231,1597.16,9,Credit Card,Mumbai,Android,0,0,0,3,338,1050.06,0,0
TXN0002215,CUST01689,1738.85,7,UPI,Bengaluru,Android,0,0,1,3,748,995.15,0,0
TXN0002216,CUST00488,4452.67,8,UPI,Kolkata,Android,0,0,1,8,505,3919.6,0,0
TXN0002217,CUST01851,18791.62,22,UPI,Jaipur,iOS,0,0,2,4,708,1548.01,0,0
TXN0002218,CUST00846,443.84,15,Wallet,Jaipur,Web,1,0,0,1,129,2359.83,0,0
TXN0002219,CUST02172,1622.51,8,UPI,Chennai,iOS,0,0,0,3,2804,6386.27,0,0
TXN0002220,CUST02462,552.85,20,Credit Card,Bengaluru,Android,1,0,1,6,156,1425.61,0,0
TXN0002221,CUST02004,8844.64,12,Debit Card,Hyderabad,iOS,0,0,1,4,304,2015.05,0,0
TXN0002222,CUST01749,1000.05,21,Debit Card,Pune,Web,0,1,0,1,762,952.57,0,0
TXN0002223,CUST00686,425.11,9,Debit Card,Noida,Android,0,0,1,3,15,1353.6,0,0
TXN0002224,CUST02161,3407.48,12,UPI,Kolkata,Android,1,0,2,2,1051,1524.57,0,0
TXN0002225,CUST02170,10299.53,14,Debit Card,Bengaluru,Web,0,0,1,5,519,466.77,0,0
TXN0002226,CUST01568,3495.18,21,Credit Card,Mumbai,iOS,1,0,0,3,1276,3131.35,0,0
TXN0002227,CUST01246,2209.1,20,Credit Card,Bengaluru,Web,0,0,0,3,468,2337.43,1,0
TXN0002228,CUST00039,2709.94,16,UPI,Chennai,iOS,1,0,0,6,16,1922.9,0,0
TXN0002229,CUST00780,7408.5,9,UPI,Kolkata,Android,0,0,0,3,408,2375.65,0,0
TXN0002230,CUST01257,750.95,12,Wallet,Noida,Android,0,1,2,5,1361,482.58,0,0
TXN0002231,CUST02197,1609.53,23,UPI,Pune,iOS,1,0,2,2,179,2517.02,0,0
TXN0002232,CUST01928,1144.65,16,UPI,Mumbai,Android,1,0,2,4,231,700.83,0,0
TXN0002233,CUST00302,559.85,19,UPI,Mumbai,Android,1,0,2,2,19,1059.91,1,0
TXN0002234,CUST02286,1296.17,13,UPI,Jaipur,Android,0,0,0,5,1142,2429.65,1,0
TXN0002235,CUST00647,5449.41,15,UPI,Chennai,Web,1,0,0,4,1210,691.97,0,0
TXN0002236,CUST00663,3172.08,13,Credit Card,Chennai,Web,0,0,0,4,106,1845.25,0,0
TXN0002237,CUST02284,3428.41,18,Wallet,Delhi,Android,0,0,0,4,144,5922.05,1,0
TXN0002238,CUST01760,2083.94,20,UPI,Delhi,iOS,0,0,2,4,457,1316.14,0,0
TXN0002239,CUST02251,3037.73,14,UPI,Gurugram,Android,0,0,1,3,145,2787.08,1,0
TXN0002240,CUST00256,808.31,14,Credit Card,Kolkata,Android,0,0,0,5,143,441.7,1,0
TXN0002241,CUST00598,1320.85,11,UPI,Noida,Android,0,0,1,2,308,4253.88,0,0
TXN0002242,CUST00662,2181.02,8,Wallet,Chennai,iOS,0,0,0,3,499,1413.21,0,0
TXN0002243,CUST00235,2375.72,22,UPI,Bengaluru,Android,0,0,2,2,16,1212.44,0,0
TXN0002244,CUST01369,2479.3,10,Credit Card,Bengaluru,Android,0,0,2,2,1265,1098.57,1,0
TXN0002245,CUST00770,1567.45,19,Credit Card,Bengaluru,Android,0,0,0,4,770,460.94,1,0
TXN0002246,CUST00213,1234.13,18,Debit Card,Delhi,Android,0,0,0,5,55,1741.73,1,0
TXN0002247,CUST00463,42332.62,19,Credit Card,Bengaluru,Web,1,0,0,2,513,609.64,0,0
TXN0002248,CUST02484,4457.44,22,UPI,Mumbai,Android,0,0,2,4,85,576.22,0,0
TXN0002249,CUST00283,2720.82,16,UPI,Noida,Android,0,0,1,9,692,917.37,0,0
TXN0002250,CUST01487,1425.58,21,Wallet,Jaipur,Android,0,0,1,2,129,2095.98,0,0
TXN0002251,CUST01431,1146.33,8,Debit Card,Jaipur,Android,1,0,0,3,160,579.23,1,0
TXN0002252,CUST00088,1579.31,16,UPI,Pune,iOS,0,0,1,1,1113,861.17,0,0
TXN0002253,CUST01068,2412.38,19,Debit Card,Chennai,Android,1,0,0,5,223,3829.39,0,0
TXN0002254,CUST00461,274.54,10,Credit Card,Delhi,Android,0,0,2,2,1081,1514.19,0,0
TXN0002255,CUST02326,374.71,18,Credit Card,Mumbai,Android,0,0,1,5,852,2824.48,0,0
TXN0002256,CUST02469,952.09,19,UPI,Mumbai,Android,1,1,0,2,231,1633.44,0,0
TXN0002257,CUST01725,2214.28,20,Debit Card,Kolkata,Android,0,0,1,2,702,2474.35,0,0
TXN0002258,CUST01377,1416.96,10,UPI,Kolkata,Web,0,1,1,4,10,2054.62,0,0
TXN0002259,CUST00515,7892.46,17,Debit Card,Pune,Android,0,0,0,5,511,2204.64,0,0
TXN0002260,CUST00703,408.77,10,UPI,Noida,iOS,1,0,1,5,1056,3553.18,0,0
TXN0002261,CUST01654,849.12,18,Debit Card,Hyderabad,iOS,0,0,1,1,1115,714.25,1,0
TXN0002262,CUST02067,8230.76,13,UPI,Gurugram,Android,1,0,0,3,579,2706.81,0,0
TXN0002263,CUST00023,2052.19,16,UPI,Noida,iOS,0,0,1,5,260,1937.04,0,0
TXN0002264,CUST02461,4360.69,12,UPI,Bengaluru,iOS,0,1,1,1,2146,689.98,1,0
TXN0002265,CUST01054,13999.67,8,UPI,Bengaluru,iOS,0,0,0,5,2746,1410.43,0,1
TXN0002266,CUST01831,899.41,8,Credit Card,Gurugram,Web,0,0,2,7,15,1294.66,1,0
TXN0002267,CUST02156,1629.82,5,UPI,Gurugram,Android,0,0,0,7,104,946.42,1,0
TXN0002268,CUST01305,1370.75,16,Net Banking,Chennai,Android,0,0,1,4,2240,1840.77,0,0
TXN0002269,CUST01135,254.92,20,Credit Card,Jaipur,Android,0,0,1,1,3000,2322.65,0,1
TXN0002270,CUST02184,1319.68,0,Credit Card,Delhi,Android,0,0,2,5,1728,6809.05,0,0
TXN0002271,CUST00362,4344.23,4,UPI,Bengaluru,Android,0,0,1,7,48,1597.0,0,0
TXN0002272,CUST02177,3090.63,13,UPI,Chennai,Web,0,0,0,1,639,765.39,0,0
TXN0002273,CUST01900,3343.0,18,UPI,Hyderabad,Android,1,1,0,4,40,2285.46,1,0
TXN0002274,CUST01285,1236.49,8,Debit Card,Hyderabad,Android,1,0,0,2,384,4849.84,0,0
TXN0002275,CUST00515,933.97,10,UPI,Delhi,Android,0,1,0,5,2272,669.31,0,0
TXN0002276,CUST00449,6404.77,9,Debit Card,Pune,Android,0,1,2,4,1208,975.58,0,0
TXN0002277,CUST01924,1094.69,12,UPI,Jaipur,Android,0,0,1,1,81,851.69,0,0
TXN0002278,CUST01507,2415.41,9,Net Banking,Hyderabad,Web,0,0,0,2,469,352.83,1,0
TXN0002279,CUST01248,2119.38,11,UPI,Delhi,Web,0,0,1,5,91,2345.98,1,0
TXN0002280,CUST01856,7764.05,18,UPI,Jaipur,Android,1,0,1,1,98,974.45,1,0
TXN0002281,CUST00874,4755.01,16,Credit Card,Pune,Android,1,0,1,5,80,1548.54,1,0
TXN0002282,CUST01429,492.89,5,Net Banking,Chennai,iOS,0,0,1,3,61,2800.28,1,0
TXN0002283,CUST02350,548.94,17,Credit Card,Chennai,Web,1,0,0,6,137,749.99,0,0
TXN0002284,CUST02279,3211.37,14,UPI,Mumbai,Web,0,0,0,3,1492,1051.55,0,0
TXN0002285,CUST01755,1687.84,21,Credit Card,Delhi,iOS,1,0,0,4,265,992.19,0,0
TXN0002286,CUST00923,1141.81,10,Wallet,Kolkata,Android,0,0,2,7,1150,379.59,0,0
TXN0002287,CUST02160,4969.97,18,UPI,Chennai,iOS,0,0,1,3,23,1115.64,1,0
TXN0002288,CUST01037,2171.13,18,UPI,Bengaluru,Android,0,0,1,7,531,504.32,0,0
TXN0002289,CUST01417,1896.94,9,Debit Card,Pune,iOS,1,0,3,4,520,1811.95,1,1
TXN0002290,CUST02282,3925.98,21,Wallet,Bengaluru,iOS,0,0,1,3,1522,2422.24,0,0
TXN0002291,CUST00314,1236.99,14,Debit Card,Pune,iOS,1,0,1,1,88,617.12,1,0
TXN0002292,CUST02257,8639.16,17,Net Banking,Pune,iOS,0,0,0,4,848,4641.29,0,0
TXN0002293,CUST01998,818.52,7,UPI,Gurugram,iOS,1,0,1,2,933,3216.56,1,0
TXN0002294,CUST01038,3471.95,9,Credit Card,Noida,iOS,1,0,1,4,445,1503.38,1,0
TXN0002295,CUST01657,7550.54,16,Debit Card,Delhi,Android,0,0,2,4,153,775.64,0,1
TXN0002296,CUST01779,454.07,10,Debit Card,Kolkata,Web,1,0,0,4,252,1440.19,0,0
TXN0002297,CUST01015,1276.92,14,Debit Card,Gurugram,iOS,0,0,1,5,459,5253.15,0,0
TXN0002298,CUST01094,5640.62,12,Wallet,Mumbai,iOS,1,1,0,5,405,2032.5,1,0
TXN0002299,CUST01125,5726.08,17,UPI,Gurugram,Android,0,0,0,5,722,812.37,0,0
TXN0002300,CUST00698,1516.33,14,UPI,Pune,Web,0,0,1,2,177,932.89,0,0
TXN0002301,CUST02180,863.39,0,UPI,Bengaluru,Android,0,0,2,2,210,666.54,1,0
TXN0002302,CUST01405,4681.99,17,Debit Card,Noida,iOS,0,0,1,6,1411,557.45,0,0
TXN0002303,CUST01156,5878.7,13,UPI,Kolkata,Web,0,0,0,3,811,2186.8,0,0
TXN0002304,CUST01044,561.65,11,Debit Card,Noida,Web,0,0,1,3,263,769.88,0,0
TXN0002305,CUST01930,540.03,6,UPI,Noida,iOS,1,0,0,3,766,2329.65,0,0
TXN0002306,CUST01014,2254.76,9,UPI,Kolkata,Android,0,1,1,5,15,3779.98,0,0
TXN0002307,CUST00227,3377.54,9,Credit Card,Delhi,Web,0,1,0,5,262,9681.13,0,0
TXN0002308,CUST01829,1334.71,22,Debit Card,Jaipur,Web,1,0,1,8,92,1734.92,1,0
TXN0002309,CUST01493,3550.47,13,UPI,Jaipur,Android,1,0,0,3,205,227.99,0,0
TXN0002310,CUST00822,884.84,2,Debit Card,Jaipur,Android,0,0,1,5,499,3317.09,0,0
TXN0002311,CUST02024,217.21,7,UPI,Noida,Android,0,0,1,2,620,1642.34,1,0
TXN0002312,CUST00871,1178.08,5,UPI,Chennai,Android,0,0,0,3,2001,1183.46,0,0
TXN0002313,CUST02453,1917.49,16,UPI,Mumbai,Android,0,0,2,5,563,1692.09,1,0
TXN0002314,CUST02250,1366.08,8,Debit Card,Mumbai,Android,0,0,1,1,210,960.13,1,0
TXN0002315,CUST02086,565.06,14,UPI,Mumbai,Web,0,1,0,1,918,3428.44,1,0
TXN0002316,CUST01796,292.92,12,Wallet,Gurugram,Android,0,0,1,2,295,1587.58,1,0
TXN0002317,CUST00188,1076.48,19,Credit Card,Chennai,Web,0,0,1,7,77,2294.89,0,0
TXN0002318,CUST01081,4416.92,11,UPI,Bengaluru,Web,0,0,0,4,560,1490.95,0,0
TXN0002319,CUST00941,6321.67,13,UPI,Pune,Web,0,0,0,3,472,2433.6,0,0
TXN0002320,CUST02321,5903.23,18,UPI,Gurugram,Android,0,0,3,6,17,1538.83,0,0
TXN0002321,CUST00526,796.03,13,Credit Card,Gurugram,Android,1,0,1,4,128,1007.67,0,0
TXN0002322,CUST00336,567.84,19,Credit Card,Gurugram,Android,1,0,0,3,92,2640.47,0,0
TXN0002323,CUST01079,2957.73,17,Debit Card,Jaipur,Web,0,0,0,5,341,5118.84,0,0
TXN0002324,CUST00162,3396.98,12,UPI,Hyderabad,Android,0,0,1,4,3000,1573.96,0,0
TXN0002325,CUST00594,2685.74,14,UPI,Chennai,Android,0,0,2,1,844,5611.7,1,0
TXN0002326,CUST01939,240.2,22,UPI,Delhi,Android,0,1,0,4,222,4063.04,0,0
TXN0002327,CUST02207,756.47,17,UPI,Jaipur,Android,0,0,1,4,1806,1885.67,0,0
TXN0002328,CUST00060,1747.35,21,UPI,Pune,Web,0,0,2,1,454,4423.49,1,0
TXN0002329,CUST01902,2930.01,8,Net Banking,Mumbai,iOS,0,0,1,1,1113,969.16,0,0
TXN0002330,CUST02259,3877.13,14,Credit Card,Kolkata,iOS,0,0,0,2,2503,5851.28,0,0
TXN0002331,CUST00406,2079.32,21,Debit Card,Hyderabad,Android,0,0,1,2,993,1060.24,0,0
TXN0002332,CUST00664,2505.71,11,UPI,Hyderabad,Web,0,0,2,1,1056,207.49,1,0
TXN0002333,CUST01133,1959.43,22,UPI,Gurugram,Android,0,0,0,5,1800,1696.8,0,1
TXN0002334,CUST01100,3573.0,6,UPI,Delhi,Web,0,0,0,2,146,2236.04,1,0
TXN0002335,CUST00542,2461.21,21,UPI,Pune,Android,0,0,0,4,1137,1772.43,0,0
TXN0002336,CUST01338,1922.3,13,Credit Card,Mumbai,iOS,0,1,2,3,113,1202.85,0,0
TXN0002337,CUST00998,1376.33,5,UPI,Pune,Android,0,0,3,1,486,1318.0,0,0
TXN0002338,CUST01141,1952.44,20,Debit Card,Kolkata,Android,0,0,1,4,67,731.03,0,0
TXN0002339,CUST00868,2922.32,9,Net Banking,Bengaluru,Android,0,0,0,3,244,1024.31,0,0
TXN0002340,CUST02067,2351.99,0,UPI,Hyderabad,Android,0,0,0,4,95,3762.06,0,0
TXN0002341,CUST00432,2634.29,7,Debit Card,Mumbai,Android,0,0,2,5,1074,3343.0,0,0
TXN0002342,CUST00740,6893.01,17,Credit Card,Kolkata,iOS,0,0,1,4,565,1804.67,0,0
TXN0002343,CUST01374,2346.56,23,UPI,Gurugram,Android,0,0,1,2,132,951.24,0,0
TXN0002344,CUST00183,940.62,7,Wallet,Chennai,Android,0,0,1,2,1158,1130.54,0,0
TXN0002345,CUST02161,4355.3,13,UPI,Chennai,Android,0,0,1,3,616,1802.36,0,0
TXN0002346,CUST01207,459.13,8,Debit Card,Gurugram,Android,0,0,0,2,47,1236.14,1,0
TXN0002347,CUST01170,610.41,18,UPI,Noida,Android,0,1,0,4,228,1902.02,0,0
TXN0002348,CUST00831,2518.43,7,UPI,Delhi,Android,0,0,1,3,84,2278.69,1,0
TXN0002349,CUST01652,3016.76,9,UPI,Mumbai,Android,0,1,2,4,57,2250.13,1,0
TXN0002350,CUST01137,518.27,8,Wallet,Kolkata,Android,0,0,2,1,685,1438.9,0,0
TXN0002351,CUST00476,1227.49,15,UPI,Bengaluru,iOS,0,0,1,3,83,537.69,1,0
TXN0002352,CUST01327,981.87,20,UPI,Pune,Android,0,0,1,2,95,1978.26,0,0
TXN0002353,CUST00971,1106.4,14,UPI,Delhi,Web,0,0,3,4,907,1344.58,1,0
TXN0002354,CUST01020,4624.57,3,UPI,Noida,Web,0,0,0,4,1533,867.74,0,0
TXN0002355,CUST01142,3648.41,15,Debit Card,Mumbai,iOS,0,0,0,3,183,1507.18,0,0
TXN0002356,CUST01837,1765.91,19,Debit Card,Delhi,Android,1,0,1,1,1780,3564.68,0,0
TXN0002357,CUST00161,1042.71,7,Debit Card,Mumbai,iOS,1,0,2,5,197,1323.16,0,0
TXN0002358,CUST02449,466.8,4,Debit Card,Noida,iOS,1,0,0,2,271,1325.05,0,1
TXN0002359,CUST00198,7448.19,8,Wallet,Jaipur,Android,1,0,0,6,631,1576.71,1,0
TXN0002360,CUST01284,3254.05,18,Debit Card,Chennai,Android,1,1,0,4,810,761.41,0,1
TXN0002361,CUST00660,887.91,16,Wallet,Gurugram,Android,1,0,0,2,2625,2429.91,0,0
TXN0002362,CUST01776,3696.5,15,UPI,Bengaluru,Android,0,0,0,5,881,3570.27,1,0
TXN0002363,CUST01071,1677.93,9,Credit Card,Noida,iOS,0,0,1,6,348,1215.56,0,0
TXN0002364,CUST02011,1350.77,11,Net Banking,Hyderabad,Web,0,0,0,4,68,1527.47,0,0
TXN0002365,CUST00399,2781.52,22,Debit Card,Kolkata,Android,0,0,1,3,590,700.49,1,0
TXN0002366,CUST01734,857.52,9,Wallet,Jaipur,Android,0,0,1,4,1105,904.04,0,0
TXN0002367,CUST01583,1276.38,21,UPI,Jaipur,Android,1,0,0,5,1070,1118.17,1,0
TXN0002368,CUST02126,2032.46,16,Wallet,Noida,Android,1,0,0,3,757,654.52,1,0
TXN0002369,CUST02172,1092.35,7,Debit Card,Bengaluru,Android,0,0,0,4,847,3271.6,0,0
TXN0002370,CUST00075,3514.41,13,UPI,Bengaluru,Android,0,0,2,5,83,2780.0,0,0
TXN0002371,CUST02185,11668.04,22,UPI,Delhi,Android,0,0,2,6,80,2137.7,0,0
TXN0002372,CUST00602,846.61,12,UPI,Noida,iOS,0,0,1,5,517,733.33,0,0
TXN0002373,CUST00837,340.5,20,Wallet,Mumbai,iOS,0,0,0,2,38,773.33,0,0
TXN0002374,CUST01529,243.18,9,Debit Card,Kolkata,Web,1,0,0,5,120,981.54,1,0
TXN0002375,CUST00500,1548.55,15,Wallet,Kolkata,iOS,1,0,2,3,793,1310.89,0,0
TXN0002376,CUST01597,927.39,20,UPI,Kolkata,Android,0,1,0,5,15,3203.92,0,0
TXN0002377,CUST00138,2215.87,21,Wallet,Hyderabad,iOS,0,0,1,1,105,4359.99,0,0
TXN0002378,CUST02098,2055.22,14,UPI,Kolkata,Android,0,0,1,4,940,2041.06,1,0
TXN0002379,CUST01795,362.25,17,UPI,Jaipur,iOS,0,0,1,2,1550,925.71,0,0
TXN0002380,CUST00973,293.14,0,UPI,Noida,Android,0,0,0,1,172,3598.13,0,0
TXN0002381,CUST01643,2419.88,9,Net Banking,Gurugram,Android,1,0,2,3,426,872.53,0,0
TXN0002382,CUST01886,2061.05,10,UPI,Kolkata,Android,0,0,1,5,1296,907.49,0,0
TXN0002383,CUST02302,1175.82,6,UPI,Pune,Android,0,1,2,1,984,1210.32,1,0
TXN0002384,CUST02029,343.23,10,UPI,Chennai,Android,1,0,0,3,1155,2679.13,0,0
TXN0002385,CUST01901,2884.0,11,UPI,Jaipur,Android,0,0,0,7,233,1869.78,0,0
TXN0002386,CUST01450,6421.72,22,Wallet,Jaipur,iOS,0,1,0,3,207,2396.4,0,0
TXN0002387,CUST00547,2376.83,17,Credit Card,Kolkata,Android,0,0,1,1,770,297.61,1,0
TXN0002388,CUST00922,771.29,13,Credit Card,Jaipur,Android,0,0,0,4,440,1563.71,0,0
TXN0002389,CUST00581,1882.01,23,Wallet,Mumbai,iOS,0,0,0,7,1221,1029.28,0,0
TXN0002390,CUST01373,459.17,8,Credit Card,Chennai,Android,0,1,1,2,816,3225.45,0,0
TXN0002391,CUST01957,5184.88,14,Debit Card,Noida,Web,0,0,2,5,257,3457.14,0,0
TXN0002392,CUST02004,1953.52,17,UPI,Pune,Web,1,0,0,3,1047,3252.0,0,0
TXN0002393,CUST02097,307.16,3,Net Banking,Pune,Web,0,0,1,5,1534,2402.24,1,0
TXN0002394,CUST00704,1332.57,18,UPI,Delhi,Android,0,0,1,2,75,502.77,0,0
TXN0002395,CUST02309,2860.76,6,Debit Card,Mumbai,Android,0,0,1,2,462,2961.36,0,0
TXN0002396,CUST02404,1290.12,7,Debit Card,Bengaluru,iOS,0,0,2,1,506,3961.65,0,0
TXN0002397,CUST01626,1366.01,8,UPI,Kolkata,Android,1,0,1,5,36,733.28,0,0
TXN0002398,CUST00638,529.08,21,UPI,Jaipur,Android,1,0,0,5,10,886.84,0,0
TXN0002399,CUST01010,3171.89,17,UPI,Pune,Android,0,0,0,3,119,1304.96,0,0
TXN0002400,CUST00641,941.12,17,UPI,Chennai,iOS,0,0,0,1,1080,1465.82,0,0
TXN0002401,CUST01862,208.32,15,Credit Card,Gurugram,Android,0,0,2,6,613,3882.25,0,0
TXN0002402,CUST01206,1241.76,10,Net Banking,Jaipur,iOS,1,0,2,2,119,2784.65,0,0
TXN0002403,CUST00686,4801.54,16,Credit Card,Kolkata,Android,0,0,0,5,560,2504.87,0,0
TXN0002404,CUST01852,1222.45,12,Credit Card,Gurugram,iOS,0,0,1,3,593,2934.93,0,0
TXN0002405,CUST00188,10234.57,7,UPI,Bengaluru,Android,0,0,1,6,377,1444.56,0,0
TXN0002406,CUST01620,2764.21,17,UPI,Noida,Android,0,0,0,1,446,474.95,1,0
TXN0002407,CUST01688,2525.77,7,Credit Card,Gurugram,Android,0,0,0,3,706,2775.32,1,0
TXN0002408,CUST00985,1583.11,8,Net Banking,Mumbai,Android,1,0,1,4,1387,1957.64,1,0
TXN0002409,CUST00548,1681.19,19,Wallet,Hyderabad,Android,0,1,2,1,1168,2856.13,1,0
TXN0002410,CUST01432,1383.15,17,UPI,Mumbai,Android,0,0,1,5,739,3779.96,0,0
TXN0002411,CUST00876,1330.45,17,Credit Card,Kolkata,Web,0,0,1,5,1162,453.01,0,0
TXN0002412,CUST00618,3060.73,12,Credit Card,Hyderabad,iOS,1,0,0,1,592,2116.43,0,0
TXN0002413,CUST02462,706.07,12,Debit Card,Pune,Web,0,0,0,4,832,1239.8,0,0
TXN0002414,CUST01366,613.79,17,Debit Card,Noida,Web,0,0,0,2,1289,5051.46,0,0
TXN0002415,CUST01244,585.43,18,Debit Card,Pune,Android,0,0,0,3,1266,1642.66,0,0
TXN0002416,CUST00903,13921.59,14,UPI,Hyderabad,Android,1,0,2,2,1001,1546.62,0,0
TXN0002417,CUST00163,3059.13,22,Net Banking,Pune,Web,0,0,0,2,476,1527.91,1,0
TXN0002418,CUST01975,2440.69,22,UPI,Delhi,iOS,0,1,0,4,126,6063.36,0,0
TXN0002419,CUST00270,625.17,12,UPI,Pune,Web,0,0,1,6,1100,1996.56,0,0
TXN0002420,CUST00632,3357.27,19,Wallet,Jaipur,iOS,0,0,0,4,852,2330.94,1,0
TXN0002421,CUST00906,1601.94,15,Credit Card,Noida,iOS,0,0,1,6,886,4141.52,1,0
TXN0002422,CUST02015,2229.9,14,UPI,Hyderabad,Web,0,1,0,2,80,2181.37,0,0
TXN0002423,CUST01642,677.85,3,UPI,Gurugram,iOS,0,0,0,4,1164,1893.09,0,0
TXN0002424,CUST00205,2112.89,16,Credit Card,Pune,iOS,0,0,1,5,959,3157.4,0,0
TXN0002425,CUST00582,1178.16,21,UPI,Pune,Android,0,0,0,5,303,2023.21,0,0
TXN0002426,CUST01580,837.09,19,UPI,Hyderabad,Web,0,0,1,4,391,2684.72,0,0
TXN0002427,CUST00841,3750.51,19,UPI,Noida,iOS,0,0,1,3,1852,532.68,0,0
TXN0002428,CUST01837,386.77,8,Debit Card,Chennai,Android,0,0,0,2,26,6210.1,0,0
TXN0002429,CUST01252,3166.3,11,UPI,Delhi,Android,0,0,0,5,85,1061.25,0,0
TXN0002430,CUST01720,3568.95,9,Debit Card,Kolkata,iOS,0,0,5,2,1017,1099.07,0,0
TXN0002431,CUST01643,746.88,10,UPI,Noida,Android,1,0,1,6,569,1049.57,0,0
TXN0002432,CUST02298,792.52,16,Credit Card,Pune,Android,0,0,0,2,33,725.69,1,0
TXN0002433,CUST00875,1440.17,11,UPI,Kolkata,Android,0,0,1,3,719,3638.33,0,0
TXN0002434,CUST01465,2386.49,15,Credit Card,Kolkata,Web,0,0,0,1,294,1456.32,0,0
TXN0002435,CUST02244,1544.86,13,Debit Card,Hyderabad,Android,1,0,2,4,367,688.37,1,0
TXN0002436,CUST00690,2776.94,10,UPI,Hyderabad,Android,1,0,0,7,153,1059.37,0,0
TXN0002437,CUST02011,10493.61,6,Debit Card,Delhi,Web,0,0,1,5,115,1044.37,1,0
TXN0002438,CUST01423,1083.36,21,Wallet,Mumbai,Android,0,0,1,5,334,3713.19,0,0
TXN0002439,CUST02002,323.88,0,UPI,Bengaluru,Android,0,0,0,2,526,724.66,0,0
TXN0002440,CUST00672,4111.18,0,Credit Card,Chennai,Web,0,0,2,5,145,1263.15,1,0
TXN0002441,CUST01172,9690.07,19,Credit Card,Jaipur,iOS,1,0,0,1,363,2805.03,0,0
TXN0002442,CUST01496,2665.94,23,UPI,Gurugram,Android,0,0,1,6,530,747.23,1,0
TXN0002443,CUST00944,606.55,18,UPI,Chennai,Web,0,0,1,8,396,786.21,0,0
TXN0002444,CUST02247,1590.25,0,Net Banking,Pune,iOS,0,0,1,2,378,7348.96,0,0
TXN0002445,CUST01450,588.17,9,Credit Card,Kolkata,Web,0,0,0,5,204,1299.97,0,0
TXN0002446,CUST00896,3423.43,23,Wallet,Hyderabad,Android,0,0,1,4,71,7419.58,0,0
TXN0002447,CUST02190,466.03,19,Debit Card,Noida,Android,0,0,0,5,1798,1258.88,0,0
TXN0002448,CUST01337,1333.3,15,UPI,Pune,iOS,0,0,0,1,1398,1870.66,1,0
TXN0002449,CUST00165,659.32,9,UPI,Delhi,Android,0,0,2,4,1596,7375.53,0,0
TXN0002450,CUST02362,2043.39,0,Debit Card,Pune,Android,0,0,0,4,475,1113.51,0,0
TXN0002451,CUST02069,1247.88,0,Credit Card,Mumbai,Android,1,0,0,4,181,837.93,1,0
TXN0002452,CUST01106,2148.02,16,UPI,Hyderabad,iOS,0,0,2,3,240,1379.84,0,0
TXN0002453,CUST01754,1840.68,0,Credit Card,Hyderabad,Android,0,0,2,4,551,2570.04,0,0
TXN0002454,CUST02353,671.08,23,Debit Card,Jaipur,Android,0,0,1,4,753,2187.1,0,0
TXN0002455,CUST01939,3369.16,8,Debit Card,Jaipur,iOS,0,0,0,2,620,2108.67,0,0
TXN0002456,CUST00371,1714.33,18,UPI,Chennai,Android,0,0,2,4,116,1540.18,0,0
TXN0002457,CUST01881,669.82,8,UPI,Jaipur,Android,0,0,0,5,1325,10856.53,0,0
TXN0002458,CUST00853,16923.67,15,Net Banking,Mumbai,iOS,0,0,0,1,571,4497.34,0,0
TXN0002459,CUST00384,2898.57,5,Wallet,Pune,Android,0,0,1,2,1197,1095.93,0,0
TXN0002460,CUST01932,1544.23,19,UPI,Bengaluru,iOS,0,0,3,3,577,2215.59,0,0
TXN0002461,CUST02493,7411.19,16,Debit Card,Gurugram,Android,1,0,0,3,310,2190.39,0,0
TXN0002462,CUST00425,11354.37,5,UPI,Pune,Android,0,1,1,6,53,1194.47,0,0
TXN0002463,CUST02209,1556.5,20,UPI,Bengaluru,iOS,0,0,0,6,216,4714.1,1,0
TXN0002464,CUST00629,2547.68,15,UPI,Bengaluru,Web,0,0,0,1,127,3841.51,0,0
TXN0002465,CUST00895,670.18,21,UPI,Chennai,Android,0,0,0,9,1964,2349.0,0,0
TXN0002466,CUST02375,1553.63,21,Debit Card,Pune,iOS,0,0,1,4,306,1849.93,0,0
TXN0002467,CUST00598,1475.1,21,Credit Card,Hyderabad,Android,1,0,1,5,1411,1329.45,1,0
TXN0002468,CUST02337,2165.42,5,UPI,Chennai,Android,0,0,0,2,241,840.85,0,0
TXN0002469,CUST00593,2510.66,7,Debit Card,Bengaluru,Android,0,0,1,6,79,2384.02,0,0
TXN0002470,CUST01688,3150.67,23,Debit Card,Jaipur,Web,0,1,0,4,996,1125.1,1,0
TXN0002471,CUST00573,2282.86,14,UPI,Hyderabad,Android,0,0,1,4,380,2415.43,0,0
TXN0002472,CUST02076,536.36,9,Credit Card,Noida,Android,0,0,0,4,1141,851.05,0,0
TXN0002473,CUST02091,704.21,19,Debit Card,Noida,iOS,0,0,0,1,501,323.34,0,0
TXN0002474,CUST01705,1042.25,9,Debit Card,Delhi,Android,0,0,0,3,63,858.96,1,0
TXN0002475,CUST02471,1357.37,18,Debit Card,Hyderabad,Android,0,0,0,3,19,390.71,1,0
TXN0002476,CUST00177,5147.76,20,UPI,Mumbai,Android,0,0,0,5,104,5162.88,0,0
TXN0002477,CUST00529,562.62,19,UPI,Hyderabad,Web,0,0,0,4,232,8169.47,0,0
TXN0002478,CUST01634,1259.07,10,Debit Card,Chennai,Android,0,0,1,2,315,835.66,1,0
TXN0002479,CUST00966,4668.31,12,Wallet,Delhi,Web,0,0,1,4,1199,601.43,0,0
TXN0002480,CUST01518,1333.64,12,UPI,Chennai,Android,0,0,0,5,1268,745.47,0,0
TXN0002481,CUST00198,2852.52,14,UPI,Kolkata,Android,0,0,0,1,365,1383.42,1,0
TXN0002482,CUST00853,1565.56,8,Debit Card,Chennai,Web,0,0,1,1,640,3481.27,0,0
TXN0002483,CUST01538,2326.98,13,UPI,Kolkata,iOS,0,0,1,4,83,788.66,0,0
TXN0002484,CUST02070,1432.35,14,UPI,Gurugram,Android,0,0,0,2,1818,2186.2,0,0
TXN0002485,CUST01081,3507.32,15,UPI,Noida,Android,0,0,1,2,247,1535.55,1,0
TXN0002486,CUST00098,383.94,19,UPI,Delhi,Android,0,0,1,3,627,4065.45,0,0
TXN0002487,CUST01904,1251.66,14,UPI,Jaipur,iOS,1,0,0,4,482,2788.04,0,0
TXN0002488,CUST00435,2421.43,9,Credit Card,Jaipur,iOS,0,0,2,3,872,2644.71,0,0
TXN0002489,CUST00637,3069.4,17,UPI,Mumbai,Android,0,1,1,5,2928,1256.87,1,0
TXN0002490,CUST00588,8010.39,19,Net Banking,Pune,Web,0,0,0,3,342,1578.39,0,0
TXN0002491,CUST00344,1217.45,10,Wallet,Chennai,Android,0,0,1,4,211,1971.52,1,0
TXN0002492,CUST01318,7903.21,17,Wallet,Delhi,Android,0,0,0,1,63,2864.83,0,0
TXN0002493,CUST01980,931.24,7,Wallet,Mumbai,Android,0,0,1,4,942,1379.92,0,0
TXN0002494,CUST00571,6796.67,11,Debit Card,Bengaluru,Web,1,0,0,2,224,1959.51,0,0
TXN0002495,CUST00611,4076.56,21,UPI,Jaipur,Android,0,0,0,2,352,1933.1,0,0
TXN0002496,CUST01728,722.04,21,UPI,Chennai,iOS,0,0,0,4,1883,1738.07,1,0
TXN0002497,CUST02291,2446.91,16,UPI,Kolkata,Web,0,1,0,5,1762,839.04,0,0
TXN0002498,CUST01855,1710.1,18,UPI,Pune,iOS,0,0,1,2,710,5038.41,0,0
TXN0002499,CUST00960,3364.81,20,Credit Card,Bengaluru,iOS,0,0,1,3,65,1508.35,1,0
TXN0002500,CUST02080,1439.82,22,Net Banking,Pune,Android,0,0,0,5,357,1966.86,0,0
TXN0002501,CUST02439,1323.85,14,UPI,Hyderabad,iOS,0,0,0,3,1434,661.85,0,0
TXN0002502,CUST02325,7077.22,15,Credit Card,Bengaluru,Android,0,1,1,3,420,818.89,0,0
TXN0002503,CUST00532,1630.79,12,Debit Card,Hyderabad,Web,0,0,1,6,2483,1581.1,1,0
TXN0002504,CUST01178,4113.23,4,UPI,Noida,Android,0,0,0,5,125,1525.84,0,0
TXN0002505,CUST02431,1436.82,13,Wallet,Delhi,Android,1,0,0,2,546,617.47,0,0
TXN0002506,CUST01092,9530.05,19,Credit Card,Bengaluru,Android,0,0,1,1,125,908.28,0,0
TXN0002507,CUST01902,913.43,19,UPI,Jaipur,Android,1,0,0,2,953,2699.91,1,0
TXN0002508,CUST00884,973.99,21,Wallet,Noida,Android,0,0,1,3,1497,1530.63,0,0
TXN0002509,CUST02262,8267.27,2,Credit Card,Jaipur,Web,0,0,1,1,38,3037.12,0,0
TXN0002510,CUST01679,1153.55,15,Credit Card,Gurugram,Web,0,0,2,1,334,1002.3,0,0
TXN0002511,CUST02424,8925.04,6,Credit Card,Bengaluru,iOS,0,0,1,3,23,780.88,0,0
TXN0002512,CUST02261,4391.31,8,Debit Card,Gurugram,Android,0,0,1,4,42,663.0,0,0
TXN0002513,CUST02127,1542.09,21,UPI,Jaipur,Android,0,0,1,1,275,523.81,0,0
TXN0002514,CUST01750,293.61,14,Wallet,Jaipur,Web,0,0,3,2,524,1212.71,0,0
TXN0002515,CUST00782,1765.56,18,Net Banking,Hyderabad,Android,0,0,0,1,1145,1428.58,0,0
TXN0002516,CUST02106,1992.55,4,Credit Card,Hyderabad,iOS,0,0,1,5,1765,1039.41,0,0
TXN0002517,CUST00881,5783.47,12,Debit Card,Kolkata,Android,0,0,1,2,187,2218.04,0,0
TXN0002518,CUST00447,8813.05,17,Debit Card,Pune,Web,0,0,0,6,152,1037.56,1,0
TXN0002519,CUST02114,907.37,7,UPI,Jaipur,Android,0,0,1,8,103,964.07,1,0
TXN0002520,CUST01784,4010.71,11,Net Banking,Bengaluru,Android,0,0,0,5,11,859.06,0,0
TXN0002521,CUST01278,3869.75,4,Debit Card,Noida,iOS,0,0,0,2,459,2139.14,0,0
TXN0002522,CUST01992,5265.62,17,UPI,Chennai,Android,0,0,1,1,454,1341.77,0,0
TXN0002523,CUST01068,2963.81,22,Debit Card,Mumbai,iOS,1,0,2,3,53,1774.54,0,0
TXN0002524,CUST01578,258.02,19,Credit Card,Jaipur,Android,1,0,1,6,10,3725.92,0,0
TXN0002525,CUST01012,1540.9,23,UPI,Bengaluru,Android,0,0,0,3,288,6849.75,0,0
TXN0002526,CUST02275,566.7,20,Debit Card,Kolkata,Android,1,0,3,2,49,319.94,0,0
TXN0002527,CUST00774,1469.88,20,Credit Card,Jaipur,Android,1,0,1,7,34,2515.74,0,0
TXN0002528,CUST01815,4796.04,16,Debit Card,Gurugram,Web,0,0,1,2,408,677.7,0,0
TXN0002529,CUST02427,2442.29,15,UPI,Delhi,Web,0,0,0,3,1004,1486.29,0,0
TXN0002530,CUST01202,5673.9,12,Credit Card,Pune,iOS,1,0,0,9,663,653.27,0,0
TXN0002531,CUST01451,2533.35,19,Debit Card,Gurugram,iOS,0,0,1,6,100,581.07,0,0
TXN0002532,CUST00307,491.38,8,Net Banking,Kolkata,Android,0,0,1,5,648,726.16,1,0
TXN0002533,CUST00779,144.7,3,Wallet,Bengaluru,Android,0,0,2,1,259,888.59,1,0
TXN0002534,CUST02316,2088.81,22,Wallet,Kolkata,iOS,0,0,2,7,53,408.25,1,0
TXN0002535,CUST00008,1453.33,0,UPI,Mumbai,Android,0,0,1,3,276,943.32,0,0
TXN0002536,CUST00476,677.63,23,Debit Card,Jaipur,Android,1,0,0,4,1204,939.14,0,0
TXN0002537,CUST01321,328.62,18,UPI,Mumbai,iOS,0,0,0,2,137,2385.03,0,0
TXN0002538,CUST02212,863.33,11,UPI,Delhi,iOS,0,0,1,4,405,786.35,1,0
TXN0002539,CUST00485,1481.86,18,UPI,Bengaluru,Android,0,0,1,3,258,1374.34,0,0
TXN0002540,CUST00905,3503.16,19,Debit Card,Delhi,iOS,0,0,0,4,964,249.67,1,0
TXN0002541,CUST00559,2173.67,9,UPI,Noida,Web,0,0,1,7,548,1733.13,0,0
TXN0002542,CUST01968,8987.67,19,UPI,Noida,Android,0,0,0,7,316,2114.61,0,0
TXN0002543,CUST02286,639.02,19,UPI,Hyderabad,iOS,1,0,0,6,342,1480.48,0,0
TXN0002544,CUST01128,4344.22,9,Credit Card,Delhi,Android,0,0,2,2,1403,861.98,0,0
TXN0002545,CUST01234,1887.18,2,Wallet,Mumbai,Web,0,0,0,6,174,2526.13,1,0
TXN0002546,CUST00468,3605.48,8,UPI,Mumbai,Android,0,0,3,4,52,2263.69,1,0
TXN0002547,CUST02434,1163.31,8,Credit Card,Mumbai,Web,0,0,0,1,1151,2728.21,0,0
TXN0002548,CUST00848,5256.51,4,UPI,Gurugram,Web,0,0,1,1,389,1892.43,0,0
TXN0002549,CUST02435,2418.17,18,UPI,Kolkata,iOS,0,0,0,9,29,364.39,1,0
TXN0002550,CUST00259,912.42,12,UPI,Gurugram,Web,0,0,1,1,1410,2414.9,1,0
TXN0002551,CUST00283,1778.49,20,UPI,Jaipur,Android,0,0,0,6,592,1063.76,1,0
TXN0002552,CUST01650,1416.56,9,Credit Card,Jaipur,Web,0,0,2,2,174,1580.14,0,0
TXN0002553,CUST01899,2935.76,13,UPI,Mumbai,iOS,0,0,1,1,719,1189.11,0,0
TXN0002554,CUST00040,553.23,17,Debit Card,Chennai,Android,0,0,1,4,187,631.83,0,0
TXN0002555,CUST02268,1747.93,20,Net Banking,Delhi,Android,0,0,0,5,296,852.41,1,0
TXN0002556,CUST01015,2672.71,15,UPI,Mumbai,Android,0,0,1,2,261,4299.66,0,0
TXN0002557,CUST00613,1860.43,12,UPI,Hyderabad,Web,0,0,1,2,821,932.08,0,0
TXN0002558,CUST01916,6922.16,20,Debit Card,Jaipur,Web,0,0,1,3,67,5298.48,0,0
TXN0002559,CUST00688,3903.25,10,UPI,Delhi,Web,0,0,0,6,198,2225.34,0,0
TXN0002560,CUST00613,1786.58,5,UPI,Noida,Android,0,0,1,9,1388,3734.57,0,0
TXN0002561,CUST02308,2235.52,13,UPI,Pune,Android,0,0,0,3,1294,874.5,0,0
TXN0002562,CUST02414,2419.24,19,Wallet,Delhi,iOS,1,0,0,3,2117,1588.21,0,0
TXN0002563,CUST01782,2694.16,1,Credit Card,Gurugram,iOS,0,0,0,5,16,2066.11,0,0
TXN0002564,CUST01811,290.0,16,UPI,Delhi,Android,0,0,0,4,73,395.13,1,0
TXN0002565,CUST01548,1331.44,16,UPI,Hyderabad,iOS,0,0,2,3,2067,929.87,0,0
TXN0002566,CUST01931,407.93,21,UPI,Chennai,iOS,0,0,0,2,204,3933.03,1,0
TXN0002567,CUST01153,6462.83,10,UPI,Gurugram,iOS,0,0,0,1,779,1055.04,0,0
TXN0002568,CUST00575,1693.74,10,Credit Card,Mumbai,iOS,0,0,0,3,1758,1768.29,1,0
TXN0002569,CUST01911,1483.56,13,Debit Card,Gurugram,iOS,0,0,0,3,1059,889.13,1,0
TXN0002570,CUST01013,4413.13,11,UPI,Delhi,Android,0,0,0,3,292,2419.49,1,0
TXN0002571,CUST00670,2745.91,18,UPI,Hyderabad,Web,1,0,0,5,577,1520.31,0,0
TXN0002572,CUST00269,582.25,17,UPI,Kolkata,Android,0,0,1,3,329,1010.77,0,0
TXN0002573,CUST01284,1676.79,18,UPI,Hyderabad,iOS,0,0,4,3,222,1262.15,1,0
TXN0002574,CUST00924,1287.39,19,Net Banking,Noida,Android,0,0,0,4,815,3000.87,0,0
TXN0002575,CUST01126,314.51,21,UPI,Kolkata,iOS,0,0,0,3,2374,2647.34,1,0
TXN0002576,CUST01530,902.59,13,UPI,Pune,Web,0,0,0,2,360,1954.72,0,0
TXN0002577,CUST01759,1498.17,23,UPI,Chennai,Android,1,0,0,1,481,1788.28,1,0
TXN0002578,CUST01595,1604.54,9,Credit Card,Jaipur,Web,0,1,1,5,342,4938.02,0,0
TXN0002579,CUST00247,408.83,18,Wallet,Bengaluru,Android,0,0,0,8,2236,2727.58,0,0
TXN0002580,CUST01561,5694.22,15,UPI,Noida,Android,0,0,1,4,776,1376.26,0,0
TXN0002581,CUST02179,1625.29,19,UPI,Hyderabad,Web,0,1,1,3,419,2100.12,1,0
TXN0002582,CUST02401,1868.88,14,UPI,Noida,iOS,0,0,0,5,858,573.26,0,0
TXN0002583,CUST02244,2687.01,19,Debit Card,Delhi,Android,0,0,0,4,96,1185.49,0,0
TXN0002584,CUST01940,818.49,21,Credit Card,Mumbai,Web,0,0,1,3,20,2324.15,0,0
TXN0002585,CUST00930,2840.96,18,Debit Card,Mumbai,iOS,0,0,1,1,428,4003.3,0,0
TXN0002586,CUST00227,1246.96,19,UPI,Pune,Android,1,0,0,2,708,1374.65,1,0
TXN0002587,CUST00265,734.33,4,Wallet,Chennai,Web,0,0,0,7,65,6065.14,1,0
TXN0002588,CUST01396,3193.87,8,UPI,Jaipur,Android,0,0,1,5,183,236.53,0,0
TXN0002589,CUST01458,8000.15,23,Credit Card,Jaipur,Android,1,1,0,6,2396,333.49,0,0
TXN0002590,CUST00646,3715.88,18,Debit Card,Kolkata,Web,0,0,0,3,116,486.83,0,0
TXN0002591,CUST02259,4530.19,15,Credit Card,Mumbai,iOS,0,0,1,1,105,3200.29,0,0
TXN0002592,CUST01419,1069.46,11,UPI,Gurugram,iOS,0,0,0,3,284,4863.08,1,0
TXN0002593,CUST01474,364.28,2,UPI,Mumbai,Web,0,0,2,1,3000,1770.74,1,0
TXN0002594,CUST01388,7987.87,11,UPI,Delhi,Web,1,1,1,4,222,1600.43,1,0
TXN0002595,CUST01900,14045.49,14,UPI,Mumbai,Android,0,0,0,1,136,5914.56,1,0
TXN0002596,CUST01250,8419.86,9,Credit Card,Bengaluru,Web,0,0,0,3,116,1836.95,0,0
TXN0002597,CUST00982,1286.6,8,UPI,Pune,Android,0,0,1,4,947,1220.54,0,0
TXN0002598,CUST01155,567.31,14,Credit Card,Kolkata,Android,0,0,0,2,1083,2127.53,0,0
TXN0002599,CUST00588,620.09,16,Wallet,Pune,Web,0,0,0,5,752,2060.49,0,0
TXN0002600,CUST00476,334.22,9,UPI,Delhi,iOS,0,0,1,1,1283,1644.45,0,0
TXN0002601,CUST01822,1616.73,16,UPI,Gurugram,Android,0,0,0,5,1397,2030.61,1,0
TXN0002602,CUST00986,8966.22,21,Wallet,Noida,iOS,0,0,0,4,942,2113.97,0,0
TXN0002603,CUST02204,1562.25,14,Debit Card,Mumbai,Android,0,0,0,5,626,2100.62,0,0
TXN0002604,CUST01242,2435.4,20,UPI,Delhi,Android,0,0,1,4,884,3203.49,0,0
TXN0002605,CUST00190,7123.39,21,UPI,Kolkata,Web,0,0,0,3,1921,2481.57,0,0
TXN0002606,CUST01441,1201.64,6,Debit Card,Bengaluru,Web,1,0,2,1,753,1667.93,0,1
TXN0002607,CUST00981,13781.38,6,Credit Card,Bengaluru,iOS,0,0,2,3,807,763.04,0,0
TXN0002608,CUST01699,13195.57,14,Credit Card,Jaipur,iOS,0,0,0,6,251,1778.73,0,0
TXN0002609,CUST01716,1578.82,16,Credit Card,Gurugram,Android,0,0,0,5,392,4339.02,0,0
TXN0002610,CUST00041,1010.31,13,Debit Card,Mumbai,Web,0,0,0,4,1955,1255.41,1,0
TXN0002611,CUST02355,3614.76,11,UPI,Chennai,Android,1,0,2,5,1307,1121.25,1,0
TXN0002612,CUST00943,1271.58,17,Debit Card,Hyderabad,Android,0,0,1,1,97,5216.27,0,0
TXN0002613,CUST00338,566.22,0,Net Banking,Delhi,Web,0,1,2,5,60,2052.8,1,0
TXN0002614,CUST01338,6481.98,22,UPI,Pune,Web,0,0,0,3,363,510.06,0,0
TXN0002615,CUST01099,6075.32,9,Debit Card,Pune,iOS,0,0,0,4,116,550.85,0,0
TXN0002616,CUST02327,2102.86,21,UPI,Delhi,Android,0,0,1,5,1940,313.64,0,0
TXN0002617,CUST00896,509.12,6,UPI,Kolkata,Android,0,0,2,2,841,1177.47,0,0
TXN0002618,CUST02321,526.38,9,Wallet,Pune,Android,0,0,3,6,1095,655.3,0,0
TXN0002619,CUST01675,2003.74,9,UPI,Hyderabad,iOS,0,0,0,5,641,1016.7,1,0
TXN0002620,CUST00931,1091.9,23,UPI,Kolkata,iOS,0,0,1,2,935,4147.28,0,0
TXN0002621,CUST00289,1279.79,0,Credit Card,Bengaluru,iOS,0,0,1,3,153,945.22,0,0
TXN0002622,CUST00724,5001.56,17,UPI,Jaipur,iOS,0,0,0,1,2613,1380.46,0,0
TXN0002623,CUST02320,3747.04,20,Credit Card,Pune,iOS,0,1,1,3,536,1725.68,0,0
TXN0002624,CUST01954,7141.55,17,UPI,Pune,Web,1,0,0,3,248,2474.49,0,0
TXN0002625,CUST01090,668.42,11,UPI,Jaipur,iOS,0,0,0,7,2599,2342.07,0,0
TXN0002626,CUST00483,1277.1,22,UPI,Pune,Web,0,0,2,5,12,707.02,1,0
TXN0002627,CUST00936,3844.98,21,Credit Card,Bengaluru,Web,0,1,0,2,703,3123.53,0,0
TXN0002628,CUST02296,2817.54,13,Credit Card,Jaipur,Android,1,0,0,1,1056,1892.83,0,0
TXN0002629,CUST00156,8332.53,16,Credit Card,Chennai,Web,0,0,1,3,54,677.28,1,0
TXN0002630,CUST01071,2741.0,22,Credit Card,Delhi,Android,0,0,0,2,1002,1410.77,0,0
TXN0002631,CUST01959,11426.05,23,UPI,Pune,Web,0,0,1,3,732,557.28,0,0
TXN0002632,CUST02249,3088.87,13,Debit Card,Kolkata,iOS,1,0,1,2,214,857.03,0,1
TXN0002633,CUST01684,5206.74,20,UPI,Chennai,iOS,0,1,0,1,73,936.71,1,0
TXN0002634,CUST00124,1302.48,10,UPI,Chennai,Android,0,0,0,3,893,657.44,1,0
TXN0002635,CUST02049,1825.9,12,Debit Card,Pune,Android,0,0,0,1,1525,1413.55,0,0
TXN0002636,CUST00968,4476.01,8,UPI,Kolkata,Android,0,0,0,1,337,2072.89,0,0
TXN0002637,CUST00855,9031.92,9,Credit Card,Hyderabad,Web,0,1,0,9,508,2444.77,0,0
TXN0002638,CUST00640,3732.3,17,UPI,Kolkata,Android,0,1,1,2,307,2725.57,0,0
TXN0002639,CUST02239,1656.35,14,Credit Card,Chennai,iOS,0,0,0,5,862,3717.78,0,0
TXN0002640,CUST01603,7135.78,9,UPI,Kolkata,Web,0,0,0,5,1184,308.11,0,0
TXN0002641,CUST00442,201.05,12,Net Banking,Delhi,Android,0,0,0,3,566,8825.85,0,0
TXN0002642,CUST01945,434.11,12,UPI,Jaipur,iOS,0,0,0,1,400,620.36,0,0
TXN0002643,CUST01839,3558.79,23,Credit Card,Mumbai,Android,0,0,0,7,737,225.74,0,0
TXN0002644,CUST01830,1825.58,20,Wallet,Mumbai,Android,0,0,1,5,332,2171.8,0,0
TXN0002645,CUST02191,3297.95,12,Credit Card,Kolkata,Web,0,0,0,1,575,2252.03,0,0
TXN0002646,CUST00533,1919.75,21,Credit Card,Gurugram,iOS,1,0,1,1,433,3351.99,0,0
TXN0002647,CUST02275,3185.89,11,Credit Card,Kolkata,Android,0,0,1,1,117,3359.37,1,0
TXN0002648,CUST01337,797.23,17,Credit Card,Pune,Android,0,0,1,3,303,437.19,0,0
TXN0002649,CUST00949,3184.43,22,Debit Card,Bengaluru,Web,1,0,0,4,180,2107.95,0,0
TXN0002650,CUST02020,4865.65,12,UPI,Chennai,Android,0,0,0,4,195,2361.89,1,0
TXN0002651,CUST00460,6100.3,17,Wallet,Jaipur,Android,0,0,0,4,10,2437.23,0,0
TXN0002652,CUST00551,13481.8,10,Credit Card,Mumbai,Web,0,0,1,4,1054,2785.6,0,0
TXN0002653,CUST00393,2297.65,9,Debit Card,Gurugram,Web,0,0,1,1,17,1019.16,0,0
TXN0002654,CUST01788,2367.18,16,UPI,Pune,iOS,0,0,3,2,872,1212.95,0,0
TXN0002655,CUST00845,392.43,23,Wallet,Gurugram,Android,0,0,1,1,111,2009.9,0,0
TXN0002656,CUST02258,1057.99,13,UPI,Gurugram,Android,0,1,0,3,1629,1230.58,1,0
TXN0002657,CUST01139,1483.95,22,Debit Card,Kolkata,iOS,0,0,2,2,981,1770.58,0,0
TXN0002658,CUST00646,5145.42,21,UPI,Chennai,Android,0,1,0,3,73,2498.21,1,0
TXN0002659,CUST02267,977.05,9,Debit Card,Hyderabad,iOS,0,0,0,7,976,3356.83,0,0
TXN0002660,CUST02455,3991.34,12,Credit Card,Delhi,iOS,0,0,0,4,266,792.82,1,0
TXN0002661,CUST01467,1797.08,17,UPI,Gurugram,Web,0,0,0,4,1472,1814.65,1,0
TXN0002662,CUST01378,1507.75,15,Credit Card,Pune,Android,0,0,0,3,426,2013.32,0,0
TXN0002663,CUST00142,2308.69,6,UPI,Mumbai,Android,0,0,1,3,792,1438.46,1,0
TXN0002664,CUST00501,1217.29,23,Credit Card,Kolkata,Android,0,0,0,3,13,1905.77,1,0
TXN0002665,CUST00840,1172.04,18,Debit Card,Pune,iOS,1,1,0,3,34,3717.24,0,0
TXN0002666,CUST01683,327.26,13,UPI,Hyderabad,iOS,0,0,1,2,10,759.32,0,0
TXN0002667,CUST01566,1404.71,16,Credit Card,Pune,Android,0,0,2,5,19,665.47,1,0
TXN0002668,CUST02047,1113.85,6,Credit Card,Pune,Android,0,0,0,5,482,1552.48,0,0
TXN0002669,CUST01531,1074.45,14,UPI,Chennai,iOS,0,0,1,1,918,974.91,0,0
TXN0002670,CUST00596,2730.98,21,Net Banking,Delhi,Web,1,0,0,3,31,3541.18,1,0
TXN0002671,CUST01905,3477.87,21,Credit Card,Bengaluru,iOS,1,0,1,3,191,1921.24,0,0
TXN0002672,CUST00281,2270.46,11,UPI,Kolkata,iOS,0,0,0,4,370,2184.14,0,0
TXN0002673,CUST00424,4870.53,15,UPI,Mumbai,Web,0,0,1,1,424,1432.45,0,0
TXN0002674,CUST00270,3200.63,18,Credit Card,Jaipur,Android,0,0,1,3,656,409.47,0,0
TXN0002675,CUST00154,1340.08,11,UPI,Jaipur,Android,1,0,1,5,46,1736.99,1,0
TXN0002676,CUST01751,1133.07,4,UPI,Delhi,Android,0,0,1,1,875,2444.53,0,0
TXN0002677,CUST00662,2461.1,14,UPI,Noida,Web,0,0,0,3,95,909.19,0,0
TXN0002678,CUST01968,3194.89,16,Credit Card,Kolkata,iOS,0,0,0,2,320,857.89,1,0
TXN0002679,CUST00083,7283.64,0,Credit Card,Pune,Android,0,0,0,5,200,381.89,0,0
TXN0002680,CUST01450,5923.69,6,UPI,Jaipur,Android,0,0,0,4,407,2132.35,0,0
TXN0002681,CUST01299,1047.4,8,Credit Card,Chennai,Android,0,0,0,4,140,2536.25,1,0
TXN0002682,CUST02332,1625.44,11,Net Banking,Pune,Android,0,0,0,3,751,1814.92,1,0
TXN0002683,CUST00980,3521.21,15,Net Banking,Delhi,Android,0,0,2,4,569,1107.92,1,0
TXN0002684,CUST02221,5237.19,10,Wallet,Gurugram,Web,0,1,1,7,596,1412.52,0,0
TXN0002685,CUST01660,4603.22,10,Debit Card,Delhi,Android,0,0,0,5,761,633.11,1,0
TXN0002686,CUST01399,1688.62,20,UPI,Hyderabad,Android,0,0,0,3,142,2217.99,0,0
TXN0002687,CUST00633,513.64,7,UPI,Bengaluru,Android,0,0,3,3,501,2004.34,0,0
TXN0002688,CUST01532,662.89,14,UPI,Hyderabad,iOS,0,0,0,3,489,1312.94,0,0
TXN0002689,CUST00787,2364.15,22,Credit Card,Delhi,iOS,0,0,0,1,641,1277.43,1,0
TXN0002690,CUST00398,2534.54,16,Debit Card,Jaipur,Android,0,0,3,3,911,918.05,0,0
TXN0002691,CUST01144,599.96,18,UPI,Hyderabad,Web,1,0,1,4,1380,1012.93,1,0
TXN0002692,CUST00934,1882.04,13,UPI,Hyderabad,iOS,0,0,1,4,77,1427.97,1,0
TXN0002693,CUST01461,3383.84,0,Credit Card,Bengaluru,Web,0,0,0,1,76,3913.81,0,0
TXN0002694,CUST01853,569.25,17,UPI,Noida,Android,1,0,2,5,72,1215.37,0,0
TXN0002695,CUST00286,5434.59,17,UPI,Kolkata,Android,0,0,2,6,1335,1063.94,0,0
TXN0002696,CUST00265,1233.99,7,UPI,Gurugram,Web,0,1,1,3,253,2319.33,0,1
TXN0002697,CUST02368,6330.63,13,Net Banking,Mumbai,Web,0,0,0,7,660,946.33,0,0
TXN0002698,CUST02137,1055.84,21,UPI,Jaipur,Web,1,0,0,5,272,2922.11,0,0
TXN0002699,CUST01678,644.78,8,Credit Card,Bengaluru,iOS,0,0,0,7,387,2977.65,0,0
TXN0002700,CUST01227,1138.43,13,UPI,Pune,iOS,1,0,1,5,583,3148.91,0,0
TXN0002701,CUST00821,1636.63,13,Credit Card,Mumbai,Web,0,0,1,4,329,1360.78,0,0
TXN0002702,CUST01763,1220.56,19,UPI,Mumbai,Android,0,0,1,7,56,1224.67,0,0
TXN0002703,CUST02382,1450.32,19,UPI,Jaipur,iOS,0,0,2,5,516,2710.96,0,0
TXN0002704,CUST02270,2513.69,18,UPI,Mumbai,Web,0,1,1,2,1299,6630.05,1,0
TXN0002705,CUST00041,1516.81,11,UPI,Mumbai,Android,0,0,1,6,433,387.73,1,0
TXN0002706,CUST01732,1684.85,4,Credit Card,Chennai,Android,0,0,0,6,1433,1431.1,1,0
TXN0002707,CUST00068,325.81,11,UPI,Delhi,Android,0,0,2,1,519,1732.3,1,0
TXN0002708,CUST00988,2663.08,17,Wallet,Kolkata,Web,0,0,1,4,667,1393.73,0,0
TXN0002709,CUST01800,1646.39,18,UPI,Delhi,iOS,0,0,0,2,227,977.99,1,0
TXN0002710,CUST01622,9007.7,22,UPI,Delhi,iOS,0,0,1,4,324,1545.98,0,0
TXN0002711,CUST01656,703.44,13,Wallet,Chennai,Web,0,1,1,4,561,2706.47,0,0
TXN0002712,CUST01279,295.08,17,UPI,Kolkata,Android,0,0,1,6,950,1394.55,0,0
TXN0002713,CUST00695,3339.61,15,UPI,Bengaluru,Web,0,0,0,6,759,1096.61,0,0
TXN0002714,CUST01086,2545.47,8,UPI,Kolkata,Android,0,0,0,3,639,1240.65,0,0
TXN0002715,CUST02480,656.62,13,Debit Card,Gurugram,iOS,0,0,1,7,1799,928.1,0,0
TXN0002716,CUST01694,389.86,15,Debit Card,Hyderabad,Android,0,0,0,6,27,8264.12,1,0
TXN0002717,CUST02316,8374.43,22,UPI,Chennai,Android,0,0,0,3,1334,898.3,0,1
TXN0002718,CUST01059,7403.09,11,Debit Card,Noida,Android,0,0,1,1,335,4072.54,1,0
TXN0002719,CUST00779,149.62,23,Credit Card,Gurugram,Android,1,0,0,3,119,2665.42,1,0
TXN0002720,CUST00494,1138.33,15,Wallet,Chennai,Web,0,1,1,4,68,936.09,0,0
TXN0002721,CUST01586,9506.53,9,UPI,Chennai,Android,0,0,0,5,2359,3697.21,0,0
TXN0002722,CUST01493,1118.2,8,Debit Card,Mumbai,Android,0,0,1,3,1869,1574.48,1,0
TXN0002723,CUST01791,1102.05,7,UPI,Gurugram,Web,0,0,0,3,2683,579.2,0,0
TXN0002724,CUST00661,1356.66,13,UPI,Pune,Android,1,0,0,2,551,809.88,0,0
TXN0002725,CUST01349,586.78,0,UPI,Chennai,Web,1,0,0,5,422,5362.44,0,0
TXN0002726,CUST01328,327.26,13,Debit Card,Chennai,Web,0,0,2,6,671,1429.57,0,0
TXN0002727,CUST01300,5156.89,23,Debit Card,Hyderabad,Android,0,0,1,4,240,2567.97,0,0
TXN0002728,CUST01987,285.03,17,Credit Card,Delhi,Android,0,0,1,1,224,1078.21,0,0
TXN0002729,CUST02045,2304.95,18,Debit Card,Pune,iOS,0,0,0,1,489,1193.48,1,0
TXN0002730,CUST01929,4368.27,7,Credit Card,Delhi,Web,0,0,0,3,1217,2451.84,1,0
TXN0002731,CUST01348,421.71,14,Debit Card,Jaipur,Android,0,0,1,2,1951,2128.87,0,0
TXN0002732,CUST01059,714.28,10,UPI,Mumbai,Android,0,0,0,5,251,1507.91,1,0
TXN0002733,CUST00977,6055.49,21,UPI,Kolkata,Web,0,0,2,6,1376,675.95,0,0
TXN0002734,CUST00482,3066.93,8,UPI,Delhi,Android,0,0,1,3,83,5476.6,0,0
TXN0002735,CUST00728,970.93,13,UPI,Noida,Android,1,0,1,5,89,816.64,0,0
TXN0002736,CUST01032,5989.67,16,Debit Card,Noida,Web,0,0,1,4,1851,4624.95,1,0
TXN0002737,CUST00343,6015.4,14,Debit Card,Kolkata,Web,0,0,1,3,1623,2041.35,0,0
TXN0002738,CUST01448,2355.7,20,Debit Card,Kolkata,Android,0,0,0,1,75,1158.05,0,0
TXN0002739,CUST02380,731.71,9,UPI,Delhi,Android,0,0,1,4,1462,1763.43,1,0
TXN0002740,CUST02486,1190.46,12,Debit Card,Bengaluru,iOS,0,0,3,4,395,3845.64,1,0
TXN0002741,CUST02222,2396.89,19,UPI,Gurugram,Android,0,0,0,6,1091,3151.67,0,0
TXN0002742,CUST00527,1490.62,15,Net Banking,Chennai,Android,1,0,0,2,207,822.9,0,0
TXN0002743,CUST01897,4603.16,12,UPI,Chennai,Web,0,0,1,2,733,1116.23,0,0
TXN0002744,CUST00659,389.85,1,Credit Card,Kolkata,Web,0,1,0,1,1267,1030.11,0,0
TXN0002745,CUST02074,403.94,18,Debit Card,Jaipur,Android,1,0,0,2,962,2467.86,0,1
TXN0002746,CUST00820,2156.87,23,Wallet,Noida,iOS,0,1,2,4,262,3047.18,0,0
TXN0002747,CUST00406,1101.03,16,UPI,Pune,Android,0,0,0,4,51,698.99,1,0
TXN0002748,CUST02280,961.5,20,UPI,Chennai,Android,0,0,1,5,1145,1781.83,0,0
TXN0002749,CUST01574,307.2,14,UPI,Delhi,Android,0,0,1,1,281,3553.78,0,0
TXN0002750,CUST01812,1835.53,9,UPI,Jaipur,Android,0,0,0,4,546,2653.99,0,0
TXN0002751,CUST00505,1707.5,0,Credit Card,Jaipur,iOS,0,0,0,5,10,3005.89,0,0
TXN0002752,CUST00179,3459.99,17,Wallet,Jaipur,Web,1,0,0,1,2080,984.18,0,0
TXN0002753,CUST00132,1928.4,14,UPI,Gurugram,Android,0,0,0,1,88,3238.47,0,0
TXN0002754,CUST01847,1576.46,19,Credit Card,Pune,Android,0,0,2,5,626,1247.31,0,0
TXN0002755,CUST01479,5840.33,18,Wallet,Bengaluru,Android,0,0,0,5,991,3407.78,1,0
TXN0002756,CUST02396,484.48,23,UPI,Jaipur,iOS,1,0,0,2,69,825.16,0,0
TXN0002757,CUST00772,3077.68,14,Credit Card,Kolkata,Android,0,0,2,3,507,564.37,0,0
TXN0002758,CUST01430,338.46,13,Wallet,Hyderabad,Android,0,1,0,1,1966,6359.25,0,0
TXN0002759,CUST02124,778.35,10,Wallet,Bengaluru,Android,0,0,0,6,1439,6683.51,0,0
TXN0002760,CUST00579,535.33,14,Credit Card,Kolkata,Android,0,0,0,6,191,1160.12,0,0
TXN0002761,CUST01516,3934.29,20,UPI,Pune,Android,0,1,0,3,1950,285.66,0,0
TXN0002762,CUST00194,1686.03,2,UPI,Hyderabad,Android,0,0,2,2,1992,571.22,0,0
TXN0002763,CUST02008,1775.86,23,Credit Card,Jaipur,Web,0,0,1,5,364,911.25,0,0
TXN0002764,CUST01186,595.15,23,UPI,Noida,Web,1,0,2,3,102,590.59,0,0
TXN0002765,CUST02395,1333.88,16,UPI,Mumbai,Android,0,0,1,4,41,1326.69,0,0
TXN0002766,CUST01385,838.89,11,Debit Card,Pune,Android,0,0,1,1,358,1807.58,0,1
TXN0002767,CUST01793,2641.22,9,Debit Card,Bengaluru,Android,0,0,0,1,462,889.36,0,0
TXN0002768,CUST01111,668.11,10,Debit Card,Noida,Web,1,0,0,2,180,698.87,0,0
TXN0002769,CUST02262,6804.48,2,UPI,Noida,Android,1,0,0,1,10,955.48,0,0
TXN0002770,CUST01937,336.96,14,UPI,Delhi,iOS,0,0,1,4,87,1022.07,1,0
TXN0002771,CUST00780,803.54,3,Debit Card,Mumbai,Android,0,0,5,4,165,1912.31,0,0
TXN0002772,CUST00262,9631.0,18,Debit Card,Hyderabad,Android,0,0,1,6,224,1409.22,0,0
TXN0002773,CUST00730,1164.91,12,Debit Card,Delhi,Android,0,0,0,6,322,993.62,0,0
TXN0002774,CUST00283,483.31,8,Net Banking,Bengaluru,Android,1,0,0,4,758,1419.13,0,0
TXN0002775,CUST01491,2240.86,15,Wallet,Hyderabad,Android,0,0,1,8,916,2661.18,0,0
TXN0002776,CUST00362,1118.95,23,Credit Card,Jaipur,Android,0,0,0,5,258,7680.66,1,0
TXN0002777,CUST00441,780.29,18,UPI,Bengaluru,Android,0,0,1,2,1516,678.26,0,0
TXN0002778,CUST02141,601.65,14,Credit Card,Chennai,iOS,0,0,0,3,115,1428.16,0,0
TXN0002779,CUST01645,28678.86,19,Credit Card,Jaipur,iOS,0,0,1,4,233,1724.87,1,0
TXN0002780,CUST00867,1399.67,18,UPI,Kolkata,iOS,0,0,1,3,91,4545.18,1,0
TXN0002781,CUST01448,262.43,21,Debit Card,Noida,Android,0,1,2,1,669,1176.82,0,0
TXN0002782,CUST00142,8016.46,8,UPI,Noida,Android,1,0,0,6,147,2204.17,1,0
TXN0002783,CUST01315,3316.33,20,Debit Card,Mumbai,Web,0,0,1,4,685,4631.25,0,0
TXN0002784,CUST01456,836.37,10,UPI,Delhi,Android,0,0,1,3,25,1530.1,0,0
TXN0002785,CUST01876,707.98,22,Credit Card,Pune,Web,0,0,1,5,139,618.99,0,0
TXN0002786,CUST01848,3529.86,10,Wallet,Delhi,Web,1,0,2,3,394,5353.47,0,0
TXN0002787,CUST01713,1406.17,21,UPI,Pune,Android,0,0,0,6,898,1032.4,0,0
TXN0002788,CUST00701,262.32,22,Credit Card,Kolkata,Web,0,1,2,5,103,3363.9,0,0
TXN0002789,CUST00998,10751.3,7,UPI,Gurugram,iOS,0,0,1,6,144,2776.77,1,0
TXN0002790,CUST02097,1166.25,23,Wallet,Jaipur,iOS,0,0,1,1,564,582.99,1,0
TXN0002791,CUST01326,8031.4,5,Debit Card,Jaipur,Web,1,0,1,5,1016,1318.41,0,0
TXN0002792,CUST00881,6463.83,9,Wallet,Delhi,Android,1,0,2,2,494,2195.74,0,0
TXN0002793,CUST01214,661.51,13,Wallet,Kolkata,iOS,0,0,0,3,573,2045.72,0,0
TXN0002794,CUST01160,5058.03,23,Debit Card,Hyderabad,iOS,0,1,2,6,2360,571.42,0,0
TXN0002795,CUST00555,938.33,14,UPI,Gurugram,iOS,0,0,0,5,947,3117.29,0,0
TXN0002796,CUST00404,278.34,15,UPI,Hyderabad,iOS,1,0,0,3,368,1696.38,0,0
TXN0002797,CUST00892,1177.26,18,Credit Card,Mumbai,Android,0,0,0,1,54,5278.1,0,0
TXN0002798,CUST00602,2678.95,22,Credit Card,Delhi,Android,0,0,1,9,1283,3420.44,0,0
TXN0002799,CUST01831,1133.21,19,Debit Card,Kolkata,Web,0,0,1,6,996,1387.31,0,0
TXN0002800,CUST00341,1324.11,9,UPI,Kolkata,Android,0,0,0,5,334,392.4,0,0
TXN0002801,CUST01969,5648.29,10,UPI,Bengaluru,Android,0,0,0,1,969,1564.22,1,0
TXN0002802,CUST00704,2002.27,6,Credit Card,Chennai,Android,0,0,0,3,780,1084.71,0,0
TXN0002803,CUST00318,774.52,17,UPI,Jaipur,Android,1,0,1,5,133,2206.19,0,0
TXN0002804,CUST01387,3632.12,8,Debit Card,Kolkata,Android,0,0,1,3,115,2661.43,0,0
TXN0002805,CUST02430,2193.42,9,Credit Card,Noida,Android,0,0,1,7,912,4093.86,1,0
TXN0002806,CUST02281,144.6,21,Debit Card,Gurugram,Android,0,0,0,1,492,1813.93,1,0
TXN0002807,CUST01801,2762.51,11,UPI,Jaipur,Web,1,0,0,10,354,1600.56,0,0
TXN0002808,CUST01368,2663.43,15,Net Banking,Jaipur,Android,0,0,0,7,277,1242.07,0,0
TXN0002809,CUST01573,1836.58,12,UPI,Delhi,iOS,0,0,0,2,761,773.87,0,0
TXN0002810,CUST00817,4390.69,5,UPI,Gurugram,Android,1,0,1,6,309,3456.94,0,0
TXN0002811,CUST00553,918.87,11,Debit Card,Pune,Web,0,0,0,2,10,1425.8,0,0
TXN0002812,CUST00856,2520.07,12,UPI,Pune,iOS,0,0,1,2,224,737.07,0,0
TXN0002813,CUST01813,375.62,21,UPI,Kolkata,Android,1,0,2,4,1414,794.32,1,0
TXN0002814,CUST00183,2704.39,11,UPI,Gurugram,Android,1,1,0,3,276,1399.47,0,0
TXN0002815,CUST01575,12690.41,12,Credit Card,Kolkata,Web,1,0,2,3,24,2238.71,0,0
TXN0002816,CUST00397,665.6,19,Wallet,Kolkata,iOS,0,0,0,3,785,3269.15,0,0
TXN0002817,CUST01728,841.97,18,Credit Card,Bengaluru,Web,0,0,0,5,193,4953.14,1,0
TXN0002818,CUST01518,884.95,19,Credit Card,Jaipur,Android,0,0,0,3,36,1338.44,0,0
TXN0002819,CUST00907,2049.89,22,UPI,Gurugram,Web,0,0,0,4,961,918.98,0,0
TXN0002820,CUST01357,621.73,19,UPI,Hyderabad,Android,1,0,1,2,10,2477.92,0,0
TXN0002821,CUST02175,2742.95,12,UPI,Pune,Android,1,0,0,3,104,1270.88,0,0
TXN0002822,CUST00001,4198.08,19,Wallet,Kolkata,Android,1,0,0,3,132,1944.09,0,0
TXN0002823,CUST00019,3071.4,14,UPI,Gurugram,Android,0,0,0,1,700,1423.85,0,1
TXN0002824,CUST00584,307.09,10,Net Banking,Jaipur,iOS,0,0,2,7,71,1419.28,0,0
TXN0002825,CUST00456,4869.32,10,UPI,Bengaluru,Web,1,0,0,6,732,263.07,1,0
TXN0002826,CUST02037,4595.85,9,Debit Card,Mumbai,Web,0,0,2,5,228,2087.96,1,0
TXN0002827,CUST01133,4128.64,7,Net Banking,Mumbai,iOS,0,0,0,3,431,660.05,0,0
TXN0002828,CUST02493,2613.34,8,UPI,Mumbai,Android,0,0,1,1,1016,746.36,0,0
TXN0002829,CUST01953,2243.36,4,Debit Card,Gurugram,Web,0,0,0,6,350,203.83,0,0
TXN0002830,CUST02151,5053.98,21,UPI,Noida,iOS,1,0,0,5,100,376.3,0,0
TXN0002831,CUST00988,12320.94,21,UPI,Gurugram,Web,0,1,0,3,88,2455.4,0,0
TXN0002832,CUST00520,694.02,16,UPI,Gurugram,Web,0,1,2,3,291,1584.73,0,0
TXN0002833,CUST00859,5290.5,20,Debit Card,Delhi,Android,1,0,1,2,100,1002.08,1,0
TXN0002834,CUST00174,1651.31,8,UPI,Jaipur,Android,1,0,1,4,597,1374.94,0,0
TXN0002835,CUST01367,1581.09,21,UPI,Jaipur,Android,0,0,1,2,544,652.03,0,0
TXN0002836,CUST02479,387.23,14,Net Banking,Gurugram,Web,1,0,1,2,745,1993.45,0,0
TXN0002837,CUST00727,1353.91,4,UPI,Delhi,Web,1,0,2,2,556,2083.35,0,0
TXN0002838,CUST01711,664.0,7,UPI,Chennai,iOS,1,0,0,5,266,2253.43,0,0
TXN0002839,CUST01876,1131.94,10,Net Banking,Hyderabad,Android,0,1,1,4,544,1950.31,1,0
TXN0002840,CUST01682,600.26,2,UPI,Noida,Android,0,0,2,5,1200,352.05,1,0
TXN0002841,CUST01348,1148.98,10,UPI,Chennai,Web,0,0,0,1,25,702.48,0,0
TXN0002842,CUST00990,1199.23,3,Debit Card,Gurugram,Android,0,0,0,8,57,2433.86,0,0
TXN0002843,CUST00420,1982.86,9,UPI,Delhi,iOS,1,0,0,2,2296,3432.01,0,0
TXN0002844,CUST00594,358.09,9,UPI,Noida,Web,0,0,2,5,876,4650.99,0,0
TXN0002845,CUST01775,424.12,23,UPI,Pune,Web,1,0,2,5,44,3932.01,1,0
TXN0002846,CUST02460,2584.94,9,Debit Card,Delhi,iOS,0,0,0,5,1686,557.68,1,0
TXN0002847,CUST00936,810.87,9,UPI,Mumbai,Android,0,0,1,3,1711,2305.99,0,0
TXN0002848,CUST01108,5271.51,17,UPI,Hyderabad,iOS,0,0,3,2,680,517.35,1,0
TXN0002849,CUST01137,2254.79,20,UPI,Chennai,Android,0,0,0,3,1508,1918.7,1,0
TXN0002850,CUST00332,3302.07,12,UPI,Delhi,iOS,0,1,1,2,250,1648.09,1,0
TXN0002851,CUST02089,7377.83,20,Credit Card,Jaipur,Android,1,0,1,2,310,830.55,1,0
TXN0002852,CUST01794,1320.59,11,UPI,Kolkata,Web,0,0,1,2,349,786.03,0,0
TXN0002853,CUST00959,1013.39,8,Credit Card,Hyderabad,Web,0,0,2,3,1484,1011.1,0,0
TXN0002854,CUST00105,4303.76,11,Credit Card,Delhi,Web,1,0,2,7,1697,2120.02,0,0
TXN0002855,CUST00202,2996.07,16,UPI,Pune,Android,1,0,1,3,542,3109.4,0,0
TXN0002856,CUST02498,1492.51,11,UPI,Gurugram,Android,0,0,2,2,1415,1811.11,1,0
TXN0002857,CUST01843,7237.27,17,UPI,Gurugram,Android,0,0,0,5,1163,7105.32,0,0
TXN0002858,CUST01867,1455.78,9,UPI,Hyderabad,Android,0,0,1,1,331,491.77,0,0
TXN0002859,CUST01997,1859.97,18,Credit Card,Kolkata,Android,0,0,0,4,728,4973.05,0,0
TXN0002860,CUST01290,1838.61,11,Debit Card,Jaipur,iOS,0,1,3,1,122,2960.84,0,0
TXN0002861,CUST00910,706.94,13,UPI,Delhi,Android,0,0,0,3,96,1736.29,0,0
TXN0002862,CUST00210,1945.21,15,Credit Card,Jaipur,Android,0,0,0,5,681,7250.6,1,0
TXN0002863,CUST00563,7275.75,17,Net Banking,Gurugram,iOS,0,0,1,4,343,709.76,0,0
TXN0002864,CUST01564,2808.79,9,UPI,Delhi,Android,0,0,0,2,714,603.69,0,0
TXN0002865,CUST00771,1856.79,20,Credit Card,Gurugram,Android,0,0,2,1,948,3289.37,0,0
TXN0002866,CUST00629,1531.15,18,Debit Card,Pune,Android,0,0,1,6,326,1026.51,0,0
TXN0002867,CUST01629,2505.91,9,UPI,Jaipur,iOS,1,0,1,5,1814,856.04,0,0
TXN0002868,CUST01702,3809.71,23,Debit Card,Kolkata,iOS,1,0,1,5,1478,1522.83,0,0
TXN0002869,CUST00387,3310.26,17,Net Banking,Hyderabad,Android,0,1,0,4,61,911.35,0,0
TXN0002870,CUST01936,1291.65,13,UPI,Gurugram,Android,0,0,1,3,87,1083.65,0,0
TXN0002871,CUST02344,2490.71,8,Debit Card,Pune,Android,0,0,1,1,84,1359.07,0,0
TXN0002872,CUST02306,2908.76,15,UPI,Pune,Android,0,0,0,4,450,1115.22,0,0
TXN0002873,CUST01105,657.44,8,UPI,Jaipur,Android,0,0,0,3,380,1490.43,0,0
TXN0002874,CUST00268,2129.78,13,Credit Card,Pune,Web,0,0,0,1,1290,1281.28,1,0
TXN0002875,CUST02467,207.31,12,UPI,Hyderabad,Android,0,1,0,4,276,1378.17,0,0
TXN0002876,CUST02283,2916.31,18,Credit Card,Kolkata,Android,1,0,0,2,365,1557.7,0,0
TXN0002877,CUST01857,3483.82,8,UPI,Mumbai,Android,0,0,1,5,1270,1201.24,0,0
TXN0002878,CUST01999,3801.26,19,Debit Card,Mumbai,Android,0,0,0,4,482,2450.91,1,0
TXN0002879,CUST01381,1212.57,11,Credit Card,Pune,Android,1,0,2,5,550,920.51,0,0
TXN0002880,CUST01237,2451.83,13,UPI,Gurugram,Android,0,0,0,2,75,2332.61,0,0
TXN0002881,CUST00574,7476.32,19,UPI,Bengaluru,Android,0,0,1,3,19,1642.43,0,0
TXN0002882,CUST00049,7400.56,16,UPI,Kolkata,Web,1,0,0,4,932,768.99,1,0
TXN0002883,CUST01151,1748.25,10,UPI,Gurugram,Web,0,0,3,4,205,1742.91,0,0
TXN0002884,CUST00223,2069.08,12,Debit Card,Gurugram,iOS,0,0,0,4,417,2401.28,0,0
TXN0002885,CUST01432,5466.82,10,UPI,Bengaluru,Android,0,0,1,3,1126,1408.58,1,0
TXN0002886,CUST01529,401.31,16,Credit Card,Delhi,Android,0,0,1,6,311,539.09,1,0
TXN0002887,CUST01820,1303.05,11,UPI,Mumbai,iOS,0,0,0,6,1610,1733.29,0,0
TXN0002888,CUST02325,6843.9,18,Credit Card,Noida,Android,0,0,0,3,675,2178.36,0,0
TXN0002889,CUST01462,4773.06,16,Credit Card,Kolkata,Android,0,0,2,1,37,1568.64,0,0
TXN0002890,CUST01131,2604.0,7,UPI,Delhi,iOS,1,1,2,2,78,494.76,1,1
TXN0002891,CUST01682,399.3,10,Debit Card,Bengaluru,Android,0,0,1,2,1007,1380.56,0,0
TXN0002892,CUST02468,1712.37,9,UPI,Noida,Android,0,1,0,4,2838,1226.3,0,0
TXN0002893,CUST00375,997.87,12,Debit Card,Kolkata,Android,1,0,1,2,110,700.89,1,0
TXN0002894,CUST02121,2506.35,14,Debit Card,Chennai,iOS,0,0,1,3,487,2896.21,0,0
TXN0002895,CUST02022,801.27,14,Credit Card,Bengaluru,iOS,0,0,2,2,334,3595.48,0,0
TXN0002896,CUST01054,645.37,18,Wallet,Kolkata,iOS,0,0,0,3,266,788.52,1,0
TXN0002897,CUST01890,228.3,8,Debit Card,Chennai,Android,0,1,1,3,796,2845.48,0,0
TXN0002898,CUST01824,6107.95,22,Credit Card,Delhi,iOS,0,0,0,3,10,1808.39,1,0
TXN0002899,CUST01475,1206.85,11,UPI,Chennai,Web,0,0,2,3,687,1184.32,1,0
TXN0002900,CUST02243,2106.3,10,Credit Card,Bengaluru,iOS,0,1,0,2,79,3295.3,0,0
TXN0002901,CUST01180,1795.98,17,UPI,Mumbai,Android,0,0,2,2,302,1350.74,0,0
TXN0002902,CUST01065,619.0,19,Credit Card,Bengaluru,iOS,0,0,0,2,290,1378.77,0,0
TXN0002903,CUST02071,511.05,12,Credit Card,Jaipur,iOS,0,0,0,1,230,916.58,0,0
TXN0002904,CUST00360,658.67,18,Credit Card,Hyderabad,Web,0,0,0,3,1824,1240.74,0,0
TXN0002905,CUST02042,873.38,20,Debit Card,Delhi,iOS,0,0,1,4,632,1726.98,0,0
TXN0002906,CUST01142,2597.09,19,Debit Card,Hyderabad,iOS,0,1,1,1,300,1638.59,0,0
TXN0002907,CUST01636,812.26,1,UPI,Gurugram,iOS,0,0,1,7,74,1423.23,0,0
TXN0002908,CUST01404,10322.0,19,UPI,Delhi,Android,1,0,1,3,64,1095.22,1,0
TXN0002909,CUST01944,5027.57,19,Credit Card,Kolkata,Android,1,0,3,5,717,1452.09,1,0
TXN0002910,CUST00679,4039.6,17,UPI,Noida,Android,0,0,1,4,113,1158.45,1,0
TXN0002911,CUST02488,1597.0,18,Debit Card,Gurugram,Android,0,0,1,7,691,3434.93,0,0
TXN0002912,CUST00007,8183.07,23,UPI,Kolkata,iOS,1,0,2,5,1879,1052.61,0,0
TXN0002913,CUST02469,1447.42,13,UPI,Gurugram,Android,1,0,2,4,813,556.76,1,0
TXN0002914,CUST01592,1744.6,4,Credit Card,Jaipur,Android,0,0,0,3,365,649.61,0,0
TXN0002915,CUST00833,2133.49,13,Credit Card,Bengaluru,Android,0,0,0,3,636,4205.61,1,0
TXN0002916,CUST01811,3631.37,2,UPI,Delhi,Android,0,1,1,4,92,2741.65,0,0
TXN0002917,CUST00914,3403.13,10,UPI,Mumbai,iOS,0,0,2,2,303,943.5,1,0
TXN0002918,CUST02012,1119.25,16,UPI,Jaipur,iOS,0,0,2,1,458,1513.58,0,0
TXN0002919,CUST01443,1056.32,10,UPI,Delhi,Web,0,1,1,1,242,887.13,0,0
TXN0002920,CUST01451,3413.33,17,UPI,Mumbai,Android,0,0,0,2,499,1338.05,0,0
TXN0002921,CUST01503,3680.41,19,Credit Card,Gurugram,Android,0,0,2,1,108,4601.84,0,0
TXN0002922,CUST00126,1214.63,13,Wallet,Chennai,Web,0,0,0,2,931,3336.22,1,1
TXN0002923,CUST02443,368.1,21,UPI,Hyderabad,Android,0,0,0,5,275,1580.28,1,0
TXN0002924,CUST00817,1462.97,5,UPI,Mumbai,iOS,0,0,1,2,150,301.55,1,0
TXN0002925,CUST01830,3357.89,20,Debit Card,Bengaluru,iOS,0,0,1,5,409,1761.43,0,0
TXN0002926,CUST00576,10948.51,20,Debit Card,Gurugram,Android,0,0,1,2,554,1648.4,0,0
TXN0002927,CUST02373,543.26,11,UPI,Bengaluru,Android,0,0,0,2,422,1460.38,1,0
TXN0002928,CUST01416,1174.94,10,UPI,Noida,Android,0,0,0,1,40,851.86,0,0
TXN0002929,CUST00930,1219.43,10,UPI,Delhi,Web,0,0,0,2,242,3312.47,1,0
TXN0002930,CUST01464,6983.79,19,UPI,Chennai,Android,0,0,3,5,143,1073.17,1,0
TXN0002931,CUST00833,1738.19,20,Credit Card,Mumbai,Android,0,0,1,2,962,2439.05,0,0
TXN0002932,CUST01055,726.48,11,Net Banking,Hyderabad,Android,0,0,3,3,2013,2108.01,0,0
TXN0002933,CUST01649,3147.1,16,Debit Card,Mumbai,Android,0,1,2,2,661,1264.6,0,0
TXN0002934,CUST01901,1200.99,7,Net Banking,Bengaluru,iOS,0,1,1,5,1565,2941.46,0,0
TXN0002935,CUST01458,529.09,14,UPI,Chennai,Android,0,0,2,4,996,871.13,0,0
TXN0002936,CUST01400,737.13,23,Wallet,Mumbai,Android,0,0,0,4,33,1681.38,1,0
TXN0002937,CUST00443,10194.3,8,UPI,Gurugram,Android,0,0,0,7,1073,5164.67,0,0
TXN0002938,CUST02123,2643.21,22,UPI,Noida,Android,0,0,3,5,739,783.72,0,0
TXN0002939,CUST00557,2004.8,19,Debit Card,Chennai,Android,0,0,3,2,172,1468.38,0,0
TXN0002940,CUST01179,1401.99,23,UPI,Delhi,Android,0,0,0,1,232,1989.7,0,0
TXN0002941,CUST02038,2410.74,8,UPI,Chennai,Web,0,0,0,5,858,1912.99,1,0
TXN0002942,CUST00363,2382.2,9,Debit Card,Hyderabad,Android,1,0,1,4,1597,2002.7,0,0
TXN0002943,CUST02496,2410.79,0,UPI,Gurugram,Android,1,0,0,1,140,862.41,0,0
TXN0002944,CUST01258,2019.06,18,Credit Card,Mumbai,Android,1,0,0,3,881,1642.45,0,0
TXN0002945,CUST01842,4291.28,17,UPI,Kolkata,iOS,0,0,1,4,804,1105.6,0,0
TXN0002946,CUST02310,1842.07,8,Debit Card,Mumbai,iOS,0,0,0,1,923,5447.93,1,0
TXN0002947,CUST01851,676.95,19,UPI,Bengaluru,Web,0,0,0,3,413,1510.23,0,0
TXN0002948,CUST02173,975.66,10,Credit Card,Bengaluru,Android,0,0,1,3,22,478.42,1,0
TXN0002949,CUST00911,248.77,7,UPI,Jaipur,Android,0,0,1,2,86,2015.2,1,0
TXN0002950,CUST00245,13661.8,13,Debit Card,Noida,Android,0,0,0,3,330,3502.82,0,0
TXN0002951,CUST00542,4265.42,6,Credit Card,Mumbai,Android,0,0,2,2,768,1788.37,1,0
TXN0002952,CUST02170,784.83,9,UPI,Delhi,iOS,1,0,0,1,1063,1031.86,0,0
TXN0002953,CUST02173,1357.9,12,UPI,Pune,iOS,0,0,0,1,942,1050.82,0,0
TXN0002954,CUST01573,952.1,20,UPI,Pune,Android,0,1,0,6,713,1805.1,1,0
TXN0002955,CUST02218,8417.68,19,Credit Card,Delhi,Web,0,0,1,8,1049,3270.41,0,0
TXN0002956,CUST00124,435.14,13,Credit Card,Chennai,Web,1,0,0,4,505,2843.89,0,0
TXN0002957,CUST01732,2018.31,18,UPI,Gurugram,Web,1,1,0,3,10,1686.33,0,0
TXN0002958,CUST00786,1614.88,15,Debit Card,Jaipur,Android,0,0,0,4,598,851.67,0,0
TXN0002959,CUST02044,4114.94,11,Wallet,Jaipur,Android,0,1,1,11,1196,1531.25,0,1
TXN0002960,CUST02249,1622.19,18,UPI,Chennai,Android,0,0,0,3,418,1771.44,1,0
TXN0002961,CUST02417,310.24,17,UPI,Kolkata,Android,0,0,0,5,584,1212.02,0,0
TXN0002962,CUST00797,1400.28,16,Credit Card,Pune,Android,0,0,2,3,1238,528.75,0,0
TXN0002963,CUST00077,680.88,16,Credit Card,Jaipur,Web,0,0,0,5,1333,2237.09,0,0
TXN0002964,CUST00059,1949.1,17,UPI,Hyderabad,Android,0,0,0,1,800,3141.63,0,0
TXN0002965,CUST02479,7553.14,12,UPI,Mumbai,iOS,0,0,0,2,181,5851.34,1,0
TXN0002966,CUST01524,316.12,20,UPI,Jaipur,iOS,0,0,2,3,57,1008.67,0,0
TXN0002967,CUST01937,808.61,8,Credit Card,Chennai,Android,0,0,0,3,196,861.7,0,0
TXN0002968,CUST02157,1035.72,20,Credit Card,Jaipur,Android,0,0,2,3,2303,1643.68,0,0
TXN0002969,CUST01302,1228.94,11,UPI,Gurugram,iOS,0,0,2,4,422,2280.8,1,0
TXN0002970,CUST00068,3773.16,7,UPI,Bengaluru,iOS,0,0,0,1,981,1216.88,0,0
TXN0002971,CUST02353,1513.22,16,UPI,Bengaluru,Web,0,0,1,2,178,1343.2,0,0
TXN0002972,CUST01933,2728.06,12,Debit Card,Kolkata,Web,1,1,0,3,1150,5812.54,0,0
TXN0002973,CUST00365,962.73,19,UPI,Jaipur,Web,0,1,1,4,224,523.2,0,0
TXN0002974,CUST00821,2265.31,13,Credit Card,Mumbai,iOS,0,0,1,3,2135,1100.73,0,0
TXN0002975,CUST01403,3918.01,17,Debit Card,Noida,Android,0,0,0,3,514,752.82,1,0
TXN0002976,CUST02391,865.44,10,Debit Card,Kolkata,Web,0,0,0,5,1297,1352.53,0,0
TXN0002977,CUST00947,3931.99,9,Debit Card,Noida,Web,0,0,0,3,10,548.52,1,0
TXN0002978,CUST01578,1896.78,12,UPI,Jaipur,Android,0,0,0,3,249,6792.12,0,0
TXN0002979,CUST01378,5120.47,16,Debit Card,Pune,Android,0,0,0,6,291,1178.72,0,0
TXN0002980,CUST01440,1471.62,17,Debit Card,Chennai,Android,0,0,2,4,647,2516.79,1,0
TXN0002981,CUST00762,2635.39,16,Debit Card,Hyderabad,Web,0,0,0,3,468,5730.6,0,0
TXN0002982,CUST00341,1728.37,23,UPI,Noida,Android,1,0,1,4,677,2459.98,0,0
TXN0002983,CUST00383,1634.89,17,UPI,Mumbai,iOS,0,0,2,3,341,1535.6,1,0
TXN0002984,CUST01004,2331.98,21,Debit Card,Pune,Web,0,0,0,4,182,1767.62,0,0
TXN0002985,CUST01557,3078.97,7,Net Banking,Jaipur,iOS,0,1,2,3,1775,1023.79,0,0
TXN0002986,CUST00300,515.93,3,Debit Card,Pune,iOS,0,0,2,4,141,1229.17,0,0
TXN0002987,CUST00139,7549.04,10,Debit Card,Chennai,Web,0,1,1,2,1106,6396.52,0,0
TXN0002988,CUST00359,280.31,7,Credit Card,Mumbai,Android,0,0,2,4,1384,2352.55,0,0
TXN0002989,CUST00836,907.53,15,UPI,Chennai,Android,0,0,0,5,192,1101.23,1,0
TXN0002990,CUST01523,1638.07,15,Debit Card,Bengaluru,Android,0,0,0,3,524,5931.81,0,0
TXN0002991,CUST01628,2718.67,16,Debit Card,Kolkata,Android,0,0,0,4,804,1402.81,1,0
TXN0002992,CUST01983,8705.54,18,Debit Card,Kolkata,Android,0,0,0,5,1248,3458.62,0,0
TXN0002993,CUST01304,280.69,23,Net Banking,Noida,Android,0,0,1,1,1073,2520.47,0,0
TXN0002994,CUST00909,1083.39,20,UPI,Jaipur,iOS,0,0,1,5,1020,1457.52,0,0
TXN0002995,CUST01135,214.59,7,UPI,Gurugram,Android,0,1,2,4,43,1071.98,0,0
TXN0002996,CUST02187,1857.83,11,Wallet,Delhi,iOS,0,0,0,4,2264,2455.94,1,0
TXN0002997,CUST00996,2361.91,9,UPI,Hyderabad,Android,0,0,0,3,442,5257.05,0,0
TXN0002998,CUST02483,8833.77,8,Debit Card,Pune,Android,0,0,2,2,221,1337.01,1,1
TXN0002999,CUST02321,2030.78,15,Wallet,Kolkata,Android,0,0,1,3,130,2676.44,0,0
TXN0003000,CUST02152,5113.13,15,UPI,Chennai,Android,0,0,0,3,1949,877.43,0,0
TXN0003001,CUST01238,3227.23,9,Debit Card,Pune,Android,0,0,0,3,36,2323.25,1,0
TXN0003002,CUST01785,1164.79,18,UPI,Delhi,Android,0,0,0,4,1596,2364.0,0,0
TXN0003003,CUST00165,439.91,18,Debit Card,Chennai,iOS,0,0,0,3,144,1362.31,1,0
TXN0003004,CUST00999,2369.76,0,UPI,Mumbai,Android,0,0,0,4,2249,1031.0,0,0
TXN0003005,CUST01308,404.82,12,Credit Card,Mumbai,Android,0,0,0,4,24,2411.61,1,0
TXN0003006,CUST00657,6573.15,21,Debit Card,Delhi,Android,0,0,2,1,85,3049.78,1,0
TXN0003007,CUST02212,1530.7,15,Credit Card,Jaipur,Web,0,0,0,1,10,2052.32,0,0
TXN0003008,CUST01910,5947.46,11,Debit Card,Gurugram,Android,0,1,0,1,10,2434.53,1,0
TXN0003009,CUST02047,1113.57,9,Wallet,Hyderabad,Android,0,0,2,3,1557,5374.23,1,0
TXN0003010,CUST02112,2355.23,9,Debit Card,Hyderabad,Android,0,0,0,1,872,3269.97,1,0
TXN0003011,CUST01141,2219.18,6,Net Banking,Gurugram,iOS,0,0,2,6,1356,771.8,0,0
TXN0003012,CUST01890,1720.72,19,UPI,Chennai,Android,0,1,1,1,18,1556.15,0,0
TXN0003013,CUST00267,1167.81,5,Credit Card,Hyderabad,Android,0,0,0,3,40,1206.07,1,0
TXN0003014,CUST01846,2665.1,10,UPI,Kolkata,iOS,0,0,0,1,3000,1299.39,0,0
TXN0003015,CUST01709,712.93,2,Net Banking,Chennai,iOS,1,0,0,3,404,1361.07,0,0
TXN0003016,CUST02294,537.06,19,UPI,Noida,Android,1,0,2,2,87,4183.02,0,0
TXN0003017,CUST02443,6237.71,2,UPI,Bengaluru,Android,0,0,2,2,353,637.15,0,0
TXN0003018,CUST01511,3724.58,10,UPI,Noida,Web,0,0,1,5,66,1039.86,0,0
TXN0003019,CUST00476,1922.6,16,UPI,Pune,Android,0,0,0,2,2384,1386.63,1,0
TXN0003020,CUST00977,9515.57,12,Wallet,Gurugram,Android,0,0,0,3,760,801.88,0,0
TXN0003021,CUST01208,1377.16,10,UPI,Pune,Android,0,0,0,3,132,834.3,1,0
TXN0003022,CUST01044,6756.4,10,Wallet,Hyderabad,Web,1,1,2,5,494,1071.64,0,0
TXN0003023,CUST01961,2145.47,19,UPI,Mumbai,Android,0,0,1,6,772,2246.31,1,0
TXN0003024,CUST00558,645.99,23,Debit Card,Bengaluru,Android,0,0,1,3,807,1264.9,1,0
TXN0003025,CUST01018,11425.26,11,Credit Card,Kolkata,Android,0,0,0,4,214,2734.53,1,0
TXN0003026,CUST01606,4847.67,2,UPI,Jaipur,Android,0,0,0,3,47,1262.46,1,0
TXN0003027,CUST00883,1594.83,1,UPI,Chennai,Web,0,0,2,4,1271,1885.85,0,0
TXN0003028,CUST02195,3724.59,18,UPI,Kolkata,Android,0,0,1,4,1603,2887.33,1,0
TXN0003029,CUST00666,1202.12,15,UPI,Kolkata,Android,0,0,2,3,469,2282.32,0,0
TXN0003030,CUST01772,4124.46,19,UPI,Pune,Android,0,0,1,7,1199,1204.52,0,0
TXN0003031,CUST00864,164.76,18,UPI,Mumbai,iOS,0,0,0,3,466,1623.0,0,0
TXN0003032,CUST00582,649.2,21,UPI,Chennai,Android,0,0,2,5,181,2245.37,0,0
TXN0003033,CUST00695,4792.47,20,Credit Card,Jaipur,iOS,0,0,1,4,642,1918.12,1,0
TXN0003034,CUST01252,1402.32,19,UPI,Pune,Android,0,0,0,4,500,2919.02,0,0
TXN0003035,CUST01611,2215.17,14,Debit Card,Noida,iOS,0,0,0,5,1421,1162.76,0,0
TXN0003036,CUST01240,468.13,10,Net Banking,Delhi,Android,0,0,1,3,1705,2341.18,0,0
TXN0003037,CUST02455,11423.28,14,UPI,Jaipur,Android,0,0,2,2,347,2281.94,1,0
TXN0003038,CUST00399,5919.88,14,UPI,Kolkata,Android,0,0,1,3,114,1157.29,1,0
TXN0003039,CUST01947,1472.71,16,UPI,Chennai,Android,0,0,1,2,926,2271.87,0,0
TXN0003040,CUST00715,1200.92,8,UPI,Kolkata,Web,1,0,0,2,159,1985.35,0,0
TXN0003041,CUST00704,5039.92,17,Debit Card,Bengaluru,Android,0,0,0,5,525,1681.39,0,0
TXN0003042,CUST01715,13069.18,13,UPI,Hyderabad,Web,0,0,0,3,662,1320.45,1,0
TXN0003043,CUST01973,4671.81,16,UPI,Mumbai,Android,0,0,0,2,1134,454.69,0,0
TXN0003044,CUST00082,15793.36,9,UPI,Pune,Android,0,0,1,3,139,1000.29,0,0
TXN0003045,CUST00604,715.65,13,Debit Card,Chennai,Android,0,0,0,1,1081,1210.74,0,0
TXN0003046,CUST01971,793.26,9,Credit Card,Delhi,Android,0,0,0,5,429,2782.35,0,0
TXN0003047,CUST01711,548.18,20,Net Banking,Delhi,Android,0,0,2,2,454,662.12,0,0
TXN0003048,CUST02047,2799.8,14,Wallet,Noida,Android,0,0,0,1,1649,1060.69,1,0
TXN0003049,CUST00903,2145.54,9,UPI,Noida,Web,0,0,0,2,287,1677.19,0,0
TXN0003050,CUST00365,1546.25,2,UPI,Pune,iOS,1,0,2,2,18,1893.73,0,0
TXN0003051,CUST00163,4043.24,17,UPI,Gurugram,Android,0,0,1,5,185,639.78,0,0
TXN0003052,CUST01864,6172.57,9,Credit Card,Delhi,iOS,0,0,0,2,873,8554.43,0,0
TXN0003053,CUST00116,391.46,23,Credit Card,Jaipur,Android,0,0,2,4,1138,5101.92,0,0
TXN0003054,CUST02385,990.86,15,UPI,Noida,Web,0,0,1,5,419,1390.55,0,0
TXN0003055,CUST00881,4087.49,10,UPI,Mumbai,Android,0,0,1,7,377,1749.77,0,0
TXN0003056,CUST00840,1127.55,17,UPI,Noida,Android,0,0,1,1,261,1826.71,0,0
TXN0003057,CUST02195,810.24,10,Debit Card,Bengaluru,Web,0,0,0,2,1059,525.33,0,0
TXN0003058,CUST01347,4984.46,19,Net Banking,Pune,Android,0,0,1,3,322,1801.42,0,0
TXN0003059,CUST02491,495.74,10,UPI,Kolkata,iOS,1,0,0,2,170,1981.05,0,0
TXN0003060,CUST01037,1331.37,23,UPI,Bengaluru,Web,0,0,0,4,773,1992.12,1,0
TXN0003061,CUST00943,2500.35,16,UPI,Mumbai,Web,0,0,1,3,437,2528.68,0,0
TXN0003062,CUST01725,1014.06,20,Wallet,Delhi,Web,0,0,1,6,49,808.15,0,0
TXN0003063,CUST02335,3939.06,4,Net Banking,Chennai,Android,0,0,3,2,682,617.64,0,0
TXN0003064,CUST01138,1019.09,11,UPI,Delhi,iOS,0,0,0,2,317,1926.03,0,0
TXN0003065,CUST00022,7362.55,18,UPI,Delhi,Android,0,0,1,4,1150,3112.42,0,0
TXN0003066,CUST01750,1587.31,17,UPI,Chennai,Web,1,0,0,3,1728,872.09,0,0
TXN0003067,CUST00683,3522.1,8,Credit Card,Bengaluru,Android,0,0,1,9,2018,1757.82,0,0
TXN0003068,CUST01834,3795.48,11,Debit Card,Jaipur,Android,0,0,1,3,2703,2127.43,0,0
TXN0003069,CUST02368,961.03,9,Credit Card,Bengaluru,Web,0,0,0,3,1163,1644.78,1,0
TXN0003070,CUST00126,230.92,16,Net Banking,Kolkata,Web,0,0,1,8,273,2132.07,0,0
TXN0003071,CUST00277,2581.94,11,UPI,Bengaluru,Web,1,0,0,3,178,921.98,1,0
TXN0003072,CUST02000,1934.94,10,Debit Card,Mumbai,Android,0,0,0,2,135,851.97,0,0
TXN0003073,CUST01228,3138.08,8,UPI,Bengaluru,Android,0,0,1,2,805,1604.97,0,0
TXN0003074,CUST02242,1435.14,12,UPI,Hyderabad,Web,1,0,3,6,613,10932.0,0,0
TXN0003075,CUST00696,1170.42,8,Debit Card,Gurugram,Android,0,0,1,3,515,1814.98,1,0
TXN0003076,CUST01310,13413.47,22,Wallet,Mumbai,Web,0,0,0,2,318,3559.31,0,0
TXN0003077,CUST00057,412.89,8,Debit Card,Pune,iOS,0,0,2,2,882,891.68,0,0
TXN0003078,CUST00019,3749.93,21,Debit Card,Chennai,Web,0,0,2,1,312,1003.05,0,0
TXN0003079,CUST02312,1013.27,13,Debit Card,Pune,iOS,0,0,0,6,356,985.64,0,0
TXN0003080,CUST00113,1286.61,12,UPI,Chennai,Web,1,0,3,3,245,1207.74,0,0
TXN0003081,CUST00542,1310.86,9,Debit Card,Pune,Android,0,0,2,6,379,640.23,0,0
TXN0003082,CUST00579,806.02,17,Debit Card,Hyderabad,Web,0,0,2,6,78,2337.01,0,1
TXN0003083,CUST01089,3186.78,17,Credit Card,Noida,Android,0,0,0,5,1500,2470.75,0,0
TXN0003084,CUST00025,7231.38,13,Credit Card,Gurugram,Android,1,0,0,2,835,1431.3,0,0
TXN0003085,CUST01573,2880.03,3,Debit Card,Jaipur,Android,1,0,0,3,495,1652.9,1,0
TXN0003086,CUST02049,1996.05,21,Debit Card,Kolkata,iOS,0,0,2,2,1204,3263.16,1,0
TXN0003087,CUST01573,671.22,23,UPI,Delhi,iOS,0,0,1,5,91,1974.58,1,0
TXN0003088,CUST00141,3018.05,13,Debit Card,Chennai,Android,0,0,0,4,86,708.46,0,0
TXN0003089,CUST01768,15551.18,16,Debit Card,Kolkata,iOS,1,0,0,4,886,1204.07,0,0
TXN0003090,CUST00648,1230.1,13,UPI,Chennai,Web,0,0,0,4,286,1968.37,0,0
TXN0003091,CUST02236,1235.9,11,Debit Card,Chennai,iOS,0,0,1,5,907,1881.27,0,0
TXN0003092,CUST00201,1027.06,5,UPI,Chennai,Android,0,0,1,7,954,3534.06,1,0
TXN0003093,CUST00257,1103.37,13,UPI,Chennai,iOS,0,0,1,3,1475,935.05,0,0
TXN0003094,CUST00547,115.61,19,Credit Card,Chennai,Web,1,0,1,2,228,1534.1,0,0
TXN0003095,CUST02242,2698.84,0,Wallet,Delhi,Web,0,0,0,5,32,1482.51,0,0
TXN0003096,CUST00802,772.78,16,UPI,Pune,Android,0,0,0,3,396,668.09,0,0
TXN0003097,CUST00942,359.7,20,Debit Card,Pune,Android,0,0,0,3,51,3464.56,0,0
TXN0003098,CUST00414,3822.78,9,Credit Card,Noida,Android,1,0,0,3,435,14420.85,0,0
TXN0003099,CUST02015,610.04,8,Wallet,Chennai,Android,0,0,0,4,1221,475.52,0,0
TXN0003100,CUST01382,1282.89,19,Debit Card,Mumbai,Android,0,0,0,3,460,1849.04,0,0
TXN0003101,CUST01099,7800.82,9,Wallet,Kolkata,Android,0,0,1,3,123,598.74,0,0
TXN0003102,CUST00910,439.8,8,Debit Card,Delhi,iOS,1,0,0,6,153,3730.76,1,0
TXN0003103,CUST00188,388.75,12,Debit Card,Chennai,Android,0,1,0,5,1222,455.96,0,0
TXN0003104,CUST02016,2356.3,12,UPI,Chennai,Android,0,0,0,4,1120,1388.63,1,0
TXN0003105,CUST01314,5681.83,20,UPI,Bengaluru,Android,1,0,0,2,373,2233.42,0,0
TXN0003106,CUST02093,372.86,16,UPI,Mumbai,Android,0,0,2,8,861,3645.4,0,0
TXN0003107,CUST02131,2706.01,12,Debit Card,Hyderabad,Web,0,0,0,2,10,1387.68,0,0
TXN0003108,CUST01147,3218.08,15,UPI,Kolkata,Android,0,0,0,1,1205,1006.65,0,0
TXN0003109,CUST00358,229.61,22,UPI,Jaipur,iOS,0,0,0,7,131,1157.78,0,0
TXN0003110,CUST01552,3999.97,7,Wallet,Bengaluru,Android,1,0,1,4,162,938.45,1,0
TXN0003111,CUST01090,4324.92,8,Debit Card,Pune,iOS,0,0,1,4,468,2245.61,0,0
TXN0003112,CUST01681,1317.85,22,Wallet,Kolkata,Android,1,0,0,3,373,1125.03,0,0
TXN0003113,CUST02423,6297.38,22,UPI,Mumbai,Android,0,0,0,2,91,940.97,1,0
TXN0003114,CUST00162,5608.27,8,UPI,Bengaluru,iOS,0,0,1,4,722,720.72,0,0
TXN0003115,CUST02370,1995.52,7,UPI,Gurugram,Android,1,0,1,5,516,1340.97,0,0
TXN0003116,CUST00450,1146.07,13,UPI,Delhi,Android,1,0,2,4,1428,1520.36,0,0
TXN0003117,CUST01498,680.42,2,UPI,Noida,iOS,0,0,1,4,2012,607.82,0,0
TXN0003118,CUST01037,1733.64,17,UPI,Delhi,Android,0,0,3,3,298,1042.27,0,0
TXN0003119,CUST02232,3182.11,5,UPI,Bengaluru,iOS,0,0,1,4,289,625.06,1,0
TXN0003120,CUST02159,1301.62,3,Credit Card,Pune,Android,0,0,1,3,1153,1916.71,0,0
TXN0003121,CUST01951,199.94,14,UPI,Noida,Android,1,0,0,8,76,2694.23,1,0
TXN0003122,CUST01314,6401.3,22,UPI,Kolkata,Android,0,0,0,5,21,2917.49,0,0
TXN0003123,CUST02343,2177.14,13,Debit Card,Bengaluru,Android,0,1,1,3,10,1387.63,0,0
TXN0003124,CUST01239,1231.41,11,Debit Card,Pune,Android,0,0,0,6,1835,1238.74,1,0
TXN0003125,CUST00974,4241.62,23,Debit Card,Delhi,Android,0,0,3,4,348,721.39,0,0
TXN0003126,CUST00632,8268.27,15,Credit Card,Noida,iOS,0,1,2,1,615,1212.7,0,0
TXN0003127,CUST01591,109.25,12,Net Banking,Gurugram,Web,0,1,1,3,87,4125.68,1,0
TXN0003128,CUST01051,2778.89,12,Wallet,Gurugram,iOS,0,0,1,4,25,1235.06,0,0
TXN0003129,CUST01589,432.2,8,Credit Card,Hyderabad,Android,0,0,1,2,1303,2026.65,0,0
TXN0003130,CUST02369,2965.06,14,UPI,Hyderabad,Android,0,0,0,6,807,3472.44,1,1
TXN0003131,CUST01694,2045.65,13,UPI,Kolkata,Android,0,0,0,3,845,4938.78,1,0
TXN0003132,CUST00437,3399.11,10,Debit Card,Kolkata,Android,0,0,0,4,376,2109.72,0,0
TXN0003133,CUST01557,1092.58,8,Credit Card,Pune,iOS,0,0,3,1,589,1351.61,0,0
TXN0003134,CUST01077,276.53,10,Wallet,Kolkata,Web,1,0,0,3,583,2760.49,0,0
TXN0003135,CUST01305,1147.31,14,Credit Card,Delhi,Android,0,0,0,2,2684,3011.86,1,0
TXN0003136,CUST02079,2703.74,3,Net Banking,Gurugram,Android,0,0,1,5,379,716.59,0,0
TXN0003137,CUST02385,4968.8,8,Debit Card,Pune,Web,0,0,2,8,301,1302.65,0,0
TXN0003138,CUST00183,557.64,22,Net Banking,Noida,Android,1,0,1,2,742,942.34,0,0
TXN0003139,CUST01470,5027.12,15,UPI,Chennai,Web,0,0,0,1,695,828.77,0,0
TXN0003140,CUST01480,941.68,4,UPI,Kolkata,Web,0,0,1,1,549,7020.97,0,0
TXN0003141,CUST01590,2586.32,18,Debit Card,Bengaluru,Android,1,0,1,5,297,279.17,1,0
TXN0003142,CUST01588,1081.01,3,Debit Card,Jaipur,Android,1,0,0,6,352,1103.2,0,0
TXN0003143,CUST00660,2159.67,18,UPI,Delhi,Web,1,1,1,6,170,2085.5,0,0
TXN0003144,CUST00160,4391.47,18,Debit Card,Kolkata,iOS,0,0,0,6,160,2455.08,0,0
TXN0003145,CUST02460,527.7,17,Credit Card,Chennai,Android,0,0,2,2,1187,1771.85,0,0
TXN0003146,CUST01012,912.0,18,UPI,Delhi,Android,0,0,1,3,147,1704.11,0,0
TXN0003147,CUST00053,2165.71,6,Credit Card,Gurugram,iOS,0,0,1,1,1123,653.26,0,0
TXN0003148,CUST02456,19873.16,18,Wallet,Gurugram,Android,0,0,3,4,118,869.23,1,0
TXN0003149,CUST01046,759.27,7,Credit Card,Pune,Android,0,0,1,5,470,2019.73,0,0
TXN0003150,CUST01054,13844.95,11,Debit Card,Gurugram,Android,0,0,0,4,387,2674.73,1,0
TXN0003151,CUST02308,13359.26,22,UPI,Kolkata,Android,1,0,0,3,867,1823.81,1,0
TXN0003152,CUST01229,1633.09,14,Debit Card,Noida,Android,0,0,0,7,1308,2143.84,0,0
TXN0003153,CUST01495,1335.94,22,Net Banking,Mumbai,Android,0,0,1,4,175,5925.9,0,0
TXN0003154,CUST01490,900.97,6,Credit Card,Mumbai,Android,0,0,0,6,364,1185.86,0,0
TXN0003155,CUST01036,1681.33,14,UPI,Hyderabad,Android,0,0,0,3,120,1945.64,1,0
TXN0003156,CUST01951,440.9,3,Credit Card,Delhi,Web,0,0,1,6,251,2307.92,0,0
TXN0003157,CUST00850,1667.87,17,Wallet,Noida,iOS,0,0,0,2,170,2216.93,0,0
TXN0003158,CUST00354,8041.91,5,UPI,Chennai,Android,1,0,0,6,2033,1523.51,0,0
TXN0003159,CUST01099,976.97,8,UPI,Kolkata,iOS,1,0,1,4,344,2912.37,0,0
TXN0003160,CUST01740,1414.9,9,UPI,Mumbai,Android,0,0,1,2,188,2431.57,0,0
TXN0003161,CUST01465,328.46,18,Credit Card,Chennai,Web,0,0,0,3,66,2085.84,1,0
TXN0003162,CUST00991,2616.53,8,Credit Card,Gurugram,Android,0,0,1,3,256,826.69,0,0
TXN0003163,CUST01265,2344.96,20,Net Banking,Gurugram,Android,0,0,1,6,1388,2113.01,0,0
TXN0003164,CUST01885,1918.4,7,UPI,Mumbai,Web,0,0,0,7,742,3277.51,1,0
TXN0003165,CUST01810,1449.12,1,Credit Card,Mumbai,iOS,1,0,1,5,89,2957.12,1,0
TXN0003166,CUST02342,1343.16,12,Wallet,Chennai,Android,1,0,2,1,10,486.48,0,1
TXN0003167,CUST02257,2973.34,23,UPI,Bengaluru,Web,0,1,1,5,557,2397.37,1,0
TXN0003168,CUST01112,1748.87,7,Debit Card,Delhi,Web,0,0,2,1,1907,2627.11,0,0
TXN0003169,CUST00818,2466.4,6,Debit Card,Delhi,Web,0,1,0,3,200,1324.68,0,0
TXN0003170,CUST01800,2231.71,18,UPI,Chennai,Android,0,0,2,1,285,3380.01,0,0
TXN0003171,CUST01961,5535.68,10,UPI,Bengaluru,Web,1,0,1,4,1024,791.4,0,1
TXN0003172,CUST02438,3542.32,18,Credit Card,Gurugram,Android,0,0,0,3,283,1827.17,1,0
TXN0003173,CUST02373,2182.89,8,UPI,Bengaluru,iOS,0,0,0,9,462,1043.07,0,0
TXN0003174,CUST00889,8217.03,13,UPI,Bengaluru,Android,1,0,0,2,20,1581.01,1,0
TXN0003175,CUST01856,2740.27,9,Net Banking,Bengaluru,Android,0,0,0,3,682,1404.79,1,0
TXN0003176,CUST01181,6637.59,13,Credit Card,Delhi,Android,0,0,1,5,10,1953.3,0,0
TXN0003177,CUST00668,3302.66,19,Debit Card,Bengaluru,Android,0,0,1,1,276,2215.19,0,0
TXN0003178,CUST00633,285.32,19,UPI,Chennai,Android,0,0,2,2,52,2445.42,0,0
TXN0003179,CUST01643,6636.74,14,Wallet,Noida,Android,0,0,1,2,29,711.63,0,0
TXN0003180,CUST00137,2060.53,21,Debit Card,Kolkata,Web,0,0,0,3,10,1487.34,1,0
TXN0003181,CUST01947,1708.87,9,Debit Card,Hyderabad,iOS,1,1,1,3,12,1410.62,0,0
TXN0003182,CUST01698,2384.85,9,UPI,Hyderabad,Android,0,0,0,6,533,1898.79,0,0
TXN0003183,CUST00428,1274.82,16,Credit Card,Hyderabad,iOS,0,0,0,5,11,1127.9,1,0
TXN0003184,CUST01476,2258.76,16,Credit Card,Noida,iOS,0,0,3,6,46,1076.63,0,0
TXN0003185,CUST00819,995.92,2,Debit Card,Noida,Android,1,0,2,2,317,943.47,1,0
TXN0003186,CUST02189,6436.98,16,Debit Card,Mumbai,iOS,1,0,0,3,313,591.27,1,0
TXN0003187,CUST01107,1606.73,12,UPI,Kolkata,iOS,1,0,1,5,182,1541.47,1,0
TXN0003188,CUST02225,1227.77,18,Wallet,Chennai,Android,0,0,1,3,654,1010.02,1,0
TXN0003189,CUST00198,713.81,19,Wallet,Mumbai,Android,0,0,1,3,41,3072.9,0,0
TXN0003190,CUST01996,2355.05,15,Credit Card,Bengaluru,Android,0,0,0,4,202,1331.35,1,0
TXN0003191,CUST02449,2170.36,0,UPI,Kolkata,iOS,1,0,0,7,712,752.19,1,0
TXN0003192,CUST00471,2654.38,17,Debit Card,Pune,Android,0,0,2,2,67,436.84,0,0
TXN0003193,CUST02266,644.38,18,Credit Card,Pune,iOS,0,0,0,7,744,3497.42,1,0
TXN0003194,CUST01949,362.98,9,Debit Card,Kolkata,Android,0,1,0,3,10,2297.56,1,0
TXN0003195,CUST00929,3364.83,13,Debit Card,Pune,iOS,0,0,1,4,726,2371.04,1,0
TXN0003196,CUST02011,7944.09,22,UPI,Mumbai,Web,0,0,1,8,927,2714.07,0,0
TXN0003197,CUST00906,644.96,10,Credit Card,Noida,Web,0,0,1,2,715,2560.27,0,0
TXN0003198,CUST02223,8821.82,9,Credit Card,Kolkata,iOS,0,0,0,1,853,1584.38,0,0
TXN0003199,CUST00023,2390.97,9,Net Banking,Pune,Android,0,0,2,4,1054,608.16,0,0
TXN0003200,CUST00235,1787.33,15,UPI,Chennai,iOS,0,1,0,3,380,420.97,0,0
TXN0003201,CUST01125,1209.54,22,UPI,Pune,iOS,0,1,1,6,273,1222.94,0,0
TXN0003202,CUST00929,450.8,16,Wallet,Bengaluru,iOS,0,0,1,4,651,2900.98,0,0
TXN0003203,CUST00523,4833.23,10,UPI,Mumbai,Web,0,0,0,4,521,675.67,0,0
TXN0003204,CUST01809,828.76,17,Debit Card,Gurugram,Android,0,0,0,1,741,1149.61,1,0
TXN0003205,CUST00431,825.29,16,UPI,Delhi,iOS,1,0,0,3,1015,1626.84,1,0
TXN0003206,CUST00793,4853.56,16,Credit Card,Mumbai,Android,0,0,0,4,21,1179.91,0,0
TXN0003207,CUST01630,273.84,8,Credit Card,Jaipur,Android,1,0,1,3,543,1675.99,1,0
TXN0003208,CUST01737,392.27,17,UPI,Jaipur,Android,0,0,0,2,529,1990.27,1,0
TXN0003209,CUST00533,1767.65,13,Net Banking,Delhi,Android,0,1,0,5,827,988.27,1,0
TXN0003210,CUST01747,2413.48,0,UPI,Noida,iOS,0,1,3,2,1388,3343.34,1,0
TXN0003211,CUST01676,2922.74,15,UPI,Hyderabad,iOS,1,0,0,9,156,1501.36,1,0
TXN0003212,CUST01317,1331.08,23,UPI,Pune,iOS,0,0,0,1,1358,1383.12,1,0
TXN0003213,CUST00913,22604.67,11,Credit Card,Chennai,Web,0,0,0,7,839,1541.09,1,0
TXN0003214,CUST01125,1433.18,22,UPI,Noida,iOS,1,0,2,2,168,1444.35,0,0
TXN0003215,CUST01526,1429.04,6,UPI,Jaipur,Web,0,0,0,5,647,2682.05,0,0
TXN0003216,CUST01328,811.23,18,Net Banking,Kolkata,iOS,1,0,4,2,671,1439.05,0,0
TXN0003217,CUST01024,2037.44,7,UPI,Delhi,Android,0,0,1,3,237,1465.52,0,0
TXN0003218,CUST01577,3329.25,10,UPI,Noida,Android,0,0,1,4,284,3339.68,1,0
TXN0003219,CUST01379,5997.63,15,UPI,Hyderabad,iOS,1,0,2,4,54,1632.75,0,0
TXN0003220,CUST01520,405.96,16,UPI,Kolkata,iOS,0,0,0,2,448,3004.56,0,0
TXN0003221,CUST01682,1407.47,19,UPI,Bengaluru,iOS,0,0,0,1,2315,3967.49,0,0
TXN0003222,CUST01998,2813.67,16,UPI,Mumbai,iOS,0,0,1,3,35,3582.8,0,0
TXN0003223,CUST00227,3237.64,16,UPI,Delhi,Web,0,0,0,7,565,2936.99,0,0
TXN0003224,CUST01260,1811.83,21,UPI,Jaipur,Android,0,0,0,5,12,1139.31,0,0
TXN0003225,CUST00873,3096.31,13,UPI,Chennai,iOS,0,0,1,1,27,2170.48,0,0
TXN0003226,CUST00892,801.57,9,Credit Card,Bengaluru,iOS,0,0,0,5,526,596.85,0,0
TXN0003227,CUST01479,8547.96,8,Credit Card,Bengaluru,Android,0,0,1,6,724,198.94,0,0
TXN0003228,CUST01037,4856.97,12,UPI,Noida,Web,0,0,0,2,566,2237.4,0,0
TXN0003229,CUST02258,469.01,18,Wallet,Delhi,iOS,0,0,0,4,418,622.39,0,0
TXN0003230,CUST00397,614.27,2,Debit Card,Mumbai,Android,0,0,0,1,880,761.01,0,0
TXN0003231,CUST01124,631.83,7,Net Banking,Delhi,Android,0,1,0,5,112,2236.49,1,0
TXN0003232,CUST02079,3545.77,6,UPI,Kolkata,iOS,1,0,1,6,1571,421.46,0,0
TXN0003233,CUST00649,498.11,16,Debit Card,Hyderabad,Android,0,0,1,5,751,1156.39,0,0
TXN0003234,CUST00329,1292.74,9,UPI,Bengaluru,Android,0,0,0,1,902,1019.25,0,0
TXN0003235,CUST01483,2836.27,8,Debit Card,Bengaluru,Android,0,0,1,6,28,2204.82,1,0
TXN0003236,CUST00952,1684.76,16,UPI,Jaipur,Web,0,0,2,2,508,1357.49,1,0
TXN0003237,CUST02006,2331.88,19,UPI,Bengaluru,iOS,0,0,1,3,425,2039.12,1,0
TXN0003238,CUST02017,620.01,11,Credit Card,Mumbai,Android,0,0,0,2,1138,3408.96,1,0
TXN0003239,CUST01879,3262.98,16,Credit Card,Chennai,Web,0,0,0,1,943,2660.95,0,0
TXN0003240,CUST01197,974.9,6,Credit Card,Delhi,Web,0,0,1,1,236,716.89,0,0
TXN0003241,CUST01773,1301.04,21,UPI,Chennai,iOS,0,0,3,2,92,1104.88,0,0
TXN0003242,CUST00162,2283.06,11,UPI,Jaipur,Android,0,0,0,8,188,3179.28,1,0
TXN0003243,CUST01752,1995.44,23,Wallet,Noida,iOS,0,0,0,8,1370,3099.76,0,0
TXN0003244,CUST00776,1843.69,23,Wallet,Kolkata,Android,0,0,1,6,291,1232.77,0,0
TXN0003245,CUST01828,849.73,19,Credit Card,Bengaluru,Android,0,0,0,1,1591,2071.41,0,0
TXN0003246,CUST02322,1334.07,0,Credit Card,Gurugram,Android,0,0,1,6,293,1283.93,0,0
TXN0003247,CUST01052,1803.93,15,UPI,Jaipur,Android,0,0,2,1,2711,1785.29,0,0
TXN0003248,CUST02374,455.07,5,UPI,Kolkata,Android,0,0,2,2,206,2481.36,0,0
TXN0003249,CUST00940,1133.44,21,UPI,Delhi,iOS,1,0,0,4,325,1718.37,0,0
TXN0003250,CUST00540,2652.4,19,Credit Card,Pune,Android,0,0,2,7,227,1699.1,1,0
TXN0003251,CUST00822,501.75,23,Debit Card,Hyderabad,iOS,0,0,2,1,2787,1123.25,0,0
TXN0003252,CUST01462,5722.29,16,UPI,Pune,iOS,1,1,1,6,333,1278.4,0,0
TXN0003253,CUST01089,6407.06,15,UPI,Bengaluru,Android,0,0,0,7,997,2215.46,0,0
TXN0003254,CUST00356,518.22,15,UPI,Chennai,iOS,0,0,0,4,103,934.57,1,0
TXN0003255,CUST00235,6996.47,12,UPI,Bengaluru,Android,0,1,1,5,61,581.94,0,0
TXN0003256,CUST02275,1559.25,14,Debit Card,Kolkata,iOS,0,0,1,4,1366,1904.28,0,0
TXN0003257,CUST01549,2735.46,17,UPI,Chennai,Android,0,0,1,6,303,2952.93,0,0
TXN0003258,CUST02097,1095.42,21,Credit Card,Hyderabad,iOS,0,0,1,1,757,3706.73,0,0
TXN0003259,CUST00118,4530.5,16,Debit Card,Jaipur,Android,1,0,0,3,328,1339.15,0,0
TXN0003260,CUST02102,2701.7,20,UPI,Kolkata,Android,0,0,1,2,1004,1551.65,0,0
TXN0003261,CUST01674,797.43,20,UPI,Kolkata,Android,0,0,0,3,569,1157.84,0,0
TXN0003262,CUST01068,561.35,15,Credit Card,Jaipur,Web,0,0,0,6,773,2351.8,0,0
TXN0003263,CUST02101,417.9,11,UPI,Gurugram,iOS,0,0,1,5,862,1571.6,0,0
TXN0003264,CUST00558,2172.17,17,Credit Card,Bengaluru,Web,1,0,0,1,114,2636.2,0,1
TXN0003265,CUST01816,3190.76,13,Debit Card,Jaipur,Web,0,0,1,4,262,2806.5,0,0
TXN0003266,CUST02006,3451.3,5,UPI,Noida,Web,0,0,0,3,228,2501.07,0,0
TXN0003267,CUST00398,1599.68,12,Credit Card,Kolkata,iOS,0,0,0,1,573,497.71,0,0
TXN0003268,CUST00675,565.97,23,Wallet,Gurugram,Android,1,0,1,5,31,2641.29,1,0
TXN0003269,CUST00387,910.02,2,UPI,Mumbai,Web,0,0,1,1,104,1586.27,0,0
TXN0003270,CUST02159,5698.11,18,Net Banking,Pune,Android,0,0,1,3,10,821.75,0,0
TXN0003271,CUST02065,1108.67,20,UPI,Chennai,Android,0,0,0,6,295,1896.02,0,0
TXN0003272,CUST00884,2077.58,17,Debit Card,Bengaluru,Web,1,0,0,3,346,1664.48,1,0
TXN0003273,CUST00541,613.94,15,Credit Card,Kolkata,Android,0,0,2,7,118,934.39,0,0
TXN0003274,CUST00171,2520.28,18,Wallet,Chennai,Android,0,0,1,5,112,1479.54,0,0
TXN0003275,CUST02457,1138.94,13,UPI,Pune,Android,0,0,0,3,335,3195.59,0,0
TXN0003276,CUST00740,5126.89,6,UPI,Hyderabad,Web,0,0,2,4,171,3040.88,0,0
TXN0003277,CUST01402,3901.43,22,UPI,Kolkata,Web,1,0,0,3,46,1709.81,0,0
TXN0003278,CUST02278,1096.45,13,Wallet,Kolkata,iOS,1,0,0,3,1531,1914.38,0,0
TXN0003279,CUST00119,1585.85,17,UPI,Chennai,Web,0,0,0,5,1203,1705.76,0,0
TXN0003280,CUST02152,1037.35,15,Wallet,Kolkata,Android,0,0,1,2,32,523.92,0,0
TXN0003281,CUST01996,435.33,3,UPI,Kolkata,Android,0,1,0,3,137,1247.82,0,0
TXN0003282,CUST01706,763.64,22,UPI,Jaipur,Android,0,0,1,5,735,6630.7,1,0
TXN0003283,CUST01723,2194.61,19,UPI,Noida,Android,0,0,2,4,42,2068.71,1,0
TXN0003284,CUST02223,2491.9,7,Credit Card,Delhi,Android,0,0,1,4,1507,3482.37,0,0
TXN0003285,CUST01698,2088.27,23,Debit Card,Hyderabad,Android,0,0,2,5,10,229.87,1,0
TXN0003286,CUST01445,1331.16,18,UPI,Delhi,Android,0,0,0,3,462,1221.23,1,0
TXN0003287,CUST01760,4576.13,14,Wallet,Bengaluru,Android,0,0,0,5,308,2033.36,0,0
TXN0003288,CUST01525,1918.09,16,UPI,Noida,Android,0,1,2,3,388,856.22,0,0
TXN0003289,CUST00665,3636.57,6,Debit Card,Kolkata,Web,0,0,0,5,774,2074.69,0,0
TXN0003290,CUST00033,305.44,15,Debit Card,Bengaluru,Android,0,0,0,2,16,1028.56,0,0
TXN0003291,CUST02103,50.0,5,UPI,Hyderabad,Android,0,0,0,5,583,1064.03,1,0
TXN0003292,CUST02060,2390.67,15,UPI,Mumbai,Android,0,1,0,4,1084,1822.65,1,0
TXN0003293,CUST01552,433.02,15,UPI,Mumbai,Web,0,0,0,3,731,2290.11,0,0
TXN0003294,CUST00720,1455.48,20,UPI,Chennai,iOS,1,0,0,4,274,1036.22,0,0
TXN0003295,CUST02421,1330.68,18,Wallet,Mumbai,iOS,0,0,1,6,122,1338.6,1,0
TXN0003296,CUST00484,8803.83,9,Net Banking,Kolkata,Android,0,1,0,1,752,2727.24,0,0
TXN0003297,CUST00973,2685.28,21,Debit Card,Delhi,Android,0,0,0,8,269,518.82,0,0
TXN0003298,CUST00307,2124.73,16,Debit Card,Gurugram,Android,0,0,0,2,964,1258.03,1,0
TXN0003299,CUST00457,4156.93,16,UPI,Jaipur,Android,0,0,0,6,16,1484.55,0,0
TXN0003300,CUST02208,2602.01,8,UPI,Delhi,iOS,1,0,0,3,10,1419.33,0,0
TXN0003301,CUST00331,1138.95,20,Debit Card,Delhi,Web,0,1,0,5,406,397.12,1,0
TXN0003302,CUST00225,5255.43,21,Credit Card,Gurugram,Android,1,0,1,2,74,1345.56,0,0
TXN0003303,CUST01480,593.35,19,Debit Card,Kolkata,iOS,0,0,0,3,1046,6347.42,0,0
TXN0003304,CUST01083,2486.89,22,Debit Card,Jaipur,Android,1,0,1,6,52,1343.86,1,0
TXN0003305,CUST00644,382.98,10,UPI,Hyderabad,Android,1,0,3,5,1768,1252.07,1,0
TXN0003306,CUST00616,2207.21,20,UPI,Bengaluru,Android,0,0,0,4,198,457.24,0,0
TXN0003307,CUST00195,2183.17,14,Debit Card,Chennai,Web,0,0,1,3,1248,1081.46,1,0
TXN0003308,CUST00489,9623.82,8,UPI,Mumbai,Android,0,0,0,1,193,2092.63,1,0
TXN0003309,CUST02205,376.37,17,Debit Card,Pune,iOS,1,0,0,2,315,2418.61,1,0
TXN0003310,CUST01250,986.98,17,UPI,Pune,Android,0,0,2,1,141,1870.42,1,0
TXN0003311,CUST02460,4097.88,10,UPI,Delhi,Android,0,0,1,3,30,1297.24,1,0
TXN0003312,CUST01103,2517.09,1,UPI,Jaipur,Android,1,0,2,5,544,1823.48,0,0
TXN0003313,CUST01148,2155.65,8,Debit Card,Gurugram,Android,0,0,1,1,982,636.63,0,0
TXN0003314,CUST01242,691.88,12,Credit Card,Delhi,Web,0,0,0,2,785,2574.79,1,0
TXN0003315,CUST00516,996.97,8,UPI,Pune,iOS,0,0,1,3,2114,1543.89,0,0
TXN0003316,CUST01626,6251.54,8,Credit Card,Kolkata,Android,1,0,0,5,1429,2105.11,0,0
TXN0003317,CUST01128,1709.63,12,Credit Card,Noida,iOS,1,0,1,4,90,1251.29,0,0
TXN0003318,CUST00393,2619.93,22,UPI,Mumbai,Android,0,0,4,6,590,837.5,0,0
TXN0003319,CUST00631,1604.16,19,UPI,Noida,iOS,0,0,2,1,385,2654.36,0,0
TXN0003320,CUST01848,551.4,10,UPI,Jaipur,iOS,0,0,0,3,123,1119.95,0,0
TXN0003321,CUST00980,4579.53,22,UPI,Mumbai,Android,0,1,1,2,836,665.85,0,0
TXN0003322,CUST00434,2977.31,17,Credit Card,Mumbai,Web,0,0,0,7,396,2754.28,0,0
TXN0003323,CUST00278,18055.02,13,UPI,Gurugram,Android,0,0,1,1,719,1183.55,1,0
TXN0003324,CUST00233,651.95,13,UPI,Kolkata,Android,0,0,0,3,37,2067.52,0,0
TXN0003325,CUST01553,4097.43,12,UPI,Noida,iOS,0,0,1,2,72,1448.27,0,0
TXN0003326,CUST01595,484.93,9,UPI,Delhi,Android,0,0,1,2,350,1487.24,0,0
TXN0003327,CUST01114,2106.72,12,Net Banking,Jaipur,Android,0,0,0,1,11,1128.25,1,0
TXN0003328,CUST02410,4779.3,15,UPI,Pune,Android,0,0,2,8,126,1715.26,1,0
TXN0003329,CUST00026,226.65,15,Credit Card,Delhi,Web,0,0,1,2,1090,862.24,0,0
TXN0003330,CUST01418,1466.46,19,UPI,Chennai,Android,0,0,0,3,381,2446.54,0,0
TXN0003331,CUST02315,1024.88,11,Debit Card,Mumbai,Android,0,0,1,7,754,3416.0,1,0
TXN0003332,CUST00461,892.11,18,Wallet,Gurugram,Android,0,0,1,2,106,4391.68,0,0
TXN0003333,CUST01092,2645.87,16,UPI,Bengaluru,Android,0,0,0,6,289,7100.04,0,0
TXN0003334,CUST01007,5520.52,22,Debit Card,Jaipur,iOS,0,1,0,1,1024,4814.44,0,0
TXN0003335,CUST01995,1575.4,12,UPI,Kolkata,Android,0,0,3,1,26,1256.03,0,0
TXN0003336,CUST00491,2210.62,21,UPI,Mumbai,iOS,0,0,1,2,227,1443.21,0,0
TXN0003337,CUST01073,2017.98,19,UPI,Jaipur,iOS,0,0,0,5,429,947.25,1,0
TXN0003338,CUST00216,1803.25,17,UPI,Hyderabad,Android,0,1,1,6,583,2236.33,0,0
TXN0003339,CUST01724,605.59,17,UPI,Jaipur,Android,0,0,1,2,95,938.58,1,0
TXN0003340,CUST01593,5453.36,5,UPI,Bengaluru,iOS,0,0,1,3,1559,2255.35,1,0
TXN0003341,CUST00159,2418.1,22,UPI,Delhi,Android,0,0,0,3,801,1069.51,0,0
TXN0003342,CUST00686,2671.57,6,Debit Card,Jaipur,Web,0,0,0,5,39,1806.2,1,0
TXN0003343,CUST01777,803.54,15,UPI,Pune,Web,0,0,1,3,353,2891.66,0,0
TXN0003344,CUST02053,1137.2,11,UPI,Chennai,iOS,0,0,1,2,1321,1817.02,0,0
TXN0003345,CUST01844,1509.31,13,Credit Card,Pune,Web,1,0,1,6,1382,2740.09,0,0
TXN0003346,CUST02409,388.16,16,UPI,Delhi,iOS,0,0,0,7,1269,2129.96,0,0
TXN0003347,CUST02296,332.79,21,UPI,Noida,Android,0,0,1,2,76,1462.42,0,0
TXN0003348,CUST01590,987.12,13,UPI,Hyderabad,Android,0,0,1,1,416,634.04,0,0
TXN0003349,CUST01697,3035.29,23,Credit Card,Kolkata,Android,1,1,0,3,363,1497.36,0,0
TXN0003350,CUST02470,936.74,16,UPI,Noida,Android,0,0,0,6,328,2547.54,0,0
TXN0003351,CUST01947,649.85,8,Wallet,Bengaluru,Android,0,0,1,4,286,797.24,0,0
TXN0003352,CUST02063,797.0,8,UPI,Hyderabad,Android,0,0,0,3,1174,6468.46,0,0
TXN0003353,CUST01146,1141.62,18,UPI,Gurugram,Android,0,0,0,1,941,2534.19,0,1
TXN0003354,CUST02325,1263.55,2,UPI,Gurugram,Android,1,0,1,1,124,1705.33,0,0
TXN0003355,CUST01582,15694.47,14,Net Banking,Kolkata,Android,0,0,0,2,916,563.76,0,0
TXN0003356,CUST02494,5167.59,7,Credit Card,Bengaluru,Android,0,0,0,4,681,1551.65,0,0
TXN0003357,CUST02258,5015.64,13,UPI,Hyderabad,iOS,0,0,2,4,28,749.18,0,0
TXN0003358,CUST02350,5791.36,18,UPI,Kolkata,Android,0,0,0,4,66,1808.17,0,0
TXN0003359,CUST01933,662.96,13,Credit Card,Pune,Web,0,0,1,1,1780,2229.64,1,0
TXN0003360,CUST01758,530.16,8,UPI,Pune,Web,0,0,0,3,453,4221.88,1,0
TXN0003361,CUST02051,595.07,9,Credit Card,Hyderabad,iOS,0,0,2,3,3000,4167.0,0,0
TXN0003362,CUST00990,6836.62,11,Credit Card,Jaipur,Android,0,0,1,6,2021,1084.97,0,0
TXN0003363,CUST01542,1041.43,4,UPI,Noida,iOS,0,0,0,2,878,1008.04,0,0
TXN0003364,CUST01117,515.01,16,UPI,Gurugram,Android,1,0,0,3,233,2119.05,0,0
TXN0003365,CUST00493,1169.75,16,Debit Card,Jaipur,iOS,0,0,1,5,129,1566.99,0,0
TXN0003366,CUST00620,1417.91,3,Credit Card,Kolkata,Android,0,0,0,3,10,1302.44,0,0
TXN0003367,CUST02379,2354.2,12,Debit Card,Noida,iOS,0,1,0,3,101,813.03,0,0
TXN0003368,CUST02381,2313.44,12,UPI,Jaipur,iOS,1,0,1,3,1266,3510.73,0,0
TXN0003369,CUST02098,786.32,11,Credit Card,Mumbai,iOS,1,0,0,1,749,828.41,0,0
TXN0003370,CUST01547,3573.13,15,UPI,Hyderabad,iOS,1,0,0,2,1127,2700.81,1,0
TXN0003371,CUST00863,949.89,11,UPI,Bengaluru,Android,0,0,0,4,1100,171.72,0,0
TXN0003372,CUST01692,1539.58,12,Credit Card,Pune,iOS,0,1,1,2,2212,1786.1,1,0
TXN0003373,CUST01606,3577.13,19,Debit Card,Mumbai,Android,0,0,1,4,721,3060.72,1,0
TXN0003374,CUST02320,947.4,8,UPI,Kolkata,Android,0,0,2,4,494,3644.16,0,0
TXN0003375,CUST00580,1018.61,16,Debit Card,Noida,Android,0,0,0,3,536,654.04,0,0
TXN0003376,CUST01891,3252.6,14,Debit Card,Hyderabad,Android,0,0,0,8,687,1320.94,1,0
TXN0003377,CUST01276,763.42,10,UPI,Noida,Android,0,0,0,1,367,2636.01,0,0
TXN0003378,CUST01856,1225.07,18,Wallet,Noida,iOS,0,0,0,6,688,3537.41,0,0
TXN0003379,CUST02494,3137.82,15,Credit Card,Bengaluru,iOS,0,0,0,5,540,1545.1,0,0
TXN0003380,CUST01356,14039.56,14,Credit Card,Delhi,Android,1,0,1,5,105,965.8,0,0
TXN0003381,CUST01163,3297.59,17,Credit Card,Bengaluru,Android,0,0,0,4,71,2693.52,0,0
TXN0003382,CUST00357,2887.6,19,UPI,Jaipur,iOS,0,0,0,3,148,1791.48,1,0
TXN0003383,CUST01625,3060.53,23,Debit Card,Delhi,Web,1,0,1,5,897,1241.62,0,0
TXN0003384,CUST02322,615.45,16,UPI,Mumbai,Android,0,0,0,4,178,2801.62,0,0
TXN0003385,CUST02007,2020.58,20,UPI,Noida,Android,0,0,1,4,1176,1361.59,0,0
TXN0003386,CUST02359,1747.21,0,Wallet,Hyderabad,Web,0,0,2,2,202,2754.9,1,0
TXN0003387,CUST00870,2482.76,15,Debit Card,Gurugram,Android,0,0,2,3,578,1257.69,0,0
TXN0003388,CUST00886,2022.42,9,UPI,Kolkata,Android,0,0,2,1,1208,2271.81,0,0
TXN0003389,CUST02002,2631.32,6,UPI,Bengaluru,Web,1,0,3,5,1128,8202.76,1,0
TXN0003390,CUST02202,1318.27,15,Debit Card,Delhi,Android,0,0,0,2,1081,1017.37,0,0
TXN0003391,CUST01414,1908.65,18,UPI,Delhi,iOS,0,0,2,2,1034,258.7,0,0
TXN0003392,CUST01284,527.27,12,UPI,Delhi,Android,0,0,1,3,697,1403.27,0,0
TXN0003393,CUST00620,1307.19,17,UPI,Jaipur,Android,0,0,0,5,763,3663.79,0,0
TXN0003394,CUST00883,7232.76,14,Credit Card,Bengaluru,Android,0,0,1,2,1855,1640.72,0,0
TXN0003395,CUST00797,2475.88,13,UPI,Chennai,Android,0,0,2,6,911,870.44,0,0
TXN0003396,CUST02173,1762.73,10,Credit Card,Noida,iOS,0,0,3,4,92,19034.91,0,0
TXN0003397,CUST01297,11988.05,12,Debit Card,Noida,Android,0,0,3,3,159,979.25,0,0
TXN0003398,CUST00619,461.6,11,Credit Card,Mumbai,iOS,1,0,0,7,245,1522.9,0,0
TXN0003399,CUST01835,593.53,17,UPI,Gurugram,Android,0,0,0,6,55,527.43,0,0
TXN0003400,CUST00245,9979.15,7,UPI,Gurugram,Android,0,0,0,3,1285,1670.01,0,0
TXN0003401,CUST02498,1884.66,6,UPI,Kolkata,iOS,0,0,1,6,325,713.86,0,0
TXN0003402,CUST00930,1412.28,17,UPI,Jaipur,Android,1,0,1,1,336,4390.55,0,0
TXN0003403,CUST01271,542.58,15,Credit Card,Chennai,Android,0,0,0,2,314,835.8,1,0
TXN0003404,CUST00520,2816.47,13,UPI,Chennai,Android,0,0,1,4,385,1806.24,0,0
TXN0003405,CUST02410,3102.62,8,Debit Card,Noida,Android,0,0,1,4,132,1859.26,1,0
TXN0003406,CUST00008,602.48,12,Debit Card,Noida,Android,0,0,0,5,785,1838.54,0,0
TXN0003407,CUST02020,1564.41,19,UPI,Chennai,iOS,0,0,2,5,1274,2669.11,0,0
TXN0003408,CUST00495,1286.94,21,UPI,Pune,iOS,0,0,1,3,766,2621.05,1,0
TXN0003409,CUST01630,2325.1,18,Debit Card,Pune,iOS,0,0,0,2,191,1555.6,1,0
TXN0003410,CUST01063,587.74,3,Debit Card,Pune,Web,0,0,1,2,17,672.08,0,0
TXN0003411,CUST00187,6294.86,17,Net Banking,Chennai,Web,0,0,2,3,90,861.23,1,0
TXN0003412,CUST01878,4497.9,9,UPI,Gurugram,iOS,0,0,1,4,675,1423.52,0,0
TXN0003413,CUST02141,1251.84,10,Wallet,Delhi,Android,0,0,0,1,859,1770.12,0,0
TXN0003414,CUST00086,1449.72,8,UPI,Jaipur,iOS,1,0,1,3,403,835.92,0,0
TXN0003415,CUST00137,1570.45,19,UPI,Bengaluru,Android,0,0,0,3,16,693.12,0,0
TXN0003416,CUST02469,826.53,17,UPI,Kolkata,Android,0,0,1,1,398,12996.88,1,0
TXN0003417,CUST02122,1155.3,16,UPI,Gurugram,Android,0,0,0,3,1308,1136.26,1,0
TXN0003418,CUST01637,1373.71,17,Credit Card,Mumbai,Web,0,0,1,6,77,1599.7,0,0
TXN0003419,CUST02219,9030.93,9,UPI,Hyderabad,Web,0,0,1,5,1433,2984.94,0,0
TXN0003420,CUST01752,4638.56,13,Wallet,Noida,iOS,0,0,2,3,1804,2109.67,0,0
TXN0003421,CUST02218,4583.4,17,Credit Card,Chennai,Android,0,0,0,2,653,1069.17,0,0
TXN0003422,CUST01788,2605.73,17,Wallet,Noida,Android,0,0,0,6,38,2450.2,0,0
TXN0003423,CUST00872,588.88,19,UPI,Mumbai,Android,0,0,0,5,245,3593.62,0,0
TXN0003424,CUST02370,1726.84,10,Credit Card,Noida,Web,0,0,0,1,1190,1093.92,0,0
TXN0003425,CUST00944,4750.62,19,UPI,Pune,iOS,0,1,1,5,762,3475.64,1,0
TXN0003426,CUST01627,511.46,13,Credit Card,Chennai,iOS,0,0,0,1,405,2447.02,0,0
TXN0003427,CUST00349,3401.92,17,Debit Card,Mumbai,Android,0,0,1,4,105,1352.71,1,0
TXN0003428,CUST01677,18364.07,13,UPI,Kolkata,Android,0,0,0,5,396,1287.25,1,0
TXN0003429,CUST01197,5204.91,22,UPI,Delhi,Android,0,0,0,3,58,7017.28,0,0
TXN0003430,CUST00010,7402.49,8,Debit Card,Pune,Android,1,0,1,3,572,2898.7,0,0
TXN0003431,CUST01462,2239.22,17,Credit Card,Bengaluru,Android,0,0,0,4,905,1121.24,1,0
TXN0003432,CUST00667,4738.49,16,UPI,Pune,Android,0,0,1,2,593,941.63,1,0
TXN0003433,CUST01523,878.04,8,Credit Card,Delhi,Web,0,0,0,6,10,601.85,0,0
TXN0003434,CUST02177,3989.44,4,UPI,Delhi,iOS,1,0,0,1,664,774.16,0,0
TXN0003435,CUST00601,3463.14,19,Debit Card,Mumbai,iOS,0,0,0,1,399,2391.68,1,0
TXN0003436,CUST00327,2405.36,8,UPI,Jaipur,Android,0,0,1,1,336,2077.63,0,0
TXN0003437,CUST00980,6711.31,8,Credit Card,Kolkata,Android,0,0,1,6,199,1101.61,1,0
TXN0003438,CUST02452,1050.22,23,Credit Card,Hyderabad,Android,0,0,1,1,74,1894.9,0,0
TXN0003439,CUST00629,1492.91,18,Debit Card,Hyderabad,Android,0,0,1,5,492,376.87,0,0
TXN0003440,CUST01630,1980.3,9,Wallet,Hyderabad,Web,1,0,3,4,1074,2993.05,0,0
TXN0003441,CUST00274,642.86,16,UPI,Chennai,Android,0,0,0,2,2555,4559.66,1,0
TXN0003442,CUST00685,2258.54,15,UPI,Mumbai,Android,0,0,2,4,602,2654.36,0,0
TXN0003443,CUST00116,322.66,20,UPI,Kolkata,Android,0,1,1,7,224,1926.01,0,0
TXN0003444,CUST00861,5128.13,18,UPI,Bengaluru,iOS,0,0,1,3,320,2405.96,0,0
TXN0003445,CUST02004,1885.94,20,UPI,Bengaluru,Web,0,0,1,1,771,310.47,0,0
TXN0003446,CUST00693,1069.18,9,Debit Card,Mumbai,iOS,0,0,0,4,388,2248.1,0,0
TXN0003447,CUST01106,781.46,17,Debit Card,Pune,Android,0,0,3,2,443,869.97,0,0
TXN0003448,CUST02372,1423.63,2,UPI,Hyderabad,Android,0,0,2,9,90,3633.21,1,0
TXN0003449,CUST02162,3582.45,4,UPI,Hyderabad,iOS,0,1,0,3,461,3061.46,0,0
TXN0003450,CUST01793,3112.81,18,UPI,Noida,Android,0,0,2,3,2138,2854.66,0,0
TXN0003451,CUST00154,888.92,1,Debit Card,Mumbai,Android,0,0,1,7,245,1106.65,1,0
TXN0003452,CUST01901,772.4,16,Wallet,Kolkata,Android,1,0,1,4,110,881.25,0,0
TXN0003453,CUST01428,3471.84,20,UPI,Mumbai,Android,0,0,1,3,385,2497.0,0,0
TXN0003454,CUST01290,874.1,12,Credit Card,Pune,Android,0,1,0,2,439,1092.37,1,0
TXN0003455,CUST00315,1911.13,2,UPI,Chennai,iOS,1,0,1,5,3000,890.89,1,0
TXN0003456,CUST01065,2037.13,18,UPI,Noida,Android,0,0,1,3,144,655.84,0,0
TXN0003457,CUST00105,2459.23,21,UPI,Pune,Web,0,1,0,5,469,5204.83,0,0
TXN0003458,CUST01925,4246.34,18,Credit Card,Kolkata,Web,0,0,0,5,280,1026.87,0,0
TXN0003459,CUST01914,509.07,16,UPI,Pune,Android,0,0,2,2,823,2712.1,0,0
TXN0003460,CUST01217,266.24,9,UPI,Noida,Android,1,0,0,3,1227,1257.72,0,0
TXN0003461,CUST01425,1020.55,0,UPI,Mumbai,iOS,0,0,2,3,857,1213.43,1,0
TXN0003462,CUST02402,10906.02,18,UPI,Kolkata,Web,1,0,1,1,126,3575.42,0,0
TXN0003463,CUST01773,13598.52,9,Debit Card,Chennai,Android,0,0,1,5,631,1993.38,0,0
TXN0003464,CUST01961,11234.21,20,UPI,Gurugram,Web,1,1,1,2,158,2174.54,0,0
TXN0003465,CUST01604,1484.1,13,Wallet,Gurugram,iOS,1,0,0,4,2472,2650.26,0,0
TXN0003466,CUST00709,302.91,15,UPI,Noida,Web,0,0,0,4,492,2643.41,0,0
TXN0003467,CUST00651,172.86,18,UPI,Noida,Web,0,0,1,3,337,1189.21,0,0
TXN0003468,CUST00947,974.09,19,UPI,Hyderabad,Android,0,0,0,4,623,1306.72,0,0
TXN0003469,CUST00661,1476.56,17,UPI,Noida,Android,0,0,1,4,549,3173.89,0,0
TXN0003470,CUST02147,6608.87,22,UPI,Mumbai,Android,0,0,0,3,1494,5326.05,0,0
TXN0003471,CUST02330,4287.02,23,UPI,Chennai,Android,0,0,0,7,431,1315.28,0,0
TXN0003472,CUST02451,2259.61,22,Debit Card,Hyderabad,iOS,1,0,2,4,846,6198.88,0,0
TXN0003473,CUST01133,739.3,19,Debit Card,Chennai,Web,0,0,1,4,2505,1657.18,0,0
TXN0003474,CUST00700,688.67,18,Wallet,Chennai,Web,0,0,1,5,599,1531.06,1,0
TXN0003475,CUST02247,2320.81,17,UPI,Chennai,Android,0,0,1,3,88,4145.66,0,0
TXN0003476,CUST02039,3614.08,6,UPI,Kolkata,Android,1,0,0,5,3000,1079.04,0,0
TXN0003477,CUST02375,2663.57,10,UPI,Delhi,iOS,0,0,1,4,618,3129.47,0,0
TXN0003478,CUST02202,639.66,0,Debit Card,Mumbai,Android,1,0,0,7,2720,3468.37,0,0
TXN0003479,CUST00552,3450.28,7,Net Banking,Kolkata,Android,0,0,0,4,443,3867.41,0,0
TXN0003480,CUST00405,2755.77,13,Debit Card,Delhi,Web,0,0,0,4,30,1194.38,0,0
TXN0003481,CUST00462,617.0,7,UPI,Gurugram,Web,1,0,1,2,1578,2165.19,0,0
TXN0003482,CUST02180,821.57,21,UPI,Bengaluru,Web,0,0,1,1,1305,3604.84,1,0
TXN0003483,CUST00874,3583.29,19,UPI,Pune,Android,0,0,0,1,400,1630.81,0,0
TXN0003484,CUST00084,1423.73,4,UPI,Hyderabad,iOS,1,0,0,7,255,2109.14,1,0
TXN0003485,CUST01423,8819.22,9,UPI,Bengaluru,iOS,1,0,2,3,96,778.07,0,0
TXN0003486,CUST00221,2971.05,19,UPI,Noida,Android,0,0,0,3,1584,1206.42,1,0
TXN0003487,CUST01392,1106.45,19,UPI,Mumbai,Web,0,0,0,1,443,723.96,0,0
TXN0003488,CUST00112,1781.72,22,UPI,Bengaluru,Android,0,0,0,3,915,1709.12,0,0
TXN0003489,CUST00615,1917.78,23,UPI,Noida,iOS,0,0,0,4,575,2128.71,1,0
TXN0003490,CUST01582,868.83,23,Debit Card,Bengaluru,iOS,0,0,1,1,74,10255.96,1,0
TXN0003491,CUST00475,722.67,12,UPI,Noida,Android,1,0,1,2,29,397.43,0,0
TXN0003492,CUST01914,3629.8,9,UPI,Kolkata,iOS,0,0,1,3,285,1638.14,0,0
TXN0003493,CUST00271,4191.51,18,Credit Card,Mumbai,Android,0,0,3,5,10,1416.15,1,0
TXN0003494,CUST02469,3292.24,10,Credit Card,Delhi,iOS,0,0,0,4,142,432.81,1,0
TXN0003495,CUST01921,8191.56,19,UPI,Delhi,iOS,0,0,0,1,1494,1190.55,0,0
TXN0003496,CUST01391,1047.09,15,Debit Card,Mumbai,iOS,0,0,2,4,519,847.61,0,0
TXN0003497,CUST00040,9602.83,19,UPI,Kolkata,Web,0,0,0,5,711,1945.66,0,0
TXN0003498,CUST01983,731.15,10,UPI,Gurugram,Android,0,1,2,4,906,1450.83,0,0
TXN0003499,CUST02237,653.84,14,UPI,Kolkata,Android,0,0,1,2,1758,748.17,0,0
TXN0003500,CUST00994,309.69,15,UPI,Bengaluru,Web,0,0,0,4,99,1813.16,1,0
TXN0003501,CUST02013,1152.57,22,Credit Card,Noida,iOS,1,0,0,1,514,9143.47,0,0
TXN0003502,CUST00290,1087.7,9,UPI,Noida,Web,0,0,1,2,295,1140.16,0,0
TXN0003503,CUST02481,3045.68,22,UPI,Gurugram,Android,0,0,0,2,288,2811.93,0,0
TXN0003504,CUST00279,2297.17,19,Wallet,Gurugram,iOS,1,0,0,1,685,3565.78,1,0
TXN0003505,CUST00581,545.97,18,UPI,Gurugram,Web,0,1,0,5,136,1467.78,0,0
TXN0003506,CUST00863,1215.38,19,Debit Card,Hyderabad,Web,0,0,0,3,603,1397.79,1,0
TXN0003507,CUST00254,1241.51,16,UPI,Jaipur,Web,0,1,1,5,270,7214.41,0,0
TXN0003508,CUST00181,304.77,9,UPI,Hyderabad,Android,1,0,1,3,75,6273.36,0,0
TXN0003509,CUST00681,674.92,8,UPI,Mumbai,Android,0,0,0,1,1129,4325.05,0,0
TXN0003510,CUST00825,832.75,20,Debit Card,Noida,Android,0,0,0,5,92,999.37,1,0
TXN0003511,CUST00700,7548.97,18,Debit Card,Mumbai,Android,0,0,0,3,423,859.17,0,0
TXN0003512,CUST01350,2179.81,9,UPI,Bengaluru,Android,0,0,1,6,195,569.33,1,0
TXN0003513,CUST01381,3490.19,16,UPI,Gurugram,Web,0,0,0,4,1839,775.07,0,0
TXN0003514,CUST01674,402.18,13,Wallet,Mumbai,iOS,0,0,0,1,570,520.76,1,0
TXN0003515,CUST02439,5941.73,8,Wallet,Delhi,Web,0,0,0,4,608,2307.73,0,0
TXN0003516,CUST01639,6612.02,15,Credit Card,Chennai,Web,1,0,1,4,469,715.53,0,0
TXN0003517,CUST01958,244.01,10,Credit Card,Kolkata,Android,0,0,0,3,1360,837.13,0,0
TXN0003518,CUST00212,889.11,6,Debit Card,Hyderabad,Android,0,0,0,2,216,751.32,1,0
TXN0003519,CUST01539,2955.16,13,UPI,Hyderabad,Android,0,0,1,3,503,1298.22,0,0
TXN0003520,CUST00384,3428.68,16,Credit Card,Bengaluru,iOS,0,0,0,3,152,7858.02,0,0
TXN0003521,CUST01715,913.28,2,UPI,Pune,Android,0,0,2,2,130,1816.63,0,0
TXN0003522,CUST00342,1326.16,12,Debit Card,Noida,iOS,0,0,1,2,394,387.11,0,0
TXN0003523,CUST01839,990.45,9,UPI,Mumbai,Android,0,0,1,1,192,1269.08,1,0
TXN0003524,CUST01988,2010.14,1,Credit Card,Pune,Android,0,0,0,2,827,636.84,1,0
TXN0003525,CUST00844,5959.37,7,Credit Card,Noida,Android,1,0,3,5,26,697.8,0,0
TXN0003526,CUST01535,832.56,7,Debit Card,Delhi,iOS,0,0,0,5,74,1091.01,0,0
TXN0003527,CUST00420,4896.92,8,Debit Card,Hyderabad,Web,0,0,0,3,580,2212.98,1,0
TXN0003528,CUST01989,823.75,19,Wallet,Delhi,Web,0,1,1,3,47,2465.47,0,0
TXN0003529,CUST01933,771.17,13,Wallet,Hyderabad,Web,0,0,0,5,229,2760.97,1,0
TXN0003530,CUST01850,4081.16,7,UPI,Gurugram,Android,0,0,1,3,590,819.89,1,0
TXN0003531,CUST00306,4525.48,6,UPI,Pune,iOS,0,0,0,3,146,2843.92,0,0
TXN0003532,CUST00869,4217.31,10,Credit Card,Pune,Android,0,0,1,4,903,1119.55,0,0
TXN0003533,CUST01136,482.87,19,Wallet,Chennai,Android,0,0,1,2,1930,2641.71,0,0
TXN0003534,CUST01435,1129.57,11,UPI,Bengaluru,iOS,0,0,0,4,1652,1749.74,0,0
TXN0003535,CUST00206,4099.13,8,Credit Card,Mumbai,Android,0,0,1,3,54,4914.85,0,0
TXN0003536,CUST00496,1876.35,12,UPI,Gurugram,Android,0,0,1,3,763,1015.09,1,0
TXN0003537,CUST01910,615.14,15,UPI,Gurugram,Android,0,0,0,3,849,1472.6,1,0
TXN0003538,CUST01046,2846.54,1,Debit Card,Kolkata,Web,0,0,1,5,116,3834.38,0,0
TXN0003539,CUST00213,880.72,16,Debit Card,Mumbai,iOS,0,0,1,5,59,1651.34,0,0
TXN0003540,CUST00310,10829.91,12,Credit Card,Hyderabad,Android,0,0,0,4,65,1041.58,0,0
TXN0003541,CUST01992,8437.01,0,Debit Card,Noida,Web,0,0,0,4,412,1425.56,1,0
TXN0003542,CUST00272,3293.28,17,UPI,Jaipur,Web,0,0,1,5,1240,5038.89,1,0
TXN0003543,CUST01823,7020.21,18,UPI,Pune,Web,0,0,0,3,242,617.91,0,0
TXN0003544,CUST02080,1920.49,16,Wallet,Chennai,iOS,1,0,1,5,109,1350.81,0,0
TXN0003545,CUST00443,3869.88,11,Credit Card,Jaipur,Android,0,0,1,2,554,2880.35,1,0
TXN0003546,CUST02210,7889.3,15,UPI,Mumbai,Android,0,0,1,4,283,1599.74,0,0
TXN0003547,CUST00254,2300.87,12,Debit Card,Delhi,Android,1,0,2,4,2419,4463.12,1,0
TXN0003548,CUST00521,1394.59,18,Wallet,Delhi,Web,0,0,0,3,450,1158.0,0,0
TXN0003549,CUST00977,327.31,16,Debit Card,Delhi,iOS,0,0,2,1,10,2082.97,0,0
TXN0003550,CUST00010,1656.41,5,Debit Card,Pune,Android,0,0,0,3,861,4072.82,0,0
TXN0003551,CUST01584,4100.91,17,UPI,Hyderabad,iOS,1,0,0,6,1651,3300.15,0,0
TXN0003552,CUST02484,4634.0,17,UPI,Gurugram,iOS,0,0,1,3,832,596.68,0,0
TXN0003553,CUST01135,2980.68,12,Wallet,Gurugram,Web,0,0,0,4,196,3671.65,0,0
TXN0003554,CUST00153,1047.59,20,Credit Card,Bengaluru,Android,0,0,0,3,1204,1649.39,0,0
TXN0003555,CUST01659,249.32,20,UPI,Pune,iOS,1,0,2,3,529,947.53,1,0
TXN0003556,CUST01857,1096.99,8,Credit Card,Pune,Android,0,0,1,6,434,1072.56,0,0
TXN0003557,CUST01215,1327.69,21,Debit Card,Jaipur,Android,0,0,0,1,125,981.29,1,0
TXN0003558,CUST01753,1316.34,13,UPI,Jaipur,iOS,0,0,1,4,335,878.97,0,0
TXN0003559,CUST01105,3341.24,18,Credit Card,Delhi,Android,0,0,0,4,710,3484.32,1,0
TXN0003560,CUST00895,13111.15,19,UPI,Gurugram,iOS,0,0,0,6,1054,5904.43,0,0
TXN0003561,CUST01112,2036.67,14,UPI,Hyderabad,Android,0,1,0,4,1289,1676.61,1,0
TXN0003562,CUST00104,1449.26,12,Debit Card,Pune,Web,0,0,0,4,480,4296.99,0,0
TXN0003563,CUST01915,1388.97,21,UPI,Jaipur,Web,1,0,2,4,1239,3534.24,0,0
TXN0003564,CUST01007,2038.41,9,UPI,Noida,Android,0,0,0,1,1937,787.2,0,0
TXN0003565,CUST00407,786.23,9,Wallet,Delhi,iOS,1,1,1,2,731,1391.56,0,0
TXN0003566,CUST01402,2029.9,11,Debit Card,Noida,Android,1,0,1,3,1212,3392.78,0,0
TXN0003567,CUST00167,2825.26,20,Credit Card,Pune,iOS,0,0,1,3,1795,3318.61,0,0
TXN0003568,CUST00509,2219.92,22,UPI,Delhi,Android,1,0,0,6,261,867.16,0,0
TXN0003569,CUST01662,2844.33,9,UPI,Gurugram,Android,1,0,1,2,1025,678.86,1,0
TXN0003570,CUST02361,2777.45,20,Credit Card,Gurugram,Web,1,0,0,5,571,2615.5,1,0
TXN0003571,CUST00763,306.02,9,UPI,Jaipur,Android,0,0,0,5,889,1029.88,0,0
TXN0003572,CUST00681,3403.0,22,Credit Card,Noida,iOS,1,0,0,3,71,1598.5,0,0
TXN0003573,CUST02121,920.14,16,UPI,Kolkata,Android,0,0,0,4,1434,1164.21,1,0
TXN0003574,CUST01165,601.67,0,UPI,Delhi,iOS,0,0,1,6,764,1069.0,0,0
TXN0003575,CUST00582,596.51,1,UPI,Delhi,Android,0,0,2,4,173,1564.1,0,0
TXN0003576,CUST00262,2776.88,7,UPI,Noida,Android,1,0,2,5,681,2276.0,0,0
TXN0003577,CUST01364,1440.82,8,Net Banking,Jaipur,Android,0,0,0,3,644,6862.59,0,0
TXN0003578,CUST01332,334.81,19,Net Banking,Noida,Android,0,0,0,4,482,861.18,1,0
TXN0003579,CUST02293,2903.23,9,UPI,Delhi,Web,0,1,1,2,117,1039.23,0,0
TXN0003580,CUST01539,426.64,22,Debit Card,Noida,Web,0,0,0,4,441,1106.02,0,0
TXN0003581,CUST00561,2070.12,17,Credit Card,Noida,Web,0,0,2,9,607,2085.02,1,0
TXN0003582,CUST01100,2284.82,17,UPI,Jaipur,Android,0,0,1,1,480,889.62,0,0
TXN0003583,CUST01904,4363.89,9,UPI,Jaipur,Android,0,0,2,2,243,2078.03,0,0
TXN0003584,CUST00175,10691.74,21,UPI,Bengaluru,iOS,0,0,1,2,728,414.26,0,0
TXN0003585,CUST02157,459.83,17,Credit Card,Delhi,Web,0,0,0,4,611,756.57,1,0
TXN0003586,CUST02231,1707.98,20,Credit Card,Bengaluru,iOS,0,0,0,1,158,1441.84,1,0
TXN0003587,CUST00192,1365.41,22,Wallet,Noida,Android,1,1,0,3,285,951.34,1,0
TXN0003588,CUST00065,2777.46,7,Debit Card,Noida,Web,0,0,1,4,382,2741.18,0,0
TXN0003589,CUST01498,2233.24,6,Debit Card,Kolkata,Android,0,0,1,3,1142,1380.23,1,0
TXN0003590,CUST01568,1265.21,19,Wallet,Mumbai,Web,0,0,1,2,66,973.44,0,0
TXN0003591,CUST01152,1158.22,20,Debit Card,Chennai,Web,0,0,0,4,308,1432.19,0,0
TXN0003592,CUST01938,589.39,16,UPI,Jaipur,Web,0,0,0,2,59,2238.52,0,0
TXN0003593,CUST00369,4833.87,11,UPI,Noida,Android,0,0,3,4,675,3386.48,0,0
TXN0003594,CUST00851,2849.06,17,Credit Card,Bengaluru,Android,0,0,1,1,314,2458.87,0,0
TXN0003595,CUST00043,4506.65,10,Debit Card,Pune,iOS,0,0,0,2,207,2280.59,0,0
TXN0003596,CUST01908,1319.68,9,UPI,Mumbai,Android,1,0,1,4,1117,4516.16,1,0
TXN0003597,CUST00078,933.28,14,Debit Card,Noida,Android,0,0,1,5,3000,580.28,0,0
TXN0003598,CUST01825,612.3,9,Net Banking,Gurugram,iOS,0,0,0,5,781,1725.73,1,0
TXN0003599,CUST01294,2577.2,14,Credit Card,Delhi,Android,0,1,2,5,10,1449.2,0,0
TXN0003600,CUST00674,636.35,22,UPI,Hyderabad,Android,0,0,1,3,2179,1868.78,0,0
TXN0003601,CUST00701,11432.38,20,Debit Card,Pune,Android,0,0,2,2,90,1209.43,0,0
TXN0003602,CUST00759,486.82,22,UPI,Mumbai,Web,1,0,0,1,210,1466.36,0,0
TXN0003603,CUST01924,2366.58,19,UPI,Pune,Web,0,0,1,3,322,2478.87,1,0
TXN0003604,CUST00902,8624.8,11,Debit Card,Kolkata,iOS,0,0,0,5,92,2866.23,0,0
TXN0003605,CUST00993,3276.83,19,Debit Card,Pune,Android,0,1,0,2,333,1372.65,0,0
TXN0003606,CUST01192,2145.69,21,UPI,Jaipur,iOS,0,0,0,3,1390,671.32,0,0
TXN0003607,CUST02387,683.38,22,Wallet,Jaipur,Android,0,1,2,1,183,3512.5,0,1
TXN0003608,CUST02241,452.04,17,UPI,Noida,iOS,0,0,1,1,185,1053.25,0,0
TXN0003609,CUST01477,3887.77,9,Credit Card,Chennai,iOS,1,0,1,5,535,707.33,1,0
TXN0003610,CUST02331,8116.78,2,Credit Card,Bengaluru,Web,0,0,0,3,663,2014.54,0,0
TXN0003611,CUST00390,1160.6,7,UPI,Mumbai,Android,0,0,2,1,541,2055.2,1,0
TXN0003612,CUST01000,576.21,22,UPI,Mumbai,Android,0,0,4,2,48,3925.87,0,0
TXN0003613,CUST00525,154.06,13,Wallet,Mumbai,Web,0,0,2,4,1271,1347.0,1,0
TXN0003614,CUST01856,675.04,20,UPI,Jaipur,Web,1,0,1,3,793,1901.77,0,0
TXN0003615,CUST01507,1606.62,13,UPI,Chennai,Android,1,1,2,3,510,2041.16,0,0
TXN0003616,CUST00659,8907.65,17,UPI,Jaipur,Android,0,0,1,3,354,1268.01,0,0
TXN0003617,CUST00891,3528.67,1,UPI,Hyderabad,Android,0,0,0,4,2210,1236.36,0,0
TXN0003618,CUST01482,2442.13,9,Wallet,Mumbai,Android,0,0,1,2,1091,3621.51,0,0
TXN0003619,CUST00452,1206.43,13,UPI,Chennai,Web,0,0,3,6,181,1154.04,0,0
TXN0003620,CUST02476,1004.63,17,Credit Card,Kolkata,iOS,0,0,2,7,590,1101.52,0,0
TXN0003621,CUST01538,7340.7,8,UPI,Chennai,Android,0,0,0,2,159,3990.42,0,0
TXN0003622,CUST00883,2200.15,19,Debit Card,Noida,iOS,0,0,2,3,507,648.24,0,0
TXN0003623,CUST00313,219.85,11,Credit Card,Pune,Android,0,0,0,4,790,2545.8,0,0
TXN0003624,CUST00840,917.82,19,UPI,Gurugram,Android,0,0,1,4,376,3232.82,0,0
TXN0003625,CUST00375,763.05,6,Net Banking,Jaipur,Android,0,0,0,2,215,705.36,1,0
TXN0003626,CUST00451,1042.4,17,UPI,Chennai,Android,0,0,1,4,250,1036.68,0,0
TXN0003627,CUST00595,3160.4,10,Credit Card,Noida,Web,0,0,1,4,1185,1211.72,1,0
TXN0003628,CUST01234,1616.63,19,Net Banking,Pune,Android,0,0,0,6,43,4217.84,0,0
TXN0003629,CUST00500,1666.83,12,Debit Card,Kolkata,iOS,0,0,1,3,1459,2356.43,0,1
TXN0003630,CUST00464,6694.32,17,Debit Card,Noida,iOS,0,0,1,2,179,3630.93,0,0
TXN0003631,CUST00113,897.02,21,UPI,Hyderabad,Web,0,0,1,5,573,3064.67,0,0
TXN0003632,CUST01036,11611.39,0,UPI,Hyderabad,Web,0,0,0,4,418,1139.4,0,0
TXN0003633,CUST02379,919.87,0,UPI,Pune,Web,1,0,0,5,226,4311.36,0,0
TXN0003634,CUST01925,1967.94,19,Net Banking,Mumbai,Android,0,0,0,1,1377,883.94,0,0
TXN0003635,CUST00140,1358.77,17,Net Banking,Gurugram,Android,1,0,1,1,1055,1524.44,0,0
TXN0003636,CUST01425,2036.45,10,UPI,Noida,iOS,0,0,0,1,481,1479.35,0,0
TXN0003637,CUST00517,2807.74,14,UPI,Mumbai,Android,0,0,1,2,313,1730.78,1,0
TXN0003638,CUST01948,2777.7,2,UPI,Delhi,Android,1,0,0,6,676,4792.41,0,0
TXN0003639,CUST02166,847.61,8,UPI,Jaipur,Android,1,0,0,3,75,900.17,1,1
TXN0003640,CUST00888,585.59,13,UPI,Hyderabad,Android,1,1,0,5,1765,1615.52,0,0
TXN0003641,CUST01342,21998.15,20,Debit Card,Hyderabad,iOS,1,0,1,1,1320,1831.33,1,0
TXN0003642,CUST00050,1109.38,14,Wallet,Mumbai,iOS,0,0,1,6,429,1557.23,0,0
TXN0003643,CUST00019,3621.9,16,Debit Card,Chennai,iOS,0,0,0,4,1080,1679.6,1,0
TXN0003644,CUST00726,360.65,20,Credit Card,Bengaluru,Android,0,0,1,5,1510,372.03,0,0
TXN0003645,CUST02245,1360.94,10,Debit Card,Bengaluru,Android,1,0,1,3,84,1625.18,1,0
TXN0003646,CUST01474,1585.0,18,Debit Card,Jaipur,Android,1,1,0,1,183,2116.52,0,1
TXN0003647,CUST00452,2888.11,20,UPI,Bengaluru,Web,0,0,0,2,142,1441.27,0,0
TXN0003648,CUST02337,118.28,8,UPI,Hyderabad,Android,0,0,2,3,655,2083.81,1,1
TXN0003649,CUST01165,2125.33,11,UPI,Chennai,Android,0,0,1,5,2447,1328.05,0,0
TXN0003650,CUST01108,570.09,23,Debit Card,Hyderabad,Android,1,0,0,6,19,994.39,0,0
TXN0003651,CUST02439,2489.63,23,Net Banking,Gurugram,Android,0,0,0,8,3000,1302.84,0,1
TXN0003652,CUST00215,638.56,9,Credit Card,Hyderabad,Android,0,0,0,2,73,2626.02,1,0
TXN0003653,CUST01550,765.14,4,Wallet,Kolkata,iOS,1,0,0,2,585,1052.6,0,0
TXN0003654,CUST02263,1369.11,10,UPI,Jaipur,Android,0,0,1,5,682,3119.67,1,0
TXN0003655,CUST00128,628.42,12,Debit Card,Chennai,Android,0,0,0,3,22,4179.1,0,0
TXN0003656,CUST01846,1118.8,13,Debit Card,Jaipur,iOS,1,0,1,1,243,1511.43,0,0
TXN0003657,CUST00760,545.75,16,Credit Card,Gurugram,Android,1,0,0,2,378,512.34,0,0
TXN0003658,CUST02452,287.83,21,Wallet,Gurugram,Android,0,1,1,5,1425,5435.56,0,0
TXN0003659,CUST01816,4981.56,11,Credit Card,Noida,Android,0,1,0,2,726,5851.83,1,0
TXN0003660,CUST02386,492.5,20,UPI,Pune,Web,0,0,0,4,592,1970.19,1,0
TXN0003661,CUST00361,1505.47,6,UPI,Pune,Android,0,0,1,4,83,4716.18,0,0
TXN0003662,CUST00569,3821.63,2,Credit Card,Mumbai,Android,0,0,0,4,205,1168.15,0,0
TXN0003663,CUST01416,973.21,14,Wallet,Kolkata,Android,1,0,0,6,347,2100.21,0,0
TXN0003664,CUST02266,788.69,3,UPI,Gurugram,iOS,0,0,2,4,215,933.71,1,0
TXN0003665,CUST01598,2256.97,12,Credit Card,Gurugram,iOS,0,0,0,2,345,2947.61,1,0
TXN0003666,CUST01693,5505.35,21,Debit Card,Mumbai,iOS,1,0,1,3,1515,1999.84,0,0
TXN0003667,CUST00202,559.04,9,UPI,Gurugram,iOS,0,0,1,5,557,789.17,0,0
TXN0003668,CUST02065,1549.05,18,UPI,Kolkata,Android,0,0,0,8,438,880.3,0,0
TXN0003669,CUST02370,318.32,10,UPI,Chennai,Web,0,0,0,1,462,832.91,0,0
TXN0003670,CUST00518,1214.81,2,UPI,Chennai,Android,0,0,1,1,890,2359.69,0,0
TXN0003671,CUST01349,1862.63,15,UPI,Pune,Android,1,0,0,2,2215,1758.76,0,0
TXN0003672,CUST01436,765.8,20,UPI,Noida,iOS,0,0,0,4,2406,1942.07,0,0
TXN0003673,CUST01342,1139.73,12,UPI,Mumbai,iOS,0,0,0,2,645,2137.26,0,0
TXN0003674,CUST00681,440.24,16,Credit Card,Bengaluru,Android,0,0,0,1,275,1859.25,1,0
TXN0003675,CUST01989,1944.23,21,Debit Card,Jaipur,Web,0,0,1,5,535,2394.81,0,0
TXN0003676,CUST01492,5173.15,19,Debit Card,Kolkata,iOS,0,0,1,4,42,1684.54,0,0
TXN0003677,CUST00425,600.88,8,Credit Card,Bengaluru,Android,0,0,0,3,105,919.63,0,0
TXN0003678,CUST01969,965.72,18,Net Banking,Delhi,Android,0,0,1,3,1328,664.13,1,0
TXN0003679,CUST01713,2975.26,14,Wallet,Pune,Android,1,0,2,3,827,2166.58,0,0
TXN0003680,CUST02435,6048.91,18,Net Banking,Kolkata,Web,0,0,0,5,168,3806.35,0,0
TXN0003681,CUST00778,404.38,14,UPI,Gurugram,iOS,0,0,2,1,318,1432.67,1,0
TXN0003682,CUST02146,1520.44,7,Wallet,Delhi,iOS,1,0,0,1,38,10381.55,0,0
TXN0003683,CUST01827,2389.1,15,Debit Card,Gurugram,iOS,0,0,1,4,1199,1353.22,0,0
TXN0003684,CUST00208,1625.36,14,UPI,Jaipur,Web,0,0,1,1,215,7543.84,0,0
TXN0003685,CUST01538,151.22,14,UPI,Kolkata,iOS,0,0,1,2,474,1557.15,0,0
TXN0003686,CUST01660,2970.93,20,Debit Card,Noida,Android,0,0,0,5,2568,3484.73,0,0
TXN0003687,CUST02214,8224.55,21,UPI,Bengaluru,iOS,0,0,1,6,119,1211.51,0,0
TXN0003688,CUST00022,2022.73,13,UPI,Chennai,iOS,0,0,2,3,1283,1069.12,0,0
TXN0003689,CUST00154,641.9,13,Credit Card,Bengaluru,Web,1,1,3,6,179,1919.68,0,0
TXN0003690,CUST01963,1077.52,14,Debit Card,Kolkata,iOS,0,0,2,3,73,2381.79,0,0
TXN0003691,CUST00219,10566.62,15,Wallet,Mumbai,Android,0,0,1,4,13,1538.0,0,0
TXN0003692,CUST00669,4471.61,22,Credit Card,Pune,Android,0,0,0,3,1097,677.7,0,0
TXN0003693,CUST01519,3413.76,17,Debit Card,Jaipur,Android,0,0,2,5,10,2227.4,0,0
TXN0003694,CUST02278,2570.75,10,UPI,Mumbai,iOS,1,0,1,3,1824,6861.67,0,0
TXN0003695,CUST02068,929.28,15,Debit Card,Gurugram,Android,1,0,0,1,121,1608.79,1,0
TXN0003696,CUST00950,1472.87,16,UPI,Pune,iOS,0,0,1,3,1003,1940.35,0,0
TXN0003697,CUST02196,1665.06,17,Debit Card,Chennai,Web,1,0,0,4,1186,544.64,0,1
TXN0003698,CUST00403,3118.53,16,UPI,Pune,Android,0,0,1,3,53,4101.04,0,0
TXN0003699,CUST00596,8139.31,8,UPI,Pune,iOS,0,0,2,5,289,2057.89,0,0
TXN0003700,CUST02415,5507.58,1,UPI,Pune,Android,0,0,0,3,194,3165.73,0,0
TXN0003701,CUST01438,435.35,11,Debit Card,Jaipur,Android,0,1,0,3,10,1258.19,1,0
TXN0003702,CUST01158,2251.92,13,Net Banking,Pune,Android,1,0,1,5,330,1853.64,0,0
TXN0003703,CUST01743,3760.49,3,UPI,Gurugram,iOS,0,0,1,5,398,1230.81,0,0
TXN0003704,CUST01307,3342.26,19,UPI,Kolkata,Web,0,0,1,5,682,377.29,0,0
TXN0003705,CUST00073,959.4,11,Debit Card,Delhi,iOS,0,0,1,3,168,1604.1,0,0
TXN0003706,CUST00481,33178.29,21,Wallet,Jaipur,Android,1,0,1,4,1124,1598.29,1,0
TXN0003707,CUST00560,501.93,8,Credit Card,Gurugram,Android,0,1,1,3,391,2737.16,1,0
TXN0003708,CUST00745,609.33,3,UPI,Pune,iOS,0,0,0,1,666,667.54,0,0
TXN0003709,CUST01467,2273.64,14,UPI,Jaipur,Android,0,0,0,2,378,1396.82,0,1
TXN0003710,CUST00100,14948.18,8,Credit Card,Noida,iOS,0,0,0,3,50,1111.36,0,0
TXN0003711,CUST01083,780.04,22,UPI,Bengaluru,Android,0,0,0,1,3000,320.0,0,0
TXN0003712,CUST02306,1379.83,0,UPI,Bengaluru,Android,0,0,0,1,904,1307.28,1,0
TXN0003713,CUST00413,5286.1,12,UPI,Gurugram,Android,0,0,0,3,2384,2955.37,1,0
TXN0003714,CUST01089,1768.13,21,Debit Card,Gurugram,iOS,1,0,2,4,1036,1010.24,0,0
TXN0003715,CUST01178,1288.12,12,Net Banking,Chennai,Android,0,0,0,2,366,1797.33,0,0
TXN0003716,CUST02009,3169.01,6,Wallet,Chennai,Android,0,0,0,6,703,1975.47,0,0
TXN0003717,CUST02314,2363.88,10,Debit Card,Bengaluru,Android,0,0,1,10,1082,1771.39,1,0
TXN0003718,CUST00821,5044.13,14,Debit Card,Kolkata,Android,0,0,1,1,619,1133.11,0,0
TXN0003719,CUST00662,6548.63,8,UPI,Kolkata,Web,0,0,1,5,630,2043.36,1,0
TXN0003720,CUST00560,2446.82,13,Credit Card,Bengaluru,Android,0,0,0,1,134,1588.35,0,0
TXN0003721,CUST01272,2409.74,20,UPI,Noida,Android,1,0,0,4,69,817.75,0,0
TXN0003722,CUST01814,2229.77,20,Debit Card,Pune,Android,1,0,1,2,795,2055.98,0,0
TXN0003723,CUST00610,2935.62,2,Net Banking,Bengaluru,Android,1,0,0,3,500,2932.14,0,0
TXN0003724,CUST02462,1902.1,8,Wallet,Pune,Android,0,0,0,3,791,1002.75,1,0
TXN0003725,CUST00025,1798.91,10,Credit Card,Delhi,Android,0,0,1,1,524,2359.77,0,0
TXN0003726,CUST02029,5956.09,16,Debit Card,Pune,Web,0,0,0,4,10,6144.69,1,0
TXN0003727,CUST00284,8198.1,11,Net Banking,Kolkata,Android,1,0,0,4,2161,3317.4,0,0
TXN0003728,CUST01473,398.61,20,UPI,Hyderabad,iOS,0,0,0,4,78,2346.1,0,0
TXN0003729,CUST00301,1818.13,18,Debit Card,Hyderabad,Web,0,1,2,1,743,2092.97,0,1
TXN0003730,CUST01092,904.02,6,UPI,Bengaluru,Web,0,0,1,8,572,1053.08,0,0
TXN0003731,CUST01031,1318.92,16,Wallet,Chennai,Android,0,0,1,1,170,1088.72,0,0
TXN0003732,CUST00817,2692.05,7,UPI,Delhi,Web,1,0,1,2,1055,2123.22,0,0
TXN0003733,CUST00083,3515.65,9,UPI,Pune,iOS,0,0,0,2,182,1646.33,1,0
TXN0003734,CUST01921,1609.08,8,Debit Card,Mumbai,Android,0,0,0,1,43,5131.06,0,0
TXN0003735,CUST02094,265.66,8,UPI,Hyderabad,Web,0,0,0,4,708,740.82,0,0
TXN0003736,CUST00618,685.74,16,UPI,Pune,Android,1,0,0,3,236,860.87,0,0
TXN0003737,CUST02310,4411.82,15,Credit Card,Pune,Android,1,0,1,1,106,637.91,1,0
TXN0003738,CUST00176,116.18,8,Debit Card,Jaipur,iOS,0,0,1,1,116,4307.37,1,0
TXN0003739,CUST01190,5901.54,23,UPI,Kolkata,iOS,1,0,0,3,10,542.81,1,0
TXN0003740,CUST00842,3031.38,13,Debit Card,Delhi,Web,0,0,1,6,217,1378.43,0,0
TXN0003741,CUST00370,6712.44,6,Debit Card,Pune,Web,0,0,5,3,193,1106.18,1,0
TXN0003742,CUST01819,1475.83,7,Credit Card,Gurugram,Android,0,0,1,5,394,339.59,0,0
TXN0003743,CUST02102,229.09,16,Credit Card,Noida,Android,0,1,1,6,391,642.19,1,0
TXN0003744,CUST00690,2768.07,23,UPI,Noida,iOS,0,0,1,4,682,1279.61,0,0
TXN0003745,CUST01780,6439.43,16,UPI,Pune,iOS,0,0,1,4,430,1426.81,0,0
TXN0003746,CUST01365,4538.1,22,UPI,Hyderabad,Android,0,0,0,4,1008,2469.82,0,0
TXN0003747,CUST01433,927.83,13,UPI,Delhi,Android,0,0,2,8,1244,1507.34,0,0
TXN0003748,CUST00367,1963.14,13,UPI,Chennai,Android,0,0,0,6,481,1114.03,0,0
TXN0003749,CUST00644,1056.49,14,UPI,Chennai,iOS,0,0,1,5,1128,2670.85,0,0
TXN0003750,CUST02427,793.36,18,Debit Card,Kolkata,Android,0,0,0,3,2780,4350.26,0,0
TXN0003751,CUST00073,4679.42,11,Credit Card,Delhi,Android,0,0,0,1,650,667.97,1,0
TXN0003752,CUST01272,543.49,20,Wallet,Pune,Android,0,0,1,5,127,1298.44,1,0
TXN0003753,CUST00860,736.36,1,UPI,Kolkata,Android,1,0,2,2,457,4182.08,0,0
TXN0003754,CUST00043,596.76,13,UPI,Delhi,Android,0,0,2,5,37,1101.93,0,0
TXN0003755,CUST02425,405.57,14,Credit Card,Bengaluru,Web,1,0,1,8,906,1181.57,0,0
TXN0003756,CUST01065,2083.82,16,UPI,Jaipur,iOS,0,0,0,6,26,10396.34,1,0
TXN0003757,CUST02218,5750.52,10,Debit Card,Gurugram,Android,0,0,1,3,394,2043.99,1,0
TXN0003758,CUST02260,1496.17,13,Credit Card,Noida,Web,0,0,0,2,1600,1524.95,0,0
TXN0003759,CUST01517,399.33,14,Credit Card,Jaipur,Android,0,0,0,3,1132,3544.47,1,0
TXN0003760,CUST02087,4169.23,17,UPI,Pune,iOS,1,0,2,1,30,2770.69,1,0
TXN0003761,CUST00369,9713.23,19,UPI,Noida,Android,0,1,0,5,288,9969.67,0,0
TXN0003762,CUST00151,943.22,18,UPI,Mumbai,iOS,0,0,0,3,236,3526.89,0,0
TXN0003763,CUST01135,1115.42,11,UPI,Kolkata,Android,0,1,1,3,44,851.78,0,0
TXN0003764,CUST01504,3014.54,23,UPI,Mumbai,Android,0,0,0,1,70,1004.12,0,0
TXN0003765,CUST01460,9112.62,20,Credit Card,Bengaluru,iOS,0,0,0,2,499,2363.65,0,0
TXN0003766,CUST01071,1070.31,9,UPI,Mumbai,iOS,1,0,1,2,235,3232.81,0,0
TXN0003767,CUST01024,474.89,8,Debit Card,Chennai,Android,0,0,1,4,26,3639.85,0,0
TXN0003768,CUST01599,3384.5,10,UPI,Jaipur,iOS,0,0,0,3,1143,2664.05,0,0
TXN0003769,CUST02041,4002.24,13,UPI,Chennai,Android,1,0,0,3,472,1639.52,0,0
TXN0003770,CUST01390,1811.07,20,UPI,Pune,iOS,0,0,0,3,728,2797.21,1,0
TXN0003771,CUST00069,1030.1,19,UPI,Pune,iOS,0,0,0,5,714,6417.52,0,0
TXN0003772,CUST02347,4865.48,20,UPI,Kolkata,Android,1,0,1,2,49,2060.03,1,0
TXN0003773,CUST00944,3052.08,10,UPI,Noida,Web,1,0,2,4,10,2253.08,1,0
TXN0003774,CUST00802,834.73,16,UPI,Hyderabad,Web,1,0,1,2,1117,1905.6,1,0
TXN0003775,CUST02344,1890.58,10,UPI,Gurugram,Web,0,0,1,6,2134,1359.36,0,0
TXN0003776,CUST02251,465.84,6,Debit Card,Bengaluru,iOS,0,0,0,4,490,2222.6,1,0
TXN0003777,CUST00061,3573.97,17,Debit Card,Chennai,iOS,0,0,1,1,434,3271.48,0,0
TXN0003778,CUST00946,1384.8,7,UPI,Bengaluru,Web,1,0,1,4,76,1225.72,0,0
TXN0003779,CUST01338,1164.25,17,UPI,Mumbai,Android,1,0,0,7,491,1181.16,1,0
TXN0003780,CUST01185,1741.79,17,Credit Card,Chennai,Web,0,0,0,4,12,2446.48,0,0
TXN0003781,CUST00331,1874.04,19,Debit Card,Gurugram,Android,0,0,1,1,938,1357.9,0,0
TXN0003782,CUST01552,4404.9,7,Net Banking,Pune,Android,0,1,1,3,439,8344.54,0,0
TXN0003783,CUST00338,3250.72,19,UPI,Hyderabad,Android,0,1,0,4,756,2547.85,0,0
TXN0003784,CUST01630,1539.38,23,UPI,Kolkata,iOS,0,0,0,9,388,1963.75,0,0
TXN0003785,CUST01328,3863.04,20,Debit Card,Jaipur,Android,0,0,0,7,807,4469.81,0,0
TXN0003786,CUST01527,2687.26,18,Debit Card,Chennai,Android,0,0,1,3,480,1056.7,0,0
TXN0003787,CUST01674,1174.9,17,UPI,Kolkata,iOS,1,0,0,2,457,5623.81,0,0
TXN0003788,CUST01362,1588.94,13,Debit Card,Mumbai,Android,0,0,1,4,278,6876.61,1,0
TXN0003789,CUST01574,1552.03,18,UPI,Mumbai,Web,0,0,1,4,201,1817.25,1,0
TXN0003790,CUST00275,2983.35,18,UPI,Gurugram,Android,0,1,1,5,871,1895.61,0,0
TXN0003791,CUST01188,1247.03,17,Credit Card,Hyderabad,Android,0,0,0,1,743,1151.1,0,0
TXN0003792,CUST02367,1218.2,19,UPI,Delhi,Android,0,0,0,4,1388,357.73,1,0
TXN0003793,CUST02435,12891.19,13,Debit Card,Gurugram,Android,0,0,1,1,927,2707.98,0,0
TXN0003794,CUST01994,4606.75,7,Debit Card,Delhi,Android,1,0,0,6,45,309.3,0,0
TXN0003795,CUST00870,841.29,15,Debit Card,Mumbai,Android,0,0,1,9,1849,1877.72,0,0
TXN0003796,CUST01015,3185.88,9,UPI,Gurugram,Android,0,0,2,5,830,1620.99,0,0
TXN0003797,CUST01912,2026.15,12,UPI,Bengaluru,Web,0,0,0,4,254,2570.37,0,0
TXN0003798,CUST00603,2662.69,0,UPI,Delhi,Android,1,0,0,5,621,470.79,0,0
TXN0003799,CUST01800,2065.0,12,UPI,Bengaluru,Android,0,0,0,3,866,8831.18,0,0
TXN0003800,CUST00691,5914.63,19,Debit Card,Gurugram,Android,0,0,0,4,88,2613.14,0,0
TXN0003801,CUST00494,2543.16,15,UPI,Mumbai,Android,0,0,0,5,2030,1314.04,0,0
TXN0003802,CUST00490,1691.64,0,Credit Card,Chennai,Android,1,0,2,1,630,1933.58,0,0
TXN0003803,CUST00390,5103.76,14,Credit Card,Delhi,Android,0,0,0,3,12,2838.78,1,0
TXN0003804,CUST00295,2272.93,10,UPI,Jaipur,Android,0,0,1,3,483,400.44,0,0
TXN0003805,CUST01393,2032.5,14,Credit Card,Delhi,Web,1,0,0,2,129,1421.15,0,0
TXN0003806,CUST01718,2464.06,12,UPI,Kolkata,Web,0,0,0,3,173,1131.83,0,0
TXN0003807,CUST00649,1639.15,21,Debit Card,Jaipur,iOS,0,0,0,5,42,819.22,0,0
TXN0003808,CUST01874,1816.69,2,Debit Card,Jaipur,Android,0,0,0,1,324,1277.86,0,0
TXN0003809,CUST00568,1001.09,17,UPI,Bengaluru,Web,1,0,0,3,184,1462.04,0,0
TXN0003810,CUST00445,849.27,20,Credit Card,Delhi,iOS,0,0,1,4,1086,2026.97,0,0
TXN0003811,CUST00363,663.13,22,Debit Card,Delhi,iOS,1,1,0,3,1182,2549.56,0,0
TXN0003812,CUST02171,447.45,8,UPI,Chennai,Android,0,0,0,2,16,1868.71,0,0
TXN0003813,CUST01212,746.82,15,Debit Card,Bengaluru,iOS,1,0,1,1,888,894.49,1,0
TXN0003814,CUST00742,1512.13,2,UPI,Hyderabad,Web,0,0,1,4,23,1546.15,1,0
TXN0003815,CUST02042,1995.52,14,Credit Card,Pune,iOS,0,0,1,1,355,545.17,1,0
TXN0003816,CUST00680,1372.3,7,Net Banking,Mumbai,iOS,0,1,0,5,66,1381.64,0,0
TXN0003817,CUST02468,170.69,20,Credit Card,Kolkata,iOS,0,0,1,3,493,916.07,0,0
TXN0003818,CUST01643,8691.74,7,UPI,Chennai,Android,0,0,2,2,1875,4241.23,0,0
TXN0003819,CUST01573,5334.88,14,UPI,Noida,Web,0,0,1,3,157,2148.01,0,0
TXN0003820,CUST01359,2811.02,15,UPI,Hyderabad,iOS,0,0,1,4,1097,2822.8,0,0
TXN0003821,CUST02140,12125.1,23,Credit Card,Noida,Web,0,0,0,5,918,1393.62,0,0
TXN0003822,CUST00063,677.34,17,Credit Card,Hyderabad,Web,0,0,2,9,856,2649.07,0,0
TXN0003823,CUST01163,11886.6,10,UPI,Chennai,Android,1,0,0,3,186,2345.65,0,0
TXN0003824,CUST01229,685.62,9,Wallet,Bengaluru,Android,1,0,0,1,579,2263.83,0,0
TXN0003825,CUST00256,2285.36,7,UPI,Hyderabad,Android,0,0,3,6,53,2369.65,0,0
TXN0003826,CUST00135,503.56,18,Credit Card,Gurugram,Web,0,0,0,4,396,4292.58,1,0
TXN0003827,CUST00875,1826.64,17,Credit Card,Chennai,Android,0,0,1,4,1515,2178.78,1,0
TXN0003828,CUST00822,2648.39,16,Credit Card,Hyderabad,Android,1,0,2,9,430,1035.75,1,0
TXN0003829,CUST02136,1542.02,2,UPI,Hyderabad,Android,0,0,0,3,20,1691.27,1,0
TXN0003830,CUST00823,3675.41,19,UPI,Kolkata,Android,1,0,2,2,718,3949.91,1,0
TXN0003831,CUST00974,1987.35,17,Wallet,Mumbai,iOS,0,1,0,4,1236,1866.93,0,0
TXN0003832,CUST01778,1067.56,22,UPI,Hyderabad,iOS,0,0,1,3,131,1107.79,0,0
TXN0003833,CUST00121,1021.19,16,Credit Card,Bengaluru,Android,1,0,1,3,103,1184.27,0,0
TXN0003834,CUST01638,4049.93,10,Credit Card,Kolkata,iOS,0,0,2,3,17,1189.67,0,0
TXN0003835,CUST01365,936.17,12,UPI,Hyderabad,iOS,0,0,0,1,862,2981.5,0,0
TXN0003836,CUST01008,4496.01,8,Debit Card,Noida,Android,0,0,0,5,1456,1050.41,1,0
TXN0003837,CUST00925,6113.49,18,Credit Card,Chennai,Android,0,0,1,1,402,3095.78,1,0
TXN0003838,CUST00645,339.28,18,Credit Card,Gurugram,Web,1,0,0,8,195,2471.4,0,0
TXN0003839,CUST02033,5588.51,8,Debit Card,Gurugram,Android,0,0,0,3,1554,9324.09,1,0
TXN0003840,CUST02069,14128.72,8,Wallet,Bengaluru,Android,0,0,0,2,132,3509.16,0,0
TXN0003841,CUST00242,2315.88,5,UPI,Gurugram,iOS,0,0,0,1,330,886.86,0,0
TXN0003842,CUST02351,3276.81,21,Debit Card,Hyderabad,Web,0,0,1,2,1407,6912.16,0,0
TXN0003843,CUST01620,5077.36,9,UPI,Gurugram,Android,0,0,0,9,2643,2646.03,0,0
TXN0003844,CUST00803,1366.57,11,Debit Card,Mumbai,iOS,0,0,1,2,184,1495.53,0,0
TXN0003845,CUST00964,2159.91,10,UPI,Chennai,Android,0,0,2,2,1814,2760.71,0,0
TXN0003846,CUST00069,483.64,12,UPI,Pune,Android,0,0,2,3,394,4962.79,0,0
TXN0003847,CUST01153,2067.67,18,UPI,Bengaluru,Android,0,0,0,2,606,2277.63,1,0
TXN0003848,CUST00196,2962.1,20,UPI,Mumbai,Android,0,0,1,4,855,701.61,0,0
TXN0003849,CUST02188,3016.06,8,UPI,Delhi,Android,0,0,0,5,278,6197.38,1,0
TXN0003850,CUST02331,5223.73,17,Credit Card,Kolkata,iOS,0,0,0,6,1079,742.09,0,0
TXN0003851,CUST02360,829.43,11,UPI,Hyderabad,Android,0,1,1,3,1538,3337.25,1,0
TXN0003852,CUST00746,1056.73,23,Debit Card,Noida,Web,1,0,0,1,861,2943.06,1,0
TXN0003853,CUST01689,11980.66,10,UPI,Noida,Web,0,0,0,4,74,3414.64,1,0
TXN0003854,CUST00277,1548.77,0,UPI,Noida,Android,0,0,0,2,32,870.52,0,0
TXN0003855,CUST00061,2198.6,14,UPI,Mumbai,Android,0,0,1,2,215,3281.62,0,0
TXN0003856,CUST01914,1683.33,8,UPI,Chennai,Android,0,0,0,9,889,2394.04,1,0
TXN0003857,CUST02100,791.45,2,UPI,Noida,iOS,0,0,0,6,1172,875.01,0,0
TXN0003858,CUST02201,9127.72,18,Net Banking,Jaipur,iOS,0,0,1,2,316,1388.33,0,0
TXN0003859,CUST01773,1061.93,18,UPI,Mumbai,Android,0,0,1,4,78,3518.57,1,0
TXN0003860,CUST01335,583.04,13,Debit Card,Mumbai,Android,0,1,1,2,823,2998.79,1,0
TXN0003861,CUST01838,1146.88,17,UPI,Delhi,iOS,1,0,3,3,1103,1222.27,0,0
TXN0003862,CUST00567,243.19,15,Wallet,Pune,iOS,0,0,0,2,69,2565.47,1,0
TXN0003863,CUST01572,938.47,16,UPI,Chennai,iOS,0,0,0,2,331,2182.47,0,0
TXN0003864,CUST00622,683.63,16,Wallet,Delhi,Web,0,0,1,3,616,2195.44,0,0
TXN0003865,CUST02026,3337.48,17,UPI,Noida,iOS,0,0,1,5,840,1384.82,0,0
TXN0003866,CUST01201,917.94,8,UPI,Noida,Android,0,0,1,4,1803,1344.75,0,0
TXN0003867,CUST00314,4373.62,10,Credit Card,Chennai,iOS,0,0,3,3,133,1615.74,0,0
TXN0003868,CUST02145,7288.3,13,Credit Card,Bengaluru,Android,0,0,0,5,1440,556.92,0,0
TXN0003869,CUST01237,3931.27,13,UPI,Noida,iOS,1,0,0,2,1132,1182.92,0,0
TXN0003870,CUST00137,1451.21,19,UPI,Bengaluru,Web,0,0,0,2,419,1132.43,0,0
TXN0003871,CUST01030,2072.8,11,Debit Card,Hyderabad,Android,0,0,1,3,537,1141.24,0,0
TXN0003872,CUST02157,391.72,8,UPI,Kolkata,Android,1,0,1,3,722,1216.8,0,0
TXN0003873,CUST00662,1574.61,9,Credit Card,Kolkata,Android,0,0,2,5,1361,4580.81,1,0
TXN0003874,CUST02473,761.36,9,Credit Card,Hyderabad,Android,0,0,2,1,486,695.25,0,0
TXN0003875,CUST02309,3604.25,18,Debit Card,Gurugram,iOS,0,0,1,5,147,576.28,0,0
TXN0003876,CUST00087,23583.31,14,UPI,Pune,iOS,0,0,0,4,334,617.46,0,0
TXN0003877,CUST02124,2967.17,18,Credit Card,Noida,Android,0,0,1,2,242,1214.26,0,0
TXN0003878,CUST02462,245.77,12,UPI,Kolkata,Android,0,0,1,2,1788,1540.19,0,0
TXN0003879,CUST01309,1254.27,21,UPI,Hyderabad,iOS,0,0,0,2,64,2265.46,0,0
TXN0003880,CUST01701,2034.56,23,Credit Card,Mumbai,Android,0,0,1,2,375,478.77,0,0
TXN0003881,CUST00495,1964.32,17,Wallet,Mumbai,iOS,1,1,1,8,2650,1488.25,0,0
TXN0003882,CUST01648,866.73,20,UPI,Noida,Android,1,0,0,1,421,895.19,1,0
TXN0003883,CUST01943,2300.39,14,UPI,Noida,iOS,0,0,1,2,343,4237.86,0,0
TXN0003884,CUST01069,519.59,21,Debit Card,Delhi,iOS,0,0,0,3,653,1318.13,0,0
TXN0003885,CUST01425,699.69,20,UPI,Delhi,iOS,0,0,2,1,153,1281.95,1,0
TXN0003886,CUST00597,3433.51,23,Credit Card,Hyderabad,Android,0,0,1,3,1125,2801.31,0,0
TXN0003887,CUST00450,651.89,16,Net Banking,Delhi,iOS,0,0,0,2,387,1248.39,0,0
TXN0003888,CUST00485,3083.29,19,Net Banking,Jaipur,iOS,0,0,1,2,319,1140.39,0,0
TXN0003889,CUST00646,457.64,15,UPI,Delhi,iOS,0,0,0,1,331,856.93,0,0
TXN0003890,CUST01630,10513.0,9,Credit Card,Jaipur,Android,0,0,1,4,689,1291.78,0,0
TXN0003891,CUST00662,829.87,11,Wallet,Chennai,Android,1,0,1,5,642,1071.21,0,0
TXN0003892,CUST00758,1439.25,21,UPI,Delhi,Web,0,0,0,3,430,852.73,1,0
TXN0003893,CUST00289,2505.28,3,UPI,Jaipur,Android,0,0,2,4,544,1292.6,0,0
TXN0003894,CUST00721,1022.69,16,UPI,Pune,iOS,0,0,0,4,1207,6103.24,0,0
TXN0003895,CUST00638,2077.56,12,UPI,Hyderabad,iOS,0,0,2,4,988,4759.87,1,0
TXN0003896,CUST02283,3199.98,12,Net Banking,Jaipur,iOS,0,0,0,2,442,6545.71,0,0
TXN0003897,CUST02464,4703.94,20,Debit Card,Chennai,Android,0,1,2,3,1612,1629.17,0,0
TXN0003898,CUST00499,3972.06,20,UPI,Gurugram,Android,0,0,1,1,370,2235.05,0,0
TXN0003899,CUST00634,1515.85,16,Debit Card,Mumbai,Android,1,0,0,5,221,4130.97,0,0
TXN0003900,CUST01674,1554.5,10,Credit Card,Bengaluru,Android,0,0,0,4,103,2140.55,1,0
TXN0003901,CUST02031,18857.21,14,Wallet,Bengaluru,Web,0,0,3,5,152,927.28,1,0
TXN0003902,CUST00115,4653.76,12,UPI,Gurugram,Android,0,0,1,2,677,1957.93,0,0
TXN0003903,CUST00674,716.03,11,UPI,Bengaluru,iOS,0,0,1,4,515,684.9,0,0
TXN0003904,CUST01737,1989.28,6,UPI,Jaipur,Android,1,0,0,3,84,1043.46,1,0
TXN0003905,CUST01258,1287.42,15,Credit Card,Chennai,Web,0,0,1,5,390,2637.61,0,0
TXN0003906,CUST02254,1572.16,10,UPI,Pune,Android,0,0,0,4,100,249.22,0,0
TXN0003907,CUST02295,526.39,17,UPI,Pune,Android,0,0,2,6,311,889.41,0,0
TXN0003908,CUST00147,1192.28,10,Net Banking,Pune,iOS,1,0,0,2,167,926.72,0,0
TXN0003909,CUST02166,11015.93,13,Wallet,Delhi,Android,0,0,1,1,402,524.81,0,0
TXN0003910,CUST00412,3211.9,3,Credit Card,Pune,Android,0,1,1,2,1193,2633.36,0,0
TXN0003911,CUST01688,149.06,23,Wallet,Delhi,Android,0,0,0,2,212,1761.29,0,0
TXN0003912,CUST02411,6076.99,14,Wallet,Pune,Android,0,0,1,7,2161,1201.17,0,0
TXN0003913,CUST01533,5351.71,1,Debit Card,Jaipur,iOS,0,0,0,4,414,3445.19,0,0
TXN0003914,CUST00137,1256.72,15,Credit Card,Pune,Web,0,0,1,1,114,694.51,1,0
TXN0003915,CUST00019,3687.87,20,Wallet,Bengaluru,Android,0,0,0,4,659,2085.36,1,0
TXN0003916,CUST02243,762.15,19,Credit Card,Bengaluru,iOS,0,0,3,1,1208,1554.74,0,0
TXN0003917,CUST02378,1124.72,18,UPI,Pune,Android,0,0,1,6,391,1302.36,0,1
TXN0003918,CUST01960,8055.32,7,UPI,Mumbai,Android,0,0,0,4,1329,1312.83,0,0
TXN0003919,CUST02223,1371.71,17,UPI,Chennai,Android,0,0,1,4,887,835.81,0,0
TXN0003920,CUST01002,277.5,19,Wallet,Jaipur,iOS,0,1,0,3,72,950.68,0,0
TXN0003921,CUST00449,1689.59,16,Credit Card,Bengaluru,Android,0,0,0,2,1158,1683.35,0,0
TXN0003922,CUST01949,1663.96,21,Wallet,Chennai,iOS,0,0,1,6,72,5027.48,0,0
TXN0003923,CUST00946,5966.47,10,Debit Card,Bengaluru,Android,0,0,1,5,292,412.57,0,0
TXN0003924,CUST01378,1825.99,9,UPI,Mumbai,iOS,1,0,1,4,1606,629.5,0,0
TXN0003925,CUST01523,1180.81,20,Debit Card,Hyderabad,iOS,0,0,0,3,187,3223.16,0,0
TXN0003926,CUST00141,5118.4,16,UPI,Chennai,Android,1,0,1,3,10,2129.93,0,0
TXN0003927,CUST01921,2031.1,0,UPI,Pune,iOS,1,0,2,6,334,3305.48,0,0
TXN0003928,CUST00093,850.24,11,Debit Card,Mumbai,Android,1,1,0,2,1701,2117.47,0,0
TXN0003929,CUST00239,5713.23,20,Credit Card,Bengaluru,Android,0,0,0,2,331,900.54,1,0
TXN0003930,CUST00205,2184.63,1,Debit Card,Bengaluru,Android,0,0,2,2,68,1680.48,0,1
TXN0003931,CUST01457,1805.27,0,UPI,Pune,Android,0,0,2,5,326,2240.73,0,0
TXN0003932,CUST00245,2150.49,10,Debit Card,Delhi,Android,0,0,2,5,2595,1502.5,1,0
TXN0003933,CUST00832,617.0,21,UPI,Kolkata,Android,0,0,0,8,135,2544.84,0,0
TXN0003934,CUST00295,1061.98,21,Credit Card,Noida,Android,0,1,1,2,1469,3214.11,0,0
TXN0003935,CUST00856,1806.46,15,UPI,Kolkata,Android,0,0,0,5,75,2884.89,0,0
TXN0003936,CUST02065,1481.6,15,Credit Card,Hyderabad,Web,1,0,0,1,68,900.47,1,0
TXN0003937,CUST00071,6425.12,11,UPI,Kolkata,iOS,0,1,1,1,29,1133.05,1,0
TXN0003938,CUST01293,2237.13,9,UPI,Delhi,Android,0,0,1,4,105,1810.67,0,0
TXN0003939,CUST01349,4232.07,19,Debit Card,Noida,iOS,0,1,1,2,1708,1432.69,0,0
TXN0003940,CUST00305,1816.99,6,Credit Card,Jaipur,iOS,0,0,0,1,1033,1250.07,0,0
TXN0003941,CUST01031,5176.22,14,Credit Card,Jaipur,Android,0,0,0,4,243,5104.84,0,0
TXN0003942,CUST01338,2678.65,17,Credit Card,Bengaluru,Android,1,0,1,2,89,719.82,1,0
TXN0003943,CUST00817,1824.32,6,Net Banking,Gurugram,Web,1,1,2,7,493,474.23,0,0
TXN0003944,CUST01127,1776.25,15,Wallet,Delhi,iOS,1,0,1,4,79,3244.78,1,0
TXN0003945,CUST00821,693.05,16,UPI,Pune,iOS,0,0,0,3,673,1537.82,0,0
TXN0003946,CUST00193,2988.29,18,UPI,Delhi,iOS,0,0,1,2,1288,846.99,0,0
TXN0003947,CUST01777,1729.07,9,Credit Card,Noida,iOS,1,0,0,6,444,1470.57,0,0
TXN0003948,CUST00529,1089.58,10,UPI,Bengaluru,Android,1,0,0,2,158,5631.42,1,0
TXN0003949,CUST02219,5442.55,15,UPI,Hyderabad,iOS,0,0,0,2,226,2945.48,0,0
TXN0003950,CUST00251,515.6,23,UPI,Pune,iOS,0,0,1,1,288,2216.15,0,0
TXN0003951,CUST01789,1179.74,9,UPI,Hyderabad,Android,0,0,0,4,1934,1097.81,1,0
TXN0003952,CUST02027,5030.43,23,Credit Card,Noida,iOS,0,0,1,5,1179,2303.78,1,0
TXN0003953,CUST02464,2467.76,18,UPI,Gurugram,iOS,0,0,3,2,473,1130.46,0,1
TXN0003954,CUST01404,1715.88,19,UPI,Chennai,Android,0,1,0,5,689,8270.92,0,0
TXN0003955,CUST01168,2313.57,6,Wallet,Delhi,Android,0,0,0,1,61,2366.74,0,0
TXN0003956,CUST02073,2153.73,10,Wallet,Noida,Web,0,0,0,2,121,1373.5,0,0
TXN0003957,CUST01097,395.0,3,Wallet,Mumbai,Web,0,0,2,3,480,912.47,1,0
TXN0003958,CUST01848,1269.38,12,UPI,Pune,iOS,0,0,0,4,80,5722.83,0,0
TXN0003959,CUST00505,9063.98,23,UPI,Pune,Android,0,0,0,3,12,1214.77,0,0
TXN0003960,CUST01622,930.96,6,UPI,Kolkata,Android,0,1,0,1,66,4029.26,0,0
TXN0003961,CUST02384,1309.29,15,UPI,Gurugram,Android,1,0,1,2,65,1665.42,1,0
TXN0003962,CUST02473,1047.25,0,UPI,Delhi,iOS,1,0,2,2,810,1961.81,1,0
TXN0003963,CUST01388,1649.99,18,Wallet,Jaipur,iOS,1,0,0,2,1138,1791.25,1,0
TXN0003964,CUST01223,1004.67,8,Net Banking,Noida,Web,0,0,3,2,1009,901.91,1,0
TXN0003965,CUST00718,2928.61,7,Debit Card,Chennai,Web,0,0,0,6,2839,862.24,0,0
TXN0003966,CUST00339,2192.63,11,Debit Card,Pune,Android,0,0,2,3,1302,2122.15,0,0
TXN0003967,CUST00659,3901.4,19,Credit Card,Noida,Android,0,0,1,4,334,2731.77,1,0
TXN0003968,CUST00962,629.3,6,Debit Card,Noida,Web,0,0,0,7,357,3360.81,0,0
TXN0003969,CUST00429,1280.75,9,Net Banking,Kolkata,Web,0,0,0,1,220,1437.73,0,0
TXN0003970,CUST00899,1436.29,0,Credit Card,Kolkata,Android,0,1,0,4,147,1043.25,1,0
TXN0003971,CUST00139,2838.95,22,UPI,Delhi,Android,0,0,0,3,941,4329.44,0,0
TXN0003972,CUST00542,814.29,16,UPI,Noida,iOS,0,0,0,3,609,1601.96,1,0
TXN0003973,CUST02105,4497.13,18,Credit Card,Bengaluru,iOS,0,0,1,7,90,397.21,0,0
TXN0003974,CUST01256,5895.58,17,UPI,Chennai,Android,0,0,0,4,724,3066.56,0,0
TXN0003975,CUST02483,669.59,7,Wallet,Hyderabad,Android,1,0,1,3,129,1409.53,0,0
TXN0003976,CUST00384,1101.77,16,Credit Card,Jaipur,iOS,0,0,1,9,319,879.06,0,0
TXN0003977,CUST00194,1057.44,7,Debit Card,Bengaluru,Android,0,0,1,2,1336,3866.24,0,0
TXN0003978,CUST02233,25032.45,12,UPI,Jaipur,Web,0,0,0,6,40,2474.65,0,0
TXN0003979,CUST01896,1171.03,15,Credit Card,Chennai,Android,0,0,0,5,278,1317.13,0,0
TXN0003980,CUST02340,9635.09,15,UPI,Bengaluru,iOS,0,0,0,2,14,185.8,0,0
TXN0003981,CUST00732,507.2,7,Debit Card,Gurugram,iOS,0,0,0,1,354,1035.07,0,0
TXN0003982,CUST02164,669.07,1,UPI,Gurugram,Android,1,0,0,6,678,4145.5,1,0
TXN0003983,CUST00685,905.91,19,Net Banking,Pune,Android,0,0,1,5,10,1390.66,0,0
TXN0003984,CUST00082,772.67,18,Debit Card,Bengaluru,iOS,0,0,0,5,640,2644.57,1,1
TXN0003985,CUST02381,1376.97,5,Credit Card,Chennai,Android,1,0,0,2,627,1569.7,0,0
TXN0003986,CUST02383,886.04,7,Wallet,Noida,Android,0,0,1,1,1425,1748.33,0,0
TXN0003987,CUST00532,793.3,21,Net Banking,Gurugram,Android,0,0,0,2,350,1630.12,1,0
TXN0003988,CUST01984,5733.11,19,UPI,Bengaluru,Android,0,0,0,1,103,4800.01,0,0
TXN0003989,CUST00221,6120.11,23,Debit Card,Chennai,Web,1,0,0,5,687,1836.34,0,0
TXN0003990,CUST00635,4651.0,9,UPI,Mumbai,iOS,0,0,0,3,292,1366.11,0,0
TXN0003991,CUST01770,3039.78,14,UPI,Mumbai,Android,0,0,0,2,114,3233.27,1,0
TXN0003992,CUST02371,1974.92,9,UPI,Mumbai,Web,0,0,0,2,592,1072.89,1,0
TXN0003993,CUST01875,1095.0,16,Credit Card,Pune,Android,0,0,1,2,72,2420.45,0,0
TXN0003994,CUST00003,693.94,7,UPI,Bengaluru,Android,0,0,0,5,103,3001.15,0,0
TXN0003995,CUST01718,2587.73,7,Credit Card,Jaipur,Android,0,0,3,1,793,921.59,0,0
TXN0003996,CUST00206,556.64,4,Debit Card,Chennai,iOS,0,0,1,3,700,1409.07,0,0
TXN0003997,CUST01856,666.22,18,Credit Card,Noida,iOS,0,1,1,3,548,940.38,1,0
TXN0003998,CUST00040,5701.33,14,UPI,Chennai,Android,0,0,0,2,926,3036.43,0,0
TXN0003999,CUST02107,12042.42,16,Debit Card,Mumbai,Android,0,0,0,4,97,1447.05,0,0
TXN0004000,CUST00644,2667.34,20,Credit Card,Pune,Android,0,0,0,6,48,3505.89,0,0
TXN0004001,CUST01531,5442.53,18,Credit Card,Mumbai,iOS,1,0,1,5,2920,9043.23,1,0
TXN0004002,CUST01908,1407.67,13,Net Banking,Noida,Web,0,0,0,1,434,1529.08,1,0
TXN0004003,CUST02144,472.42,23,UPI,Mumbai,Android,0,0,0,3,2087,1320.11,1,0
TXN0004004,CUST00898,3319.98,13,Credit Card,Kolkata,iOS,0,0,0,2,540,5348.28,0,0
TXN0004005,CUST01086,3180.62,7,Debit Card,Hyderabad,iOS,1,0,0,5,744,2182.99,0,0
TXN0004006,CUST01280,1933.74,23,UPI,Hyderabad,iOS,0,0,0,3,210,2907.41,1,0
TXN0004007,CUST02396,1412.57,1,UPI,Noida,Android,0,0,1,3,1212,1037.77,0,0
TXN0004008,CUST00671,4711.46,15,Debit Card,Hyderabad,Android,1,1,1,2,293,2342.66,1,0
TXN0004009,CUST01506,671.7,10,UPI,Noida,iOS,1,0,0,5,1264,1829.44,0,0
TXN0004010,CUST02365,830.28,14,Credit Card,Gurugram,iOS,0,1,2,3,201,1852.17,0,0
TXN0004011,CUST00719,656.84,15,Credit Card,Noida,Android,0,0,1,3,536,1378.6,0,0
TXN0004012,CUST01072,1959.64,9,Debit Card,Hyderabad,Android,1,0,1,4,914,3237.24,0,0
TXN0004013,CUST01956,606.47,15,Debit Card,Chennai,Android,0,1,0,2,919,1631.37,0,0
TXN0004014,CUST01160,908.05,18,Wallet,Pune,Android,0,0,0,2,933,1486.47,0,0
TXN0004015,CUST00250,888.72,9,UPI,Gurugram,Android,0,0,0,5,3000,923.31,0,0
TXN0004016,CUST02362,1387.05,12,Debit Card,Chennai,Android,0,0,1,5,1890,1916.9,0,0
TXN0004017,CUST01893,406.74,10,Debit Card,Mumbai,Android,0,0,0,2,135,1378.28,1,0
TXN0004018,CUST01854,1964.02,19,UPI,Kolkata,Android,0,0,1,5,276,1179.71,0,0
TXN0004019,CUST01504,6265.7,18,Net Banking,Pune,iOS,1,0,0,3,435,930.4,0,0
TXN0004020,CUST01235,2061.18,20,Wallet,Bengaluru,Android,0,0,0,3,779,1228.92,0,0
TXN0004021,CUST00044,8407.36,8,UPI,Noida,iOS,1,0,1,3,677,2221.69,1,0
TXN0004022,CUST00583,6833.14,4,Debit Card,Bengaluru,Android,0,0,2,3,672,854.39,1,0
TXN0004023,CUST01289,3917.77,7,Debit Card,Jaipur,Android,0,0,0,4,199,8615.09,0,0
TXN0004024,CUST00220,1939.58,8,UPI,Hyderabad,Android,0,0,0,3,247,1175.65,0,0
TXN0004025,CUST01926,1840.96,15,Wallet,Gurugram,iOS,0,0,1,7,138,2798.7,0,0
TXN0004026,CUST02449,3863.55,22,Debit Card,Hyderabad,iOS,0,0,0,3,1273,2385.23,0,0
TXN0004027,CUST00991,1216.67,11,Credit Card,Mumbai,Android,0,0,0,6,325,2616.68,0,0
TXN0004028,CUST01813,273.97,22,UPI,Gurugram,Android,0,0,0,7,378,967.28,1,0
TXN0004029,CUST00858,2944.06,1,UPI,Jaipur,Android,0,0,0,2,1901,5111.98,0,0
TXN0004030,CUST00804,580.84,21,UPI,Noida,iOS,0,0,3,2,1489,1672.32,0,0
TXN0004031,CUST00490,687.73,8,Debit Card,Hyderabad,Android,0,0,0,2,196,1522.79,1,0
TXN0004032,CUST01781,1800.4,21,Credit Card,Pune,iOS,0,0,1,3,1314,2184.99,0,0
TXN0004033,CUST01494,1636.67,3,UPI,Pune,iOS,0,0,1,1,476,5074.82,0,0
TXN0004034,CUST01706,438.55,22,UPI,Mumbai,iOS,0,0,1,3,637,604.93,0,0
TXN0004035,CUST02315,2123.95,8,UPI,Gurugram,Web,0,0,2,3,336,1802.45,1,0
TXN0004036,CUST00054,4730.01,10,Debit Card,Pune,Web,0,1,2,3,2495,2114.44,0,0
TXN0004037,CUST00616,582.42,14,Debit Card,Chennai,iOS,0,0,0,1,691,1690.76,1,0
TXN0004038,CUST01083,6425.47,12,Credit Card,Mumbai,Web,0,1,0,3,259,3970.76,1,0
TXN0004039,CUST01849,378.18,17,UPI,Jaipur,Android,0,1,0,2,507,987.6,0,0
TXN0004040,CUST00955,14955.97,23,UPI,Delhi,Android,0,0,0,2,1216,2015.79,0,0
TXN0004041,CUST02434,1193.07,16,UPI,Kolkata,Android,1,1,1,4,39,3193.68,0,1
TXN0004042,CUST01630,2082.16,18,Debit Card,Hyderabad,Web,0,0,3,4,148,1481.4,0,0
TXN0004043,CUST00650,271.38,6,UPI,Kolkata,iOS,0,0,1,3,10,2136.73,0,0
TXN0004044,CUST02348,1691.56,16,UPI,Chennai,Android,1,0,1,2,103,1143.91,0,0
TXN0004045,CUST00395,2262.04,13,Debit Card,Delhi,iOS,1,0,0,2,476,1808.39,0,0
TXN0004046,CUST01360,1651.4,20,Net Banking,Chennai,Android,0,0,1,3,281,2067.89,0,0
TXN0004047,CUST02444,1025.01,12,Net Banking,Hyderabad,Android,0,0,1,2,409,2386.04,0,0
TXN0004048,CUST00371,698.53,17,Net Banking,Delhi,Android,0,0,1,3,398,1897.0,1,0
TXN0004049,CUST00858,5575.12,9,Debit Card,Jaipur,Android,0,0,0,2,125,2748.97,0,0
TXN0004050,CUST00791,1856.32,9,Debit Card,Mumbai,Android,0,0,1,5,1036,1044.77,0,0
TXN0004051,CUST00658,8402.58,12,Debit Card,Gurugram,iOS,0,0,1,5,252,4015.88,0,0
TXN0004052,CUST01393,1063.22,10,Wallet,Delhi,iOS,0,1,1,4,1092,1730.17,0,0
TXN0004053,CUST00384,1165.32,9,Net Banking,Jaipur,Android,0,0,2,4,129,1941.77,0,0
TXN0004054,CUST02110,4068.93,2,UPI,Hyderabad,Android,1,0,0,3,252,2300.76,0,0
TXN0004055,CUST00239,355.16,20,UPI,Noida,iOS,1,1,2,4,616,1158.71,0,0
TXN0004056,CUST00195,534.9,4,UPI,Chennai,Web,0,0,0,2,242,1660.12,0,0
TXN0004057,CUST02109,5393.92,21,Credit Card,Jaipur,Web,0,0,0,5,145,661.23,0,0
TXN0004058,CUST01153,557.58,7,Debit Card,Kolkata,Android,0,0,0,1,1697,1749.3,0,0
TXN0004059,CUST02016,291.92,4,Wallet,Mumbai,Android,0,0,2,2,360,2017.14,0,0
TXN0004060,CUST00156,11661.75,15,UPI,Hyderabad,Android,1,0,0,2,1498,2859.48,0,0
TXN0004061,CUST00923,446.63,14,UPI,Hyderabad,Android,0,0,0,5,2541,1085.06,0,0
TXN0004062,CUST01610,2163.89,14,Net Banking,Delhi,iOS,0,0,0,5,274,631.99,0,0
TXN0004063,CUST00975,1928.75,16,UPI,Noida,Android,0,0,0,3,255,2260.58,1,0
TXN0004064,CUST01231,108.3,10,UPI,Bengaluru,Web,0,0,0,5,140,1382.16,0,0
TXN0004065,CUST02436,1377.77,17,Debit Card,Hyderabad,iOS,0,0,1,5,429,3419.33,0,0
TXN0004066,CUST01815,2818.49,14,UPI,Mumbai,Android,1,1,2,2,145,976.2,1,1
TXN0004067,CUST00838,2565.35,11,UPI,Jaipur,iOS,1,0,1,2,170,522.03,0,0
TXN0004068,CUST02008,4442.9,19,UPI,Chennai,Android,0,0,2,4,848,2729.04,0,0
TXN0004069,CUST01364,1221.76,18,UPI,Chennai,iOS,0,1,1,4,345,1512.6,0,0
TXN0004070,CUST02388,3670.36,12,Credit Card,Bengaluru,Web,0,0,1,4,145,2619.92,0,0
TXN0004071,CUST00204,903.44,20,UPI,Noida,Android,0,0,0,3,212,944.91,0,0
TXN0004072,CUST00161,439.25,21,UPI,Delhi,iOS,0,0,4,3,129,993.93,0,0
TXN0004073,CUST00392,491.67,15,UPI,Mumbai,Android,0,0,1,1,165,3793.9,0,0
TXN0004074,CUST00769,417.14,9,Debit Card,Delhi,Android,0,0,1,1,825,3740.79,1,0
TXN0004075,CUST01094,4940.04,21,UPI,Pune,iOS,0,0,1,1,1152,1110.14,1,0
TXN0004076,CUST00405,395.82,8,UPI,Hyderabad,Android,0,0,1,4,1852,1070.98,1,0
TXN0004077,CUST00608,2367.48,2,UPI,Jaipur,Android,0,1,1,4,2797,1991.27,0,0
TXN0004078,CUST01615,1379.7,11,UPI,Delhi,Android,0,0,0,7,313,332.03,1,0
TXN0004079,CUST01541,1624.4,18,UPI,Kolkata,Android,0,0,3,4,41,2718.85,0,0
TXN0004080,CUST01838,7038.49,21,Credit Card,Gurugram,iOS,1,0,3,3,554,1521.28,1,0
TXN0004081,CUST00690,1161.09,17,Net Banking,Chennai,Web,0,1,0,4,43,3088.88,0,0
TXN0004082,CUST01241,3318.09,22,Wallet,Kolkata,Android,0,0,2,2,716,2369.87,1,0
TXN0004083,CUST02104,1868.9,6,Credit Card,Hyderabad,Android,0,0,1,4,729,1667.37,1,0
TXN0004084,CUST00366,1546.15,3,UPI,Hyderabad,Android,0,0,1,6,96,3471.45,1,0
TXN0004085,CUST01723,17952.97,16,Credit Card,Hyderabad,Android,0,0,0,3,861,596.44,0,0
TXN0004086,CUST00455,425.9,22,UPI,Chennai,Android,1,0,0,7,182,3064.07,0,0
TXN0004087,CUST00104,6533.34,14,Debit Card,Noida,iOS,0,0,0,3,287,2560.09,0,0
TXN0004088,CUST00077,3470.13,2,UPI,Hyderabad,Web,0,1,1,4,38,3484.65,0,0
TXN0004089,CUST00230,1114.34,9,Debit Card,Kolkata,Web,0,0,1,4,338,568.08,1,0
TXN0004090,CUST01938,9180.72,9,Net Banking,Gurugram,Android,0,0,2,4,217,1820.5,1,0
TXN0004091,CUST02379,283.56,11,UPI,Pune,Android,0,0,0,2,609,1271.73,0,0
TXN0004092,CUST01206,1068.25,2,UPI,Hyderabad,Android,1,0,0,5,188,2373.69,0,0
TXN0004093,CUST00893,537.57,21,Credit Card,Chennai,Android,0,0,1,3,578,5409.51,1,0
TXN0004094,CUST01574,2717.93,14,UPI,Noida,iOS,0,0,0,4,214,1592.24,1,0
TXN0004095,CUST02075,591.39,17,Wallet,Hyderabad,Android,1,0,0,1,161,1976.51,0,0
TXN0004096,CUST01676,2775.55,4,UPI,Hyderabad,Android,0,1,0,3,813,1159.11,0,0
TXN0004097,CUST00299,1493.84,3,UPI,Kolkata,Android,0,0,1,1,221,2070.87,0,0
TXN0004098,CUST00957,1114.53,16,Debit Card,Pune,Web,0,0,1,2,142,3033.13,1,0
TXN0004099,CUST01115,2654.97,21,UPI,Delhi,Android,1,0,0,11,1903,2816.7,1,0
TXN0004100,CUST01475,1375.98,15,UPI,Gurugram,iOS,0,0,0,4,1164,3248.45,0,1
TXN0004101,CUST00365,606.02,20,Credit Card,Chennai,Android,0,0,0,4,391,1418.91,0,0
TXN0004102,CUST01699,29641.03,19,Debit Card,Jaipur,iOS,0,0,1,1,46,1037.44,0,0
TXN0004103,CUST00351,1105.86,5,Credit Card,Mumbai,Android,0,0,0,3,454,911.13,0,0
TXN0004104,CUST02301,195.96,8,Credit Card,Chennai,iOS,1,1,0,1,21,1856.03,0,0
TXN0004105,CUST01905,775.45,17,UPI,Noida,iOS,0,0,0,7,1067,1105.83,1,0
TXN0004106,CUST01012,506.88,13,UPI,Pune,Android,0,0,1,6,330,1220.43,1,0
TXN0004107,CUST00499,4112.09,10,UPI,Noida,Android,0,0,2,4,144,4445.07,0,0
TXN0004108,CUST00950,2482.93,12,Net Banking,Chennai,Android,0,0,1,2,867,2645.56,0,0
TXN0004109,CUST01995,2681.83,13,UPI,Hyderabad,iOS,0,0,0,2,108,1950.09,1,0
TXN0004110,CUST02047,1243.29,21,UPI,Jaipur,iOS,0,0,1,3,714,1343.79,1,0
TXN0004111,CUST00508,1361.29,6,Net Banking,Bengaluru,iOS,0,0,1,3,611,2548.27,0,0
TXN0004112,CUST01328,1242.16,10,Net Banking,Mumbai,iOS,0,0,1,2,105,1220.37,0,0
TXN0004113,CUST00166,1659.63,15,Debit Card,Gurugram,Android,0,0,1,6,654,3681.89,1,0
TXN0004114,CUST00920,4150.05,18,UPI,Delhi,iOS,0,0,0,3,914,3165.24,1,0
TXN0004115,CUST00114,2519.0,17,Credit Card,Jaipur,Android,0,0,1,6,901,2942.82,1,0
TXN0004116,CUST00992,2968.03,22,UPI,Mumbai,Android,1,0,1,2,555,1259.48,1,0
TXN0004117,CUST01952,2966.39,19,Debit Card,Pune,Android,0,0,0,2,60,1106.38,1,0
TXN0004118,CUST02255,4358.94,15,UPI,Pune,iOS,1,1,3,6,112,6920.61,1,0
TXN0004119,CUST01259,2401.12,9,UPI,Delhi,Web,1,0,0,5,211,369.51,0,0
TXN0004120,CUST00515,2577.02,13,Credit Card,Noida,iOS,0,0,1,4,1661,3587.49,1,0
TXN0004121,CUST01232,5909.69,18,UPI,Hyderabad,Android,0,0,0,3,60,1264.6,0,0
TXN0004122,CUST00709,925.65,20,Debit Card,Kolkata,Android,0,0,1,2,478,3574.15,0,0
TXN0004123,CUST02186,764.94,22,Debit Card,Jaipur,Android,1,0,0,3,1337,2913.66,0,0
TXN0004124,CUST00339,549.84,16,Debit Card,Gurugram,Android,1,0,0,6,345,1447.98,0,0
TXN0004125,CUST00068,2161.28,15,UPI,Mumbai,iOS,1,0,0,7,1277,749.37,0,0
TXN0004126,CUST01597,281.97,0,Wallet,Kolkata,Android,1,1,2,8,233,912.18,0,0
TXN0004127,CUST01565,2857.48,4,UPI,Delhi,Android,0,0,2,1,350,1542.89,0,0
TXN0004128,CUST00383,1613.8,8,UPI,Bengaluru,iOS,0,0,1,4,543,794.44,0,0
TXN0004129,CUST00019,5598.1,3,Credit Card,Hyderabad,Android,1,0,2,7,631,2398.52,1,0
TXN0004130,CUST02122,919.31,12,UPI,Bengaluru,iOS,0,0,1,3,299,3142.54,0,0
TXN0004131,CUST00573,1468.83,11,UPI,Noida,iOS,0,0,2,3,369,5448.13,0,0
TXN0004132,CUST01300,5528.91,17,UPI,Kolkata,iOS,0,0,0,5,568,4477.36,0,0
TXN0004133,CUST02259,7177.29,15,Net Banking,Bengaluru,Android,0,0,4,2,1144,702.25,0,0
TXN0004134,CUST01944,911.77,16,Wallet,Kolkata,Android,0,0,2,5,264,2251.57,1,0
TXN0004135,CUST00651,2158.83,14,UPI,Mumbai,iOS,0,0,2,5,491,2052.66,0,0
TXN0004136,CUST01646,2416.22,10,UPI,Bengaluru,Android,0,0,1,3,853,4268.79,0,0
TXN0004137,CUST00994,2615.46,22,UPI,Kolkata,Web,0,0,3,8,1964,834.58,1,0
TXN0004138,CUST01339,1384.32,5,UPI,Jaipur,Android,0,0,1,3,77,1943.46,1,0
TXN0004139,CUST00901,6482.91,22,UPI,Chennai,iOS,1,0,1,1,49,1049.82,0,0
TXN0004140,CUST01685,272.01,10,UPI,Gurugram,Android,1,0,0,2,22,1716.3,0,0
TXN0004141,CUST01586,1181.35,14,Debit Card,Noida,Android,0,0,0,6,143,2408.86,0,0
TXN0004142,CUST01924,2817.13,6,Credit Card,Pune,Web,0,0,1,3,452,2480.4,0,0
TXN0004143,CUST01782,2843.43,4,UPI,Hyderabad,iOS,0,0,0,2,110,1222.34,0,0
TXN0004144,CUST01137,6962.55,13,Debit Card,Bengaluru,iOS,0,0,2,3,170,1161.97,0,0
TXN0004145,CUST02218,5965.61,18,Debit Card,Pune,Android,0,0,1,2,107,3870.39,1,0
TXN0004146,CUST01945,1352.89,10,Credit Card,Gurugram,Web,0,0,2,4,1270,1654.27,0,0
TXN0004147,CUST01038,6603.88,15,UPI,Chennai,iOS,0,0,0,3,1235,1653.36,0,0
TXN0004148,CUST01739,881.39,10,Wallet,Kolkata,Android,0,0,0,6,372,687.38,0,0
TXN0004149,CUST00288,4566.17,12,Debit Card,Kolkata,Android,1,0,2,3,238,1243.66,1,0
TXN0004150,CUST02237,11004.55,21,UPI,Kolkata,Android,0,0,0,4,1534,3167.94,0,0
TXN0004151,CUST01591,6066.19,20,Credit Card,Gurugram,Android,0,0,0,6,596,1848.26,0,0
TXN0004152,CUST01746,2000.82,14,UPI,Mumbai,Web,0,0,2,3,106,209.67,0,0
TXN0004153,CUST01099,1291.76,9,Credit Card,Noida,Android,0,0,0,2,997,784.4,0,0
TXN0004154,CUST02325,390.31,8,UPI,Mumbai,Android,0,0,0,6,223,3478.71,0,0
TXN0004155,CUST00940,2455.49,22,Credit Card,Delhi,Android,0,0,0,2,1188,4440.72,0,0
TXN0004156,CUST01449,590.12,8,Debit Card,Jaipur,Android,0,0,1,4,460,1201.89,0,0
TXN0004157,CUST00571,814.36,19,Credit Card,Pune,Android,0,0,1,1,708,5222.25,0,0
TXN0004158,CUST01001,547.19,11,UPI,Mumbai,Android,0,0,0,4,746,913.8,0,0
TXN0004159,CUST01206,1135.86,23,UPI,Chennai,Android,0,0,2,7,29,2127.85,1,0
TXN0004160,CUST00918,1750.35,11,UPI,Delhi,iOS,0,0,3,3,801,1369.56,0,0
TXN0004161,CUST01875,2366.47,11,UPI,Kolkata,Android,1,0,0,2,157,1664.74,0,0
TXN0004162,CUST00833,987.36,17,UPI,Delhi,Web,0,0,1,2,864,802.71,0,0
TXN0004163,CUST02241,5243.93,22,Credit Card,Noida,Android,0,0,3,4,221,1177.3,0,0
TXN0004164,CUST01679,1461.67,23,UPI,Chennai,Android,1,0,0,4,58,2605.94,0,0
TXN0004165,CUST00616,818.78,18,Debit Card,Chennai,Web,0,0,0,5,556,3589.94,0,0
TXN0004166,CUST00406,2257.1,18,Debit Card,Bengaluru,Android,1,0,1,3,2715,4006.33,0,0
TXN0004167,CUST01750,12824.27,15,UPI,Mumbai,Android,0,0,1,4,15,1424.36,0,0
TXN0004168,CUST00093,2516.7,18,Credit Card,Pune,Android,0,1,2,2,10,3091.9,0,0
TXN0004169,CUST02478,1252.24,20,Net Banking,Hyderabad,iOS,0,1,2,2,121,1555.37,0,0
TXN0004170,CUST00654,390.75,14,UPI,Jaipur,Android,0,0,2,5,87,1811.17,0,0
TXN0004171,CUST00434,1445.38,16,Wallet,Hyderabad,iOS,0,0,2,5,781,1578.95,1,0
TXN0004172,CUST01136,2276.67,15,Credit Card,Pune,Android,0,1,1,3,554,1126.59,0,0
TXN0004173,CUST00375,1221.65,15,Credit Card,Mumbai,Android,0,0,1,3,51,1504.15,0,0
TXN0004174,CUST01067,340.41,21,UPI,Mumbai,Web,0,1,1,4,74,594.59,0,0
TXN0004175,CUST00207,768.91,11,Debit Card,Jaipur,Android,0,0,0,4,859,1204.51,1,0
TXN0004176,CUST00780,7708.51,8,UPI,Jaipur,Android,0,1,0,3,143,2047.19,0,0
TXN0004177,CUST01320,7551.81,13,Debit Card,Hyderabad,iOS,0,0,1,6,94,514.38,0,0
TXN0004178,CUST01142,741.67,8,Debit Card,Pune,Web,0,1,0,3,34,282.74,0,0
TXN0004179,CUST00532,3527.34,14,Credit Card,Mumbai,iOS,0,0,0,8,944,1097.23,1,0
TXN0004180,CUST02214,553.89,21,UPI,Kolkata,Android,0,0,1,7,1699,1643.36,0,0
TXN0004181,CUST00090,7330.93,16,UPI,Noida,Web,0,0,0,2,1107,768.93,1,0
TXN0004182,CUST01118,2300.26,20,UPI,Gurugram,Android,0,0,2,3,10,1337.48,0,0
TXN0004183,CUST00013,4652.61,8,Wallet,Pune,Web,0,0,1,6,171,1155.34,1,0
TXN0004184,CUST01858,323.9,21,UPI,Mumbai,Android,0,0,0,3,990,1397.4,0,0
TXN0004185,CUST00805,3544.59,16,UPI,Pune,Web,0,0,0,4,894,254.66,0,0
TXN0004186,CUST00945,1786.24,1,UPI,Noida,Android,0,0,0,1,122,1982.87,0,0
TXN0004187,CUST01858,4219.5,17,Wallet,Jaipur,iOS,0,0,1,7,885,8065.6,0,0
TXN0004188,CUST01611,4493.6,22,UPI,Delhi,iOS,0,1,0,1,225,963.05,0,1
TXN0004189,CUST01960,1922.39,5,Net Banking,Pune,iOS,0,0,0,3,2667,1124.13,1,0
TXN0004190,CUST01053,987.04,16,Debit Card,Delhi,iOS,0,0,1,3,1443,3513.84,0,0
TXN0004191,CUST00296,3925.46,21,Debit Card,Pune,Android,0,0,0,3,1255,902.76,1,0
TXN0004192,CUST00926,1694.91,0,UPI,Jaipur,Android,0,0,2,2,378,3968.23,0,0
TXN0004193,CUST00640,752.02,17,UPI,Hyderabad,Android,0,0,1,6,453,1236.06,0,0
TXN0004194,CUST02388,717.23,14,UPI,Bengaluru,iOS,0,0,0,5,688,1024.78,0,0
TXN0004195,CUST00628,410.91,11,UPI,Bengaluru,iOS,0,0,1,1,110,1549.7,1,0
TXN0004196,CUST02487,1080.58,16,Debit Card,Hyderabad,Android,0,0,1,4,488,540.22,1,0
TXN0004197,CUST01168,5422.08,3,UPI,Bengaluru,Android,0,0,1,2,873,1647.24,1,0
TXN0004198,CUST00942,2150.32,18,UPI,Gurugram,Android,1,0,0,5,33,1128.67,0,0
TXN0004199,CUST00830,1059.74,0,Credit Card,Hyderabad,iOS,0,0,0,5,152,1268.14,0,0
TXN0004200,CUST01771,4025.47,10,UPI,Delhi,Web,0,0,2,5,1072,1216.71,0,0
TXN0004201,CUST00976,782.95,14,UPI,Hyderabad,Android,0,0,0,6,316,1884.43,0,0
TXN0004202,CUST00955,1980.08,12,UPI,Delhi,Web,0,0,0,5,103,810.54,0,0
TXN0004203,CUST01263,1504.04,10,Debit Card,Jaipur,Web,1,1,3,2,208,1272.68,1,0
TXN0004204,CUST00952,3923.24,20,Credit Card,Jaipur,Android,1,0,1,2,762,2392.36,0,0
TXN0004205,CUST00944,371.78,21,Credit Card,Bengaluru,Android,0,0,2,5,582,1565.96,0,0
TXN0004206,CUST02203,769.19,20,UPI,Hyderabad,iOS,0,0,0,4,547,1088.76,0,0
TXN0004207,CUST01205,349.78,15,UPI,Hyderabad,iOS,0,1,0,3,313,957.61,0,0
TXN0004208,CUST02136,1388.45,20,Debit Card,Gurugram,iOS,1,0,1,7,788,364.56,1,0
TXN0004209,CUST01535,6044.9,21,Debit Card,Pune,Android,0,0,1,7,842,1471.92,1,0
TXN0004210,CUST01097,1085.82,12,Credit Card,Bengaluru,Android,0,0,0,1,774,1185.43,0,0
TXN0004211,CUST00179,1080.15,10,Credit Card,Kolkata,Android,0,0,0,1,960,2446.16,0,0
TXN0004212,CUST02260,4303.85,6,UPI,Hyderabad,Android,0,1,1,2,194,1580.1,0,0
TXN0004213,CUST01829,5240.08,14,Debit Card,Kolkata,iOS,0,0,1,1,1452,1331.37,0,0
TXN0004214,CUST01258,1647.43,22,Debit Card,Mumbai,Android,0,0,1,2,249,921.95,0,0
TXN0004215,CUST00465,3569.77,15,Credit Card,Kolkata,Web,1,0,0,2,194,1912.4,0,0
TXN0004216,CUST01775,613.14,17,Wallet,Noida,Android,0,0,3,4,645,1584.92,0,0
TXN0004217,CUST01231,7140.34,7,UPI,Kolkata,Android,0,0,0,5,1981,2054.93,1,0
TXN0004218,CUST00885,15432.77,7,Debit Card,Pune,Web,0,0,0,5,177,1085.37,0,0
TXN0004219,CUST02414,3031.33,13,Net Banking,Hyderabad,Android,0,0,1,1,126,1644.44,0,0
TXN0004220,CUST02324,223.9,22,UPI,Gurugram,Android,0,0,1,1,31,2435.32,0,0
TXN0004221,CUST02428,1030.0,11,UPI,Delhi,Web,0,1,1,3,380,3696.54,1,0
TXN0004222,CUST01333,3322.15,20,Debit Card,Chennai,Android,1,1,1,5,1410,5581.3,1,0
TXN0004223,CUST01655,1180.93,7,UPI,Delhi,Android,0,0,0,1,1383,2768.51,0,1
TXN0004224,CUST00945,6423.64,16,Wallet,Jaipur,Android,1,0,0,2,887,2006.07,1,0
TXN0004225,CUST00925,3241.2,16,UPI,Delhi,Web,0,0,1,5,173,728.49,1,0
TXN0004226,CUST01939,888.08,20,Credit Card,Pune,iOS,0,0,2,1,401,1930.77,0,0
TXN0004227,CUST00494,1859.02,0,UPI,Pune,Android,0,0,2,3,73,4100.52,0,0
TXN0004228,CUST01547,736.35,8,UPI,Kolkata,Web,0,0,0,4,517,2896.17,1,0
TXN0004229,CUST01970,1499.61,9,Wallet,Jaipur,Android,1,0,1,5,1968,3047.93,1,0
TXN0004230,CUST01095,1033.75,22,Debit Card,Gurugram,Web,0,0,0,2,833,1009.18,1,0
TXN0004231,CUST02412,5827.27,8,UPI,Pune,Android,0,0,1,4,348,3434.93,0,0
TXN0004232,CUST01826,14936.36,1,UPI,Mumbai,Android,0,0,0,4,644,685.55,0,0
TXN0004233,CUST00763,430.24,15,Debit Card,Hyderabad,Android,0,0,1,4,512,1013.68,0,0
TXN0004234,CUST02324,263.05,15,Debit Card,Gurugram,Android,0,0,0,6,641,2679.44,0,0
TXN0004235,CUST00050,1408.63,20,Debit Card,Mumbai,Android,0,0,0,4,36,848.17,0,0
TXN0004236,CUST00906,394.31,22,Credit Card,Kolkata,Android,0,0,3,4,600,1473.87,0,0
TXN0004237,CUST00564,1885.13,15,UPI,Hyderabad,Android,0,0,2,3,504,3881.74,0,0
TXN0004238,CUST00783,3806.55,21,Debit Card,Jaipur,Android,0,1,1,1,2708,1606.48,1,0
TXN0004239,CUST02041,8019.92,18,Debit Card,Pune,Web,0,0,0,3,44,3666.81,0,0
TXN0004240,CUST01832,2201.59,9,Credit Card,Delhi,Android,0,0,0,2,277,2327.02,1,0
TXN0004241,CUST00584,1483.84,21,Credit Card,Noida,Android,1,0,0,4,1128,6254.82,0,0
TXN0004242,CUST01320,248.93,17,Credit Card,Pune,iOS,0,0,2,6,314,2030.67,1,0
TXN0004243,CUST00236,1847.76,12,Debit Card,Kolkata,iOS,0,0,0,2,2840,778.04,0,0
TXN0004244,CUST02104,1933.0,17,Debit Card,Pune,iOS,1,1,2,6,47,2089.35,0,0
TXN0004245,CUST01943,3410.11,12,Debit Card,Kolkata,iOS,1,0,0,1,14,4472.27,0,0
TXN0004246,CUST00360,886.3,7,Credit Card,Chennai,Web,0,0,0,1,796,914.27,1,0
TXN0004247,CUST01931,1165.02,18,Credit Card,Bengaluru,iOS,0,0,2,3,1805,871.55,1,0
TXN0004248,CUST00110,410.57,19,Debit Card,Pune,Web,1,0,0,3,33,2405.63,1,0
TXN0004249,CUST00192,182.04,18,UPI,Jaipur,Android,1,0,0,4,715,901.83,0,0
TXN0004250,CUST00904,594.1,9,UPI,Gurugram,iOS,0,0,3,1,355,1743.23,0,0
TXN0004251,CUST01117,374.36,22,Credit Card,Pune,Android,0,1,1,4,419,2704.23,0,0
TXN0004252,CUST00862,2520.61,1,Wallet,Gurugram,Android,0,0,0,5,738,2929.29,0,0
TXN0004253,CUST01084,1072.14,11,UPI,Mumbai,Android,0,0,0,4,153,1189.6,0,0
TXN0004254,CUST00650,1050.8,9,UPI,Delhi,Android,0,0,0,1,441,1982.59,0,0
TXN0004255,CUST00039,672.59,2,UPI,Hyderabad,Android,0,0,2,2,673,757.85,0,0
TXN0004256,CUST00637,71.02,12,UPI,Chennai,Android,0,0,0,3,114,770.74,0,0
TXN0004257,CUST01037,8134.36,16,UPI,Jaipur,Android,1,0,0,7,298,2810.96,0,1
TXN0004258,CUST00036,662.0,20,Credit Card,Kolkata,Android,0,1,1,3,383,4752.85,1,0
TXN0004259,CUST02149,1191.68,23,Wallet,Noida,Web,0,1,0,1,42,583.92,0,0
TXN0004260,CUST01362,420.17,19,Credit Card,Delhi,Android,0,0,2,3,2650,685.5,0,0
TXN0004261,CUST01984,4757.47,14,UPI,Pune,Android,1,0,0,1,10,1047.51,0,0
TXN0004262,CUST00166,2077.6,18,Wallet,Delhi,Android,0,1,0,5,67,1276.75,1,0
TXN0004263,CUST02431,787.75,20,Credit Card,Noida,Web,1,0,1,4,662,2442.32,0,0
TXN0004264,CUST01880,1215.99,13,UPI,Delhi,Web,0,0,0,3,29,518.85,0,0
TXN0004265,CUST00031,9640.44,19,UPI,Hyderabad,Web,0,0,1,5,1679,654.62,0,0
TXN0004266,CUST00011,1673.33,14,Debit Card,Bengaluru,Android,0,0,0,5,2013,1455.48,0,0
TXN0004267,CUST02012,1500.88,12,Debit Card,Mumbai,Android,0,0,3,5,390,1151.07,0,0
TXN0004268,CUST02144,702.16,15,Credit Card,Noida,Web,0,0,1,3,525,793.24,0,0
TXN0004269,CUST02240,270.69,17,UPI,Pune,Android,0,1,0,3,1282,652.98,0,0
TXN0004270,CUST00486,1533.8,18,Debit Card,Hyderabad,Android,0,0,0,2,155,1014.92,1,0
TXN0004271,CUST01290,2492.46,11,UPI,Bengaluru,Android,0,0,4,2,325,1663.84,0,0
TXN0004272,CUST01448,5405.25,15,Debit Card,Pune,Web,0,0,0,5,1306,779.22,0,0
TXN0004273,CUST02286,190.0,21,Credit Card,Pune,Android,0,1,0,3,266,465.77,0,0
TXN0004274,CUST01944,584.32,23,UPI,Chennai,Web,0,1,0,4,1577,2653.16,0,0
TXN0004275,CUST01964,1007.07,9,UPI,Bengaluru,Android,0,1,1,1,691,1630.36,0,0
TXN0004276,CUST01852,1793.75,8,UPI,Jaipur,iOS,0,1,0,2,810,2090.35,1,0
TXN0004277,CUST01470,1556.99,17,UPI,Gurugram,Android,0,0,1,5,639,1929.6,1,0
TXN0004278,CUST01367,1593.76,12,UPI,Pune,Android,0,1,0,4,841,2035.24,0,0
TXN0004279,CUST00991,2707.11,1,Credit Card,Chennai,iOS,1,0,0,3,1166,2013.86,1,0
TXN0004280,CUST00825,729.42,11,Credit Card,Kolkata,Android,0,0,3,1,1743,3214.57,0,0
TXN0004281,CUST01463,4581.05,19,Credit Card,Delhi,iOS,1,0,1,3,135,521.74,1,0
TXN0004282,CUST02154,2776.63,19,Credit Card,Kolkata,Web,1,0,0,3,2265,3191.7,1,0
TXN0004283,CUST02229,1307.29,14,Debit Card,Delhi,Android,0,0,1,4,1028,1440.79,0,0
TXN0004284,CUST02232,8923.56,14,Wallet,Gurugram,Android,0,0,0,3,440,1598.48,0,0
TXN0004285,CUST00226,8535.23,16,UPI,Pune,iOS,0,0,0,3,318,1550.71,1,0
TXN0004286,CUST00777,4575.34,9,Credit Card,Kolkata,Web,1,1,0,8,329,1746.19,0,0
TXN0004287,CUST01113,87.97,15,UPI,Kolkata,iOS,0,0,0,2,557,3614.28,0,0
TXN0004288,CUST00688,8729.71,0,UPI,Delhi,Android,0,0,0,2,726,1691.02,1,0
TXN0004289,CUST00530,3985.03,14,Credit Card,Mumbai,iOS,0,0,1,3,697,1000.59,0,0
TXN0004290,CUST00972,13385.81,11,Credit Card,Jaipur,Android,0,0,0,3,157,4492.96,0,0
TXN0004291,CUST00936,6204.35,17,Debit Card,Bengaluru,Android,0,0,0,7,485,1023.59,0,0
TXN0004292,CUST01423,8724.45,17,UPI,Noida,iOS,0,0,2,2,461,411.88,1,0
TXN0004293,CUST02154,4333.79,12,UPI,Gurugram,Web,0,1,0,6,136,1011.09,0,0
TXN0004294,CUST01295,6934.3,0,Wallet,Noida,Android,0,0,1,4,305,1479.81,1,0
TXN0004295,CUST01999,13222.37,9,UPI,Pune,iOS,0,0,0,2,540,1506.65,1,0
TXN0004296,CUST01527,2235.22,17,UPI,Mumbai,Android,0,0,0,3,1374,1142.52,0,0
TXN0004297,CUST00679,373.65,4,UPI,Mumbai,Android,0,0,1,3,254,1423.51,1,0
TXN0004298,CUST02441,1323.56,6,Net Banking,Jaipur,Web,0,0,0,9,175,1339.84,0,0
TXN0004299,CUST00040,2658.42,17,UPI,Kolkata,Android,0,0,1,2,59,1198.9,0,0
TXN0004300,CUST01106,1939.97,18,Credit Card,Gurugram,Android,1,0,0,2,559,2443.16,0,0
TXN0004301,CUST00845,517.48,11,Debit Card,Pune,iOS,0,0,1,1,815,1490.28,1,0
TXN0004302,CUST01744,352.3,14,Credit Card,Delhi,iOS,0,0,3,2,132,2675.28,0,0
TXN0004303,CUST02249,857.81,22,Debit Card,Gurugram,iOS,0,0,0,2,575,633.03,0,0
TXN0004304,CUST00447,4037.1,22,Credit Card,Kolkata,Web,0,0,0,6,2058,2134.51,0,0
TXN0004305,CUST01235,8741.89,10,Net Banking,Bengaluru,Android,0,1,0,3,700,1560.18,1,0
TXN0004306,CUST02492,4501.25,19,Debit Card,Mumbai,Android,0,0,0,4,550,1266.41,0,0
TXN0004307,CUST01351,5182.12,16,UPI,Bengaluru,iOS,0,0,0,1,38,753.23,0,0
TXN0004308,CUST00227,1660.25,23,UPI,Mumbai,Android,0,1,0,5,2563,2224.18,0,0
TXN0004309,CUST00048,315.28,14,Wallet,Jaipur,Web,0,0,0,3,378,2204.03,1,0
TXN0004310,CUST01463,1141.75,19,Debit Card,Mumbai,iOS,0,0,2,3,418,4314.55,0,0
TXN0004311,CUST01831,1389.61,19,Credit Card,Hyderabad,iOS,0,0,1,1,954,1527.05,0,0
TXN0004312,CUST00187,1094.98,14,Debit Card,Pune,Web,1,0,0,3,374,1022.95,1,0
TXN0004313,CUST02393,1901.19,19,Credit Card,Bengaluru,Android,0,0,0,5,422,1271.36,0,0
TXN0004314,CUST02272,2798.84,9,UPI,Gurugram,iOS,0,0,2,1,1036,886.94,0,0
TXN0004315,CUST01933,4224.08,7,UPI,Chennai,iOS,0,0,0,7,144,399.25,1,0
TXN0004316,CUST00849,1362.97,13,Credit Card,Chennai,Web,0,0,1,2,129,1801.47,0,0
TXN0004317,CUST02033,268.21,22,UPI,Kolkata,Android,0,0,0,4,218,1293.73,0,0
TXN0004318,CUST01253,1110.61,14,UPI,Gurugram,Android,0,1,0,2,469,547.45,0,0
TXN0004319,CUST01414,1880.42,17,Debit Card,Delhi,Android,1,0,0,6,595,2974.6,0,0
TXN0004320,CUST00979,6114.08,16,UPI,Gurugram,Web,0,0,1,4,977,1944.38,1,0
TXN0004321,CUST01613,1020.18,7,UPI,Mumbai,Android,0,1,3,2,260,587.17,0,1
TXN0004322,CUST01017,3005.16,12,Debit Card,Bengaluru,iOS,0,0,0,1,142,2187.78,1,0
TXN0004323,CUST02236,2405.78,18,Credit Card,Chennai,Android,0,0,1,7,319,1182.33,0,0
TXN0004324,CUST01882,1880.78,23,UPI,Jaipur,iOS,0,0,4,2,114,1320.45,0,0
TXN0004325,CUST00270,4564.55,8,Debit Card,Hyderabad,Android,0,0,1,3,189,803.66,0,0
TXN0004326,CUST01631,929.55,12,Credit Card,Chennai,Web,0,0,1,3,42,2008.26,0,0
TXN0004327,CUST00310,1012.68,6,UPI,Jaipur,Web,1,0,2,3,46,1857.48,0,0
TXN0004328,CUST02044,1778.71,9,UPI,Chennai,Android,0,1,0,2,140,1310.03,0,0
TXN0004329,CUST01575,948.99,12,UPI,Chennai,iOS,0,0,6,5,242,2483.65,1,0
TXN0004330,CUST01096,2991.57,15,Debit Card,Jaipur,iOS,0,0,0,2,1724,2055.73,0,0
TXN0004331,CUST01696,882.14,9,Credit Card,Jaipur,Web,0,0,1,4,398,565.25,0,0
TXN0004332,CUST01446,2257.12,9,Credit Card,Jaipur,iOS,0,0,1,1,80,2119.87,0,0
TXN0004333,CUST02168,1628.43,19,Wallet,Chennai,Web,1,0,1,5,123,1423.94,0,0
TXN0004334,CUST00220,2231.59,22,UPI,Mumbai,Android,0,0,2,7,179,4878.53,0,0
TXN0004335,CUST00053,1136.6,11,UPI,Delhi,Android,0,1,1,8,1411,648.67,1,0
TXN0004336,CUST01758,1282.36,17,UPI,Jaipur,iOS,0,0,0,5,271,1500.09,0,0
TXN0004337,CUST01475,1981.38,9,UPI,Noida,iOS,0,0,0,2,1636,2314.77,1,0
TXN0004338,CUST01667,2203.09,21,Credit Card,Bengaluru,Android,0,0,1,7,51,2064.34,0,0
TXN0004339,CUST01261,1792.45,17,Credit Card,Kolkata,Android,1,0,0,1,1192,660.15,0,0
TXN0004340,CUST00720,9906.08,19,UPI,Noida,Web,0,1,1,4,365,1241.85,1,0
TXN0004341,CUST00406,668.35,2,UPI,Pune,iOS,0,1,1,3,1348,3214.16,0,0
TXN0004342,CUST02470,1688.06,16,UPI,Pune,Android,0,0,0,3,818,1060.75,1,0
TXN0004343,CUST02295,373.12,15,Net Banking,Bengaluru,Web,0,1,1,1,181,4247.55,0,0
TXN0004344,CUST00072,2611.35,10,Debit Card,Gurugram,Android,0,0,0,1,296,667.02,0,0
TXN0004345,CUST01854,590.1,9,Credit Card,Bengaluru,Android,0,0,2,4,747,2063.94,0,0
TXN0004346,CUST02233,1362.71,16,UPI,Chennai,Android,0,1,0,5,159,1113.83,0,0
TXN0004347,CUST02054,1240.76,18,UPI,Pune,Web,0,0,1,6,685,1224.2,0,0
TXN0004348,CUST01230,2383.76,1,UPI,Delhi,iOS,0,0,0,3,503,5991.13,0,0
TXN0004349,CUST01568,1035.62,15,Net Banking,Gurugram,Android,0,0,1,4,249,2717.81,1,0
TXN0004350,CUST00387,992.51,8,Debit Card,Kolkata,Android,0,0,0,7,701,3070.88,0,0
TXN0004351,CUST01792,7565.84,7,Credit Card,Delhi,iOS,0,0,0,1,1575,1583.67,0,0
TXN0004352,CUST00699,2392.53,16,Credit Card,Pune,iOS,0,1,0,5,1417,2961.15,0,0
TXN0004353,CUST01201,1027.1,10,Credit Card,Kolkata,Web,1,0,0,2,461,2140.64,0,0
TXN0004354,CUST00827,1400.67,13,UPI,Chennai,iOS,0,0,1,2,775,3448.97,1,0
TXN0004355,CUST01823,9329.13,11,UPI,Chennai,Android,0,0,1,2,299,974.48,1,0
TXN0004356,CUST00349,1422.79,17,Credit Card,Kolkata,iOS,1,0,1,6,159,2151.03,0,0
TXN0004357,CUST01279,903.49,14,UPI,Bengaluru,Android,0,0,1,4,634,748.29,0,0
TXN0004358,CUST00308,907.37,22,UPI,Bengaluru,Web,0,0,1,3,197,1023.22,0,0
TXN0004359,CUST01151,1039.42,11,Credit Card,Delhi,Android,0,0,1,5,195,1655.65,1,0
TXN0004360,CUST01961,993.31,18,Wallet,Noida,Android,0,0,0,6,789,812.87,0,0
TXN0004361,CUST02335,500.64,9,Wallet,Mumbai,Android,0,0,1,2,1269,1247.82,0,0
TXN0004362,CUST00766,584.84,14,UPI,Bengaluru,Android,1,0,0,4,431,1187.82,0,0
TXN0004363,CUST00725,785.42,15,UPI,Kolkata,Android,0,0,0,1,27,8930.34,0,0
TXN0004364,CUST01620,3252.28,11,Credit Card,Jaipur,Android,1,1,0,5,750,1029.43,1,0
TXN0004365,CUST00383,1229.43,14,Debit Card,Jaipur,Android,0,0,1,5,842,1111.96,1,0
TXN0004366,CUST02436,1463.2,10,Net Banking,Noida,Android,0,0,1,2,1664,1248.88,0,0
TXN0004367,CUST00525,6410.1,0,Wallet,Gurugram,Web,0,0,1,1,478,2687.29,0,0
TXN0004368,CUST00276,6571.84,9,Debit Card,Noida,Android,0,0,0,5,519,2843.41,1,0
TXN0004369,CUST00337,1357.52,18,UPI,Kolkata,Web,0,0,0,4,751,2676.96,0,0
TXN0004370,CUST01974,957.84,19,UPI,Jaipur,Android,1,0,1,2,422,890.52,0,0
TXN0004371,CUST00481,758.32,10,UPI,Delhi,Android,1,0,0,5,138,2339.88,0,0
TXN0004372,CUST00911,3598.66,12,Credit Card,Delhi,iOS,0,0,1,3,1007,693.86,1,0
TXN0004373,CUST01997,1466.79,1,UPI,Noida,Android,0,0,0,6,603,837.0,0,0
TXN0004374,CUST01352,1222.98,9,Debit Card,Kolkata,Android,0,0,1,2,199,3752.18,0,0
TXN0004375,CUST02034,797.82,19,Debit Card,Mumbai,Web,1,0,0,4,2060,2310.63,0,0
TXN0004376,CUST01755,833.7,16,UPI,Gurugram,Android,0,0,1,2,1060,577.42,0,0
TXN0004377,CUST00109,2478.97,8,Wallet,Jaipur,Android,0,0,0,1,256,5277.97,0,0
TXN0004378,CUST00328,483.04,9,Credit Card,Kolkata,iOS,0,0,0,2,10,2326.87,0,0
TXN0004379,CUST01800,4867.86,19,Wallet,Gurugram,Android,0,0,2,6,1914,715.42,0,0
TXN0004380,CUST00315,1055.42,9,Wallet,Delhi,iOS,0,0,0,3,66,1090.43,0,0
TXN0004381,CUST01135,1549.84,11,UPI,Bengaluru,Android,0,1,1,3,240,3636.71,0,0
TXN0004382,CUST00781,472.75,17,UPI,Jaipur,Android,1,0,1,2,122,4226.26,0,0
TXN0004383,CUST01521,1777.88,15,UPI,Mumbai,Android,0,0,1,4,1353,631.49,0,0
TXN0004384,CUST00156,1296.24,13,Debit Card,Pune,Web,0,0,0,1,244,1373.69,1,0
TXN0004385,CUST01497,1712.07,21,Credit Card,Jaipur,Android,0,0,1,6,192,1293.04,0,0
TXN0004386,CUST01725,7842.01,9,Wallet,Hyderabad,Android,0,0,0,5,361,662.39,0,0
TXN0004387,CUST00887,2150.04,18,UPI,Mumbai,Android,0,1,1,4,3000,1276.02,0,0
TXN0004388,CUST00722,813.12,8,Debit Card,Mumbai,Android,0,0,2,7,442,835.84,0,0
TXN0004389,CUST00913,883.79,16,Net Banking,Pune,Android,1,0,1,3,18,2545.72,0,0
TXN0004390,CUST00871,3263.88,20,Debit Card,Gurugram,Android,0,0,2,5,593,2008.04,0,0
TXN0004391,CUST00013,6596.11,13,UPI,Pune,iOS,0,0,1,6,477,4701.88,0,0
TXN0004392,CUST00498,2386.21,18,Credit Card,Hyderabad,Web,0,0,3,5,48,7197.65,1,0
TXN0004393,CUST01757,3584.07,19,UPI,Gurugram,Android,0,0,0,3,1129,2252.33,1,0
TXN0004394,CUST02286,3311.91,7,UPI,Mumbai,Android,0,0,1,2,55,1138.82,0,0
TXN0004395,CUST01118,7439.85,18,UPI,Pune,Web,1,0,3,2,37,2260.83,0,0
TXN0004396,CUST01195,256.2,21,UPI,Kolkata,Web,0,0,1,3,811,1708.37,1,0
TXN0004397,CUST02005,3507.86,16,Debit Card,Bengaluru,Android,1,0,0,1,391,3272.1,0,0
TXN0004398,CUST01648,4813.97,8,UPI,Hyderabad,Android,0,0,2,5,33,4883.36,0,0
TXN0004399,CUST01591,471.92,7,Debit Card,Kolkata,Android,0,0,1,5,464,2661.58,0,0
TXN0004400,CUST01491,742.39,9,UPI,Gurugram,Android,0,1,2,4,299,581.33,0,0
TXN0004401,CUST00143,768.74,6,UPI,Chennai,Android,0,0,0,2,802,715.81,0,0
TXN0004402,CUST01225,868.49,14,UPI,Mumbai,Web,0,0,0,2,27,3032.09,0,0
TXN0004403,CUST00565,1111.9,4,UPI,Noida,Android,0,0,0,1,261,1779.91,1,0
TXN0004404,CUST02432,2294.21,9,UPI,Gurugram,Android,0,1,0,1,402,1242.33,1,0
TXN0004405,CUST01716,4277.9,13,Credit Card,Mumbai,iOS,0,1,0,3,482,322.78,0,0
TXN0004406,CUST00417,5307.41,14,Net Banking,Jaipur,Android,1,0,1,4,733,1591.55,0,0
TXN0004407,CUST01849,778.77,15,UPI,Jaipur,Android,0,0,0,2,278,3021.74,1,0
TXN0004408,CUST02356,773.43,18,UPI,Delhi,Web,0,0,2,3,147,2873.79,0,0
TXN0004409,CUST01718,6710.06,2,UPI,Hyderabad,Android,0,0,0,5,324,1221.83,0,0
TXN0004410,CUST01391,3436.76,5,Wallet,Delhi,Web,0,0,0,4,199,1437.2,0,0
TXN0004411,CUST01068,1955.51,3,Debit Card,Delhi,Android,0,0,1,1,748,956.3,0,0
TXN0004412,CUST01867,2889.62,13,Debit Card,Chennai,Android,0,0,0,9,29,1180.43,0,0
TXN0004413,CUST01122,1747.14,2,UPI,Kolkata,Web,0,0,2,2,1734,2339.57,0,0
TXN0004414,CUST01289,3041.56,18,UPI,Bengaluru,Android,0,0,1,3,1296,2449.13,1,0
TXN0004415,CUST01807,1286.24,9,UPI,Kolkata,iOS,0,0,0,3,234,5738.45,0,0
TXN0004416,CUST02188,2355.12,22,Debit Card,Chennai,Android,0,0,0,1,66,2977.01,1,0
TXN0004417,CUST01505,397.42,14,UPI,Jaipur,Android,0,0,1,1,644,1871.37,0,0
TXN0004418,CUST01017,904.84,13,Credit Card,Noida,iOS,1,0,0,2,1793,727.86,0,0
TXN0004419,CUST00953,914.64,19,Credit Card,Kolkata,iOS,0,0,1,6,1592,685.12,0,0
TXN0004420,CUST00072,1237.88,18,Credit Card,Delhi,Web,0,0,3,6,59,1792.5,0,0
TXN0004421,CUST01691,712.68,16,UPI,Delhi,Android,0,0,1,4,330,3839.0,1,0
TXN0004422,CUST01292,1055.74,21,Credit Card,Kolkata,iOS,0,0,0,3,538,689.92,0,0
TXN0004423,CUST01345,395.89,13,UPI,Pune,Android,0,0,1,5,1068,1951.52,0,0
TXN0004424,CUST02155,3115.8,19,Net Banking,Gurugram,iOS,0,0,2,4,379,3873.9,0,0
TXN0004425,CUST00883,1657.44,12,UPI,Noida,Android,0,0,1,4,384,1391.32,1,0
TXN0004426,CUST00139,327.12,20,UPI,Pune,Android,0,0,0,4,510,2489.63,0,0
TXN0004427,CUST02321,781.11,9,UPI,Pune,Android,0,0,1,8,1834,2772.6,0,0
TXN0004428,CUST01505,2520.33,10,Debit Card,Gurugram,Android,0,1,1,3,190,1559.65,1,0
TXN0004429,CUST02464,1045.78,17,UPI,Hyderabad,iOS,1,1,0,4,623,6156.8,0,0
TXN0004430,CUST00733,896.59,9,UPI,Gurugram,Android,1,0,1,6,1977,2582.71,1,0
TXN0004431,CUST01749,1670.62,9,UPI,Noida,iOS,1,0,2,3,362,2476.69,0,0
TXN0004432,CUST00424,2538.02,10,UPI,Bengaluru,Android,0,0,1,4,234,1056.22,0,0
TXN0004433,CUST01592,428.03,17,Credit Card,Hyderabad,Android,0,0,2,4,206,3555.12,1,0
TXN0004434,CUST00390,3120.26,21,UPI,Kolkata,Android,0,0,0,2,634,1608.47,1,0
TXN0004435,CUST00342,808.55,17,Debit Card,Bengaluru,Web,0,0,1,6,380,1272.53,0,0
TXN0004436,CUST00946,1768.02,20,Debit Card,Bengaluru,Web,0,0,0,4,1108,281.47,0,0
TXN0004437,CUST00614,1737.36,15,Debit Card,Noida,Android,0,0,0,2,178,1707.92,0,0
TXN0004438,CUST00493,1062.6,4,UPI,Chennai,Android,0,0,1,6,3000,1880.94,0,0
TXN0004439,CUST00192,646.7,6,UPI,Chennai,Android,0,0,0,3,1343,3723.23,0,0
TXN0004440,CUST00499,1352.7,15,Net Banking,Noida,iOS,0,0,0,2,269,2296.73,0,0
TXN0004441,CUST00822,9144.17,11,Debit Card,Pune,iOS,1,0,0,3,1171,2422.61,0,0
TXN0004442,CUST01736,461.22,9,UPI,Chennai,Android,1,0,0,2,3000,2479.38,0,0
TXN0004443,CUST01257,9777.66,13,Credit Card,Delhi,Android,0,0,2,5,3000,1094.18,0,0
TXN0004444,CUST01969,1388.28,17,Wallet,Chennai,Web,0,0,0,9,227,1679.76,1,0
TXN0004445,CUST00227,1864.81,12,UPI,Noida,Android,0,0,2,1,438,4927.13,1,1
TXN0004446,CUST01395,607.18,19,Debit Card,Gurugram,iOS,0,1,0,3,425,2574.73,1,0
TXN0004447,CUST02187,832.37,18,Credit Card,Pune,Android,0,0,2,1,716,1570.09,1,0
TXN0004448,CUST00817,1088.58,18,UPI,Jaipur,iOS,0,0,1,5,45,1773.63,0,0
TXN0004449,CUST01474,632.61,23,UPI,Bengaluru,Android,0,1,2,7,1035,2002.21,1,0
TXN0004450,CUST01087,1460.63,10,UPI,Noida,Android,0,0,4,5,129,2343.5,0,0
TXN0004451,CUST00104,1198.14,17,UPI,Chennai,iOS,1,0,0,3,372,1106.98,1,1
TXN0004452,CUST01875,11456.62,20,Wallet,Mumbai,Android,0,1,0,4,544,1360.39,0,0
TXN0004453,CUST00871,560.91,16,Credit Card,Delhi,Android,0,0,0,3,386,1742.75,0,0
TXN0004454,CUST00668,1994.67,19,Debit Card,Noida,Android,0,0,0,1,43,1638.63,1,0
TXN0004455,CUST02043,2306.27,12,Credit Card,Mumbai,Web,1,0,0,6,277,2343.57,0,0
TXN0004456,CUST00273,617.22,16,UPI,Bengaluru,Web,0,0,0,4,353,1674.5,0,0
TXN0004457,CUST01030,3577.32,3,UPI,Gurugram,Android,0,0,0,1,403,1451.89,0,0
TXN0004458,CUST02232,1208.6,23,Wallet,Delhi,Android,0,0,0,4,2225,2404.23,0,0
TXN0004459,CUST01052,148.88,19,Credit Card,Noida,Android,0,0,0,3,328,846.89,0,0
TXN0004460,CUST01574,3482.1,20,Credit Card,Mumbai,Web,0,0,0,4,566,764.21,0,0
TXN0004461,CUST00293,589.1,18,Net Banking,Noida,Web,0,0,2,2,74,9143.6,0,0
TXN0004462,CUST02225,631.29,8,UPI,Mumbai,Android,1,0,2,4,152,1522.91,1,0
TXN0004463,CUST02106,3581.17,1,Debit Card,Kolkata,iOS,1,0,2,4,39,659.32,0,1
TXN0004464,CUST01293,1272.04,20,Wallet,Bengaluru,iOS,0,0,0,5,387,2087.14,0,0
TXN0004465,CUST00308,4506.67,12,UPI,Hyderabad,Android,1,0,1,1,418,1137.31,0,0
TXN0004466,CUST00977,6037.28,9,UPI,Delhi,Android,0,0,0,4,1527,1992.99,0,0
TXN0004467,CUST01252,944.46,15,Net Banking,Jaipur,iOS,0,0,2,6,697,730.95,0,0
TXN0004468,CUST01271,3979.07,13,UPI,Delhi,Android,0,0,2,4,151,2151.32,1,0
TXN0004469,CUST01518,845.63,17,UPI,Jaipur,Android,1,0,0,3,41,1545.98,0,0
TXN0004470,CUST02131,16792.0,14,Credit Card,Noida,Android,1,0,1,5,72,5121.8,0,0
TXN0004471,CUST01210,900.17,18,Credit Card,Noida,Web,0,0,0,6,38,3074.1,0,0
TXN0004472,CUST02300,5022.23,20,Debit Card,Mumbai,iOS,0,0,0,2,2018,922.55,0,0
TXN0004473,CUST01379,4185.29,8,Net Banking,Hyderabad,Android,0,0,1,3,734,374.69,0,0
TXN0004474,CUST01774,2469.15,11,Wallet,Mumbai,iOS,0,0,0,3,48,1242.09,0,0
TXN0004475,CUST01720,920.58,13,Net Banking,Noida,Web,0,0,1,3,103,874.19,1,0
TXN0004476,CUST02043,1547.11,22,UPI,Kolkata,Android,0,0,0,1,748,874.19,0,0
TXN0004477,CUST00796,208.92,11,Debit Card,Kolkata,Android,0,1,0,1,154,1393.98,0,0
TXN0004478,CUST00897,2252.87,12,UPI,Jaipur,Android,0,0,1,2,473,1447.83,1,0
TXN0004479,CUST01962,2553.34,17,UPI,Bengaluru,Web,0,0,0,5,97,1422.34,1,0
TXN0004480,CUST00210,2057.08,12,Debit Card,Chennai,Android,0,0,1,3,1290,7612.74,1,0
TXN0004481,CUST02495,92.04,22,UPI,Delhi,iOS,0,0,3,2,488,1215.84,0,0
TXN0004482,CUST00968,507.71,21,Wallet,Jaipur,Android,0,0,0,4,215,6834.73,1,0
TXN0004483,CUST00472,851.88,14,UPI,Hyderabad,Android,0,0,1,4,1432,3121.22,0,0
TXN0004484,CUST02418,2409.56,17,Debit Card,Hyderabad,Android,0,0,1,7,445,1939.37,0,0
TXN0004485,CUST00923,2403.98,3,UPI,Delhi,Android,0,0,0,2,470,1688.92,0,0
TXN0004486,CUST00137,1518.26,18,UPI,Kolkata,Android,1,0,2,9,303,1061.04,1,0
TXN0004487,CUST00367,3397.47,18,UPI,Chennai,Android,0,0,0,2,80,879.36,1,0
TXN0004488,CUST00184,645.03,11,UPI,Delhi,iOS,0,0,1,3,147,1068.28,0,0
TXN0004489,CUST01399,3313.56,9,Credit Card,Chennai,Web,0,0,1,2,385,2460.64,1,0
TXN0004490,CUST00537,2893.68,21,Net Banking,Noida,Android,1,0,2,4,744,1232.6,1,0
TXN0004491,CUST01603,2625.68,13,Credit Card,Jaipur,iOS,0,0,0,7,137,1936.18,0,0
TXN0004492,CUST01274,1500.42,17,UPI,Noida,Web,0,0,2,5,101,2172.79,0,0
TXN0004493,CUST01097,11229.35,1,UPI,Mumbai,Android,0,0,2,6,440,1569.17,0,0
TXN0004494,CUST01306,2947.57,12,UPI,Delhi,iOS,0,1,2,5,82,1297.52,1,0
TXN0004495,CUST00916,683.49,19,UPI,Mumbai,iOS,0,0,0,5,344,1950.21,1,0
TXN0004496,CUST00152,2307.33,12,Credit Card,Pune,Android,0,0,1,3,491,540.54,0,1
TXN0004497,CUST01029,3820.07,16,UPI,Chennai,Android,1,0,0,2,402,1199.7,0,0
TXN0004498,CUST01219,999.68,9,Debit Card,Hyderabad,Android,1,1,1,4,1385,456.61,0,0
TXN0004499,CUST01978,5349.8,12,UPI,Noida,iOS,0,0,1,2,40,1190.27,0,0
TXN0004500,CUST00271,2637.47,21,Credit Card,Chennai,Android,1,0,0,2,1397,3778.41,1,0
TXN0004501,CUST01187,172.96,15,Credit Card,Hyderabad,Android,0,0,1,5,589,1086.48,0,0
TXN0004502,CUST00460,2428.95,21,UPI,Noida,iOS,0,0,1,4,101,1766.83,0,0
TXN0004503,CUST00105,1199.32,21,Debit Card,Delhi,Android,0,0,0,8,65,2156.14,0,0
TXN0004504,CUST01711,3080.11,22,Credit Card,Gurugram,Android,0,0,0,3,1068,2167.58,0,0
TXN0004505,CUST02210,4627.43,21,Credit Card,Mumbai,Android,0,0,0,5,15,1590.86,1,0
TXN0004506,CUST02399,2187.91,0,Credit Card,Noida,Web,0,1,0,3,520,1849.19,1,0
TXN0004507,CUST00434,9516.61,21,Wallet,Gurugram,Android,0,0,2,4,1261,2047.89,1,0
TXN0004508,CUST00140,1505.43,7,Debit Card,Jaipur,Android,0,0,0,3,1605,1481.48,0,0
TXN0004509,CUST01495,3362.23,2,UPI,Noida,Android,0,0,3,5,577,1069.85,0,0
TXN0004510,CUST00087,4025.82,3,UPI,Gurugram,Android,0,0,2,4,2007,2537.24,1,0
TXN0004511,CUST01712,1633.04,11,UPI,Hyderabad,iOS,0,1,1,5,646,1896.12,1,0
TXN0004512,CUST02231,3921.84,16,UPI,Mumbai,Web,0,0,1,1,1655,1867.12,0,0
TXN0004513,CUST02416,993.14,12,Net Banking,Bengaluru,iOS,0,1,0,10,1161,1806.51,0,0
TXN0004514,CUST00129,1179.65,1,UPI,Noida,Android,0,1,1,4,24,1825.91,0,0
TXN0004515,CUST01270,484.47,14,Wallet,Chennai,Android,1,0,0,4,311,814.59,1,0
TXN0004516,CUST01602,2291.48,13,UPI,Hyderabad,Android,0,0,2,4,309,714.63,0,0
TXN0004517,CUST00670,2491.88,18,UPI,Bengaluru,Android,0,0,1,1,236,1314.85,0,0
TXN0004518,CUST00149,5853.56,10,Net Banking,Bengaluru,iOS,1,0,1,1,3000,2167.27,0,0
TXN0004519,CUST00985,3970.64,9,UPI,Jaipur,Android,0,0,1,1,96,955.15,1,0
TXN0004520,CUST00852,1353.9,9,Credit Card,Jaipur,Android,0,0,1,6,165,1453.42,0,0
TXN0004521,CUST01457,554.11,10,Wallet,Kolkata,Android,0,0,1,6,60,2136.04,0,0
TXN0004522,CUST00628,2774.96,16,Net Banking,Noida,Android,0,0,2,5,509,4618.25,0,0
TXN0004523,CUST01493,5465.96,14,Debit Card,Chennai,iOS,0,0,2,1,1079,765.06,0,0
TXN0004524,CUST02494,3830.41,11,Debit Card,Noida,Android,1,0,0,3,151,3375.59,0,0
TXN0004525,CUST02045,5324.21,12,Credit Card,Gurugram,iOS,0,0,0,2,497,2124.94,0,0
TXN0004526,CUST00884,1456.3,12,UPI,Hyderabad,iOS,1,1,1,5,130,4827.19,0,1
TXN0004527,CUST02342,1128.81,23,Debit Card,Mumbai,Android,0,0,1,3,38,733.87,1,0
TXN0004528,CUST01789,861.47,9,Net Banking,Chennai,Web,0,0,3,2,77,2518.88,0,0
TXN0004529,CUST00250,1702.15,19,Credit Card,Mumbai,Android,0,0,0,4,328,1820.05,0,0
TXN0004530,CUST00948,1663.95,18,UPI,Jaipur,Android,0,1,2,1,138,783.62,1,0
TXN0004531,CUST00975,2213.26,0,Credit Card,Mumbai,Web,0,0,0,2,56,1964.53,1,0
TXN0004532,CUST01326,1581.68,23,Debit Card,Pune,Android,0,0,0,9,319,326.43,0,0
TXN0004533,CUST00984,1574.85,18,UPI,Jaipur,Android,1,0,0,3,653,2752.55,0,0
TXN0004534,CUST00889,827.86,17,Debit Card,Jaipur,Web,0,0,0,4,511,984.18,0,0
TXN0004535,CUST02118,4615.43,12,Credit Card,Delhi,iOS,0,0,0,1,430,3251.86,0,0
TXN0004536,CUST00875,1943.14,15,Credit Card,Mumbai,Android,0,0,1,3,374,5235.24,0,0
TXN0004537,CUST01327,1511.86,9,UPI,Chennai,iOS,1,0,2,3,421,3035.83,0,0
TXN0004538,CUST00471,852.45,1,UPI,Jaipur,Web,1,1,0,3,1258,2697.85,0,0
TXN0004539,CUST01988,475.15,20,Credit Card,Chennai,Android,0,0,0,1,18,786.77,0,0
TXN0004540,CUST00091,6657.55,21,Credit Card,Jaipur,iOS,0,0,0,3,377,1785.56,1,0
TXN0004541,CUST00530,3134.36,8,UPI,Bengaluru,Web,0,0,1,4,1256,1172.6,0,0
TXN0004542,CUST00661,354.82,19,UPI,Chennai,Web,0,1,1,2,442,1328.22,0,0
TXN0004543,CUST00739,3861.01,18,UPI,Gurugram,Android,0,0,1,4,151,5304.62,1,0
TXN0004544,CUST00872,4527.94,8,Credit Card,Mumbai,Android,0,0,0,3,161,1888.05,1,0
TXN0004545,CUST01687,2038.4,13,Net Banking,Pune,iOS,0,0,0,5,608,2179.32,0,0
TXN0004546,CUST00192,8898.63,13,Debit Card,Noida,Android,1,1,0,3,940,1553.68,1,1
TXN0004547,CUST01987,2235.59,18,Debit Card,Bengaluru,iOS,0,0,0,4,1152,3574.45,1,0
TXN0004548,CUST02186,436.47,20,Credit Card,Mumbai,Android,0,0,0,3,425,2073.67,0,0
TXN0004549,CUST00345,2593.36,6,Credit Card,Delhi,iOS,0,0,1,3,1038,507.52,1,0
TXN0004550,CUST01009,2299.48,15,UPI,Delhi,Android,0,0,0,3,175,1104.06,0,0
TXN0004551,CUST00203,984.61,19,Debit Card,Hyderabad,Web,0,0,1,2,508,4058.46,0,0
TXN0004552,CUST00573,3194.23,19,UPI,Pune,Android,0,0,0,2,933,1720.97,0,0
TXN0004553,CUST00192,339.64,7,Debit Card,Kolkata,Android,0,0,1,1,1456,1141.78,0,0
TXN0004554,CUST02053,4846.97,15,UPI,Noida,iOS,0,0,2,4,920,3672.12,0,0
TXN0004555,CUST01914,748.01,20,UPI,Noida,Android,0,0,0,4,1217,1311.96,0,0
TXN0004556,CUST01717,672.23,10,UPI,Jaipur,Android,0,0,0,2,1310,1333.15,1,0
TXN0004557,CUST00311,1606.35,13,Debit Card,Delhi,Web,0,0,0,5,188,1935.76,0,0
TXN0004558,CUST02104,2775.3,19,UPI,Noida,iOS,0,0,1,2,234,1444.93,1,0
TXN0004559,CUST00443,2120.62,6,UPI,Jaipur,iOS,0,0,2,4,970,2287.49,0,0
TXN0004560,CUST01261,856.52,20,Wallet,Delhi,Android,0,1,2,2,1597,709.34,0,0
TXN0004561,CUST00870,1085.13,10,Credit Card,Bengaluru,iOS,1,0,1,3,1001,2552.03,0,0
TXN0004562,CUST00585,579.69,0,UPI,Chennai,Android,0,0,1,8,150,1143.69,0,0
TXN0004563,CUST01595,1437.79,9,UPI,Jaipur,Android,0,0,2,1,2901,2740.89,0,0
TXN0004564,CUST01538,5274.1,6,UPI,Jaipur,Web,0,0,0,3,604,2147.42,0,0
TXN0004565,CUST00360,1792.34,6,Credit Card,Noida,Android,0,0,0,1,390,7087.28,0,0
TXN0004566,CUST01724,4251.2,17,Debit Card,Noida,Web,0,0,0,2,2012,671.44,1,0
TXN0004567,CUST02078,7715.17,9,UPI,Pune,iOS,0,0,0,2,1360,1203.09,1,0
TXN0004568,CUST01803,999.77,21,Wallet,Hyderabad,iOS,0,0,0,1,536,1310.44,0,0
TXN0004569,CUST02012,1493.64,14,UPI,Hyderabad,iOS,1,0,1,4,271,1297.58,0,0
TXN0004570,CUST02156,15783.73,13,UPI,Noida,Android,0,0,1,3,379,2340.53,0,0
TXN0004571,CUST00844,7630.32,13,Net Banking,Bengaluru,Android,0,0,1,2,479,918.19,0,0
TXN0004572,CUST01626,338.03,17,UPI,Noida,Android,0,1,1,5,558,2493.6,0,0
TXN0004573,CUST00891,2650.99,13,Wallet,Hyderabad,Android,0,0,1,3,730,1761.12,0,0
TXN0004574,CUST01992,1801.01,7,Debit Card,Jaipur,Web,0,0,2,4,539,1571.18,0,0
TXN0004575,CUST01983,4113.36,20,UPI,Gurugram,Android,0,0,0,4,1229,1359.88,1,0
TXN0004576,CUST00960,854.54,13,Credit Card,Mumbai,iOS,0,0,2,2,63,1260.5,0,0
TXN0004577,CUST01469,777.38,5,Credit Card,Jaipur,iOS,0,0,0,1,1775,1140.6,0,0
TXN0004578,CUST01462,915.5,15,Wallet,Delhi,iOS,0,0,2,3,129,1958.94,0,0
TXN0004579,CUST00732,1015.98,17,UPI,Hyderabad,iOS,0,0,0,3,197,343.74,0,0
TXN0004580,CUST00606,4067.83,10,UPI,Gurugram,Android,0,0,0,4,1103,1654.93,0,0
TXN0004581,CUST00615,552.44,19,UPI,Kolkata,Web,0,0,1,2,319,2002.09,0,0
TXN0004582,CUST02005,965.77,17,Credit Card,Gurugram,Web,0,0,0,4,544,897.29,0,0
TXN0004583,CUST01720,300.83,17,UPI,Gurugram,iOS,0,0,0,2,535,1694.83,0,0
TXN0004584,CUST00674,4927.86,13,UPI,Jaipur,Web,0,0,1,3,84,2160.14,0,0
TXN0004585,CUST01271,6416.14,22,Net Banking,Gurugram,Android,0,0,0,3,307,2131.44,0,0
TXN0004586,CUST01588,1297.86,10,UPI,Gurugram,Android,1,0,3,2,1450,2049.85,1,0
TXN0004587,CUST01612,1336.21,16,UPI,Kolkata,iOS,0,0,0,6,35,1934.55,0,0
TXN0004588,CUST00897,2832.07,10,Debit Card,Noida,Web,0,0,0,5,730,1073.6,0,0
TXN0004589,CUST01463,7863.79,18,Debit Card,Mumbai,Android,0,0,0,1,412,806.96,0,0
TXN0004590,CUST00278,2708.51,2,UPI,Gurugram,Android,0,0,0,4,16,858.39,0,0
TXN0004591,CUST00552,896.05,2,UPI,Mumbai,Android,0,0,0,6,393,3522.42,0,0
TXN0004592,CUST01637,356.64,19,UPI,Noida,Web,0,0,1,4,295,1154.55,1,0
TXN0004593,CUST02159,590.17,13,UPI,Mumbai,iOS,0,0,0,6,606,1025.07,1,0
TXN0004594,CUST02433,1936.74,11,Credit Card,Noida,Android,0,0,0,4,136,2745.41,0,0
TXN0004595,CUST00761,934.69,16,Credit Card,Bengaluru,Web,0,0,1,2,268,942.49,0,0
TXN0004596,CUST01450,2187.49,18,Debit Card,Mumbai,Android,0,0,0,3,543,2903.73,0,0
TXN0004597,CUST00405,1035.48,8,Credit Card,Pune,Android,0,0,0,4,850,5660.13,0,0
TXN0004598,CUST01359,624.78,8,Debit Card,Pune,Android,0,0,1,1,199,789.8,0,0
TXN0004599,CUST01233,554.75,22,Credit Card,Delhi,Android,0,0,1,1,759,2771.15,0,0
TXN0004600,CUST00022,8586.07,16,Wallet,Kolkata,Android,0,0,1,1,374,2725.79,0,0
TXN0004601,CUST00678,4378.8,12,Credit Card,Delhi,Android,0,0,0,6,435,1053.96,1,0
TXN0004602,CUST02029,10158.44,19,Debit Card,Hyderabad,Web,0,0,1,2,468,5759.69,0,0
TXN0004603,CUST01232,3088.66,15,UPI,Pune,Android,1,0,0,4,114,1051.97,0,0
TXN0004604,CUST02056,1170.93,9,UPI,Noida,Android,1,0,0,1,199,2816.51,0,0
TXN0004605,CUST01809,6760.71,8,Debit Card,Noida,iOS,0,0,0,5,937,1259.56,0,0
TXN0004606,CUST00529,1741.45,12,UPI,Jaipur,iOS,0,0,1,4,343,1008.03,0,0
TXN0004607,CUST02038,2244.83,20,Credit Card,Kolkata,Web,0,0,0,3,267,3355.2,0,0
TXN0004608,CUST01677,1724.54,3,Debit Card,Chennai,Android,0,0,2,3,60,689.76,0,0
TXN0004609,CUST00657,94.5,9,Debit Card,Pune,iOS,0,1,0,8,119,1175.05,1,0
TXN0004610,CUST00166,8957.77,21,Credit Card,Noida,Android,1,0,2,8,476,931.58,0,0
TXN0004611,CUST00849,2941.12,7,UPI,Bengaluru,Android,0,0,2,4,393,587.41,1,0
TXN0004612,CUST00496,2503.3,16,UPI,Pune,Android,1,0,1,4,2266,2618.72,0,0
TXN0004613,CUST00590,1692.17,9,Wallet,Hyderabad,Android,1,0,0,4,119,837.07,0,0
TXN0004614,CUST00429,2119.57,16,UPI,Bengaluru,Android,0,0,1,2,146,1334.45,0,0
TXN0004615,CUST00163,990.55,12,Debit Card,Bengaluru,iOS,0,0,2,1,705,1963.45,0,0
TXN0004616,CUST02414,3334.64,6,UPI,Hyderabad,Android,0,0,1,5,301,1150.25,0,0
TXN0004617,CUST01263,487.09,16,UPI,Pune,Web,0,0,0,4,212,2961.43,0,0
TXN0004618,CUST00072,2168.11,17,UPI,Delhi,Web,1,0,0,7,34,2518.61,0,0
TXN0004619,CUST00655,3156.17,17,Debit Card,Mumbai,Android,0,0,0,1,628,596.17,0,0
TXN0004620,CUST00269,1475.68,17,UPI,Hyderabad,iOS,0,0,0,3,1187,1518.43,0,0
TXN0004621,CUST01777,2608.18,14,UPI,Jaipur,Android,0,0,1,5,2357,1550.41,0,0
TXN0004622,CUST02463,667.95,15,UPI,Gurugram,Android,0,0,0,1,364,1759.52,1,0
TXN0004623,CUST01269,685.2,17,UPI,Noida,Web,0,0,0,8,594,626.2,0,0
TXN0004624,CUST01016,2280.75,17,UPI,Jaipur,Android,0,0,0,4,132,776.78,1,0
TXN0004625,CUST01084,3547.83,17,UPI,Noida,Android,0,0,1,2,867,1943.08,0,0
TXN0004626,CUST00006,276.08,16,Debit Card,Kolkata,Android,0,0,0,3,225,834.25,1,0
TXN0004627,CUST00982,3033.77,8,UPI,Pune,iOS,0,0,0,3,1155,2224.02,1,0
TXN0004628,CUST00407,1045.59,9,UPI,Kolkata,Android,0,0,1,4,1100,2029.63,0,0
TXN0004629,CUST01954,1484.36,9,Net Banking,Pune,Web,1,0,3,2,61,1058.1,0,0
TXN0004630,CUST02074,471.55,21,UPI,Bengaluru,Android,1,0,2,6,610,1530.07,0,0
TXN0004631,CUST00986,768.1,18,Wallet,Pune,Web,0,0,1,1,1085,827.56,0,0
TXN0004632,CUST00390,4729.94,15,UPI,Kolkata,Web,0,0,2,3,446,1214.14,0,0
TXN0004633,CUST00710,1860.14,9,UPI,Pune,iOS,0,0,3,5,755,5512.17,0,0
TXN0004634,CUST01472,1227.54,7,UPI,Mumbai,iOS,0,0,1,3,147,2134.0,0,0
TXN0004635,CUST00754,1602.07,21,Credit Card,Pune,Android,1,0,1,2,589,3266.32,1,0
TXN0004636,CUST02194,2935.85,21,Credit Card,Mumbai,Web,0,0,1,1,556,1279.18,0,0
TXN0004637,CUST01412,2796.26,7,UPI,Delhi,iOS,0,0,0,2,189,908.62,0,0
TXN0004638,CUST01273,1669.89,19,Debit Card,Jaipur,Android,0,1,1,3,1543,3263.11,1,0
TXN0004639,CUST00526,5369.56,13,Credit Card,Jaipur,Android,0,0,0,2,334,1428.34,0,0
TXN0004640,CUST01486,4750.5,11,UPI,Jaipur,Android,1,0,1,5,733,1097.24,1,0
TXN0004641,CUST02061,2721.43,18,Credit Card,Chennai,iOS,0,0,0,1,54,2582.89,0,0
TXN0004642,CUST02432,1901.03,16,Debit Card,Hyderabad,Android,0,0,0,5,10,2106.16,0,0
TXN0004643,CUST00556,3473.31,19,UPI,Gurugram,iOS,0,0,0,2,1753,545.26,0,0
TXN0004644,CUST00019,2464.66,5,UPI,Gurugram,iOS,0,0,1,2,756,2440.08,0,0
TXN0004645,CUST00575,5199.63,10,Debit Card,Gurugram,Android,0,1,0,1,98,1508.97,0,0
TXN0004646,CUST01004,4425.34,10,Net Banking,Bengaluru,Web,0,0,2,2,479,1544.16,0,0
TXN0004647,CUST02467,650.21,11,UPI,Jaipur,iOS,0,1,2,6,64,1535.36,0,0
TXN0004648,CUST02467,607.64,14,Wallet,Bengaluru,Android,0,0,2,2,903,800.01,0,0
TXN0004649,CUST01939,892.74,10,UPI,Bengaluru,Web,0,0,2,2,279,949.81,0,0
TXN0004650,CUST01940,4777.54,13,Net Banking,Jaipur,Web,0,0,2,2,25,1415.18,0,0
TXN0004651,CUST01636,372.13,11,Credit Card,Chennai,iOS,0,0,0,7,16,2517.11,1,0
TXN0004652,CUST01699,2671.24,18,Wallet,Pune,Android,0,0,0,2,167,2187.69,0,0
TXN0004653,CUST02170,2586.56,16,Debit Card,Pune,Android,0,0,2,4,124,940.01,1,0
TXN0004654,CUST00432,5757.1,17,UPI,Bengaluru,Web,0,0,0,5,3000,1417.73,1,0
TXN0004655,CUST02092,2155.72,9,UPI,Mumbai,iOS,1,1,0,4,1826,1052.87,0,0
TXN0004656,CUST01896,469.81,11,Credit Card,Pune,Android,1,0,2,2,1272,1800.16,0,1
TXN0004657,CUST01944,689.65,0,UPI,Hyderabad,Web,0,0,1,5,290,1070.83,0,0
TXN0004658,CUST01341,552.0,6,UPI,Gurugram,Android,0,0,0,3,10,1775.42,0,0
TXN0004659,CUST02429,1051.11,9,Net Banking,Mumbai,Android,0,0,0,5,293,3103.28,0,0
TXN0004660,CUST00145,1499.13,4,UPI,Hyderabad,Web,1,0,0,3,870,1552.72,0,0
TXN0004661,CUST02411,561.21,16,Credit Card,Mumbai,Android,0,0,0,1,64,373.2,0,0
TXN0004662,CUST01074,7833.81,23,UPI,Chennai,Android,1,0,0,3,125,1804.95,1,0
TXN0004663,CUST01089,478.31,6,Credit Card,Bengaluru,Web,0,0,3,4,185,1049.53,0,0
TXN0004664,CUST02403,6916.36,19,UPI,Hyderabad,iOS,0,1,2,4,42,736.63,0,0
TXN0004665,CUST00800,5888.2,7,UPI,Gurugram,iOS,0,0,0,4,264,1289.3,0,0
TXN0004666,CUST01152,4419.78,17,Debit Card,Jaipur,iOS,1,0,1,4,255,2461.43,0,0
TXN0004667,CUST02446,899.44,17,Debit Card,Chennai,Android,0,0,1,4,375,3503.53,0,0
TXN0004668,CUST01957,2535.11,21,Debit Card,Gurugram,Android,0,0,0,5,31,1117.04,1,0
TXN0004669,CUST00463,501.78,7,Debit Card,Chennai,iOS,0,0,1,3,148,1715.1,0,0
TXN0004670,CUST01775,4475.84,10,UPI,Jaipur,Android,0,0,0,2,421,1143.08,1,0
TXN0004671,CUST02046,1671.63,6,Debit Card,Gurugram,iOS,0,0,0,1,1045,779.38,0,0
TXN0004672,CUST00808,1195.38,12,UPI,Noida,Android,1,0,0,4,56,1146.3,0,0
TXN0004673,CUST00187,529.43,21,UPI,Delhi,Android,1,0,0,1,63,1771.28,0,0
TXN0004674,CUST01744,151.11,19,UPI,Bengaluru,Android,0,0,1,2,47,1365.93,0,0
TXN0004675,CUST00732,637.15,18,UPI,Chennai,Android,1,0,1,4,407,2607.38,0,0
TXN0004676,CUST01936,5477.15,15,UPI,Bengaluru,Web,1,0,0,3,120,2060.4,0,0
TXN0004677,CUST01214,1203.16,20,UPI,Jaipur,Android,0,0,0,6,277,1493.86,1,0
TXN0004678,CUST01412,1519.62,13,Credit Card,Delhi,Android,0,0,1,4,296,593.61,1,0
TXN0004679,CUST00429,3467.18,7,UPI,Mumbai,Android,0,0,0,4,69,1586.27,0,0
TXN0004680,CUST01308,10951.27,20,Debit Card,Mumbai,Android,0,0,1,6,1849,1946.49,0,0
TXN0004681,CUST02285,6771.97,10,Credit Card,Hyderabad,Android,1,0,3,8,576,938.62,0,0
TXN0004682,CUST01218,680.76,3,Wallet,Pune,Android,0,1,0,2,826,1620.55,1,0
TXN0004683,CUST01311,258.0,7,UPI,Mumbai,iOS,0,0,0,4,656,1463.17,1,0
TXN0004684,CUST00771,19056.36,16,Debit Card,Pune,iOS,1,0,0,2,355,3833.17,1,0
TXN0004685,CUST00758,17405.36,16,Debit Card,Delhi,Web,1,0,3,4,1778,3312.0,0,0
TXN0004686,CUST00136,2173.29,9,Net Banking,Noida,Web,0,0,0,3,245,799.72,0,0
TXN0004687,CUST00792,505.25,18,UPI,Bengaluru,Android,1,0,0,10,1737,2084.65,1,0
TXN0004688,CUST00171,4716.25,19,UPI,Noida,iOS,0,0,0,2,590,1639.8,0,0
TXN0004689,CUST02207,1615.76,21,UPI,Bengaluru,iOS,0,0,0,5,349,2812.75,1,0
TXN0004690,CUST02249,1607.7,16,UPI,Delhi,Android,0,1,1,6,677,1525.42,0,0
TXN0004691,CUST01581,4402.82,19,Credit Card,Hyderabad,Android,0,0,2,3,1068,221.17,0,0
TXN0004692,CUST00962,2514.72,18,Debit Card,Bengaluru,Android,0,0,2,3,1564,1047.91,0,0
TXN0004693,CUST00876,549.89,9,UPI,Noida,Android,1,0,0,2,572,1434.59,1,0
TXN0004694,CUST02419,1300.88,10,UPI,Delhi,Android,0,0,1,2,680,1128.54,1,0
TXN0004695,CUST00103,3486.64,14,UPI,Gurugram,Web,0,0,0,2,1836,1044.28,0,0
TXN0004696,CUST01002,2998.28,0,UPI,Gurugram,Web,0,0,1,2,433,772.09,0,0
TXN0004697,CUST01149,2339.19,10,Wallet,Pune,Android,1,0,0,4,1256,2429.28,1,0
TXN0004698,CUST01482,4577.76,14,Wallet,Chennai,Android,0,0,0,5,464,945.62,1,0
TXN0004699,CUST00658,1253.66,6,UPI,Chennai,Android,0,1,0,7,1082,1900.21,1,0
TXN0004700,CUST01221,2152.13,7,UPI,Pune,Android,0,0,1,2,530,702.04,1,0
TXN0004701,CUST00423,61.56,13,Wallet,Kolkata,iOS,1,0,0,6,161,615.63,1,0
TXN0004702,CUST00171,1148.13,18,UPI,Noida,iOS,1,0,1,7,128,3147.18,0,0
TXN0004703,CUST02221,3863.95,20,Credit Card,Bengaluru,Android,0,0,0,7,229,4513.37,0,0
TXN0004704,CUST00453,1218.22,15,Wallet,Jaipur,Android,0,1,0,6,188,8295.57,0,0
TXN0004705,CUST02398,1129.26,14,Credit Card,Delhi,Web,1,0,0,2,309,1453.28,1,0
TXN0004706,CUST01976,635.29,12,UPI,Chennai,Android,0,0,0,3,715,866.46,1,0
TXN0004707,CUST01658,4909.4,8,UPI,Delhi,Android,1,0,1,6,1189,575.35,1,0
TXN0004708,CUST02054,3115.06,7,Wallet,Mumbai,Android,0,0,0,2,105,4151.38,0,0
TXN0004709,CUST00288,4109.09,19,UPI,Noida,Android,1,0,1,4,502,1766.52,0,0
TXN0004710,CUST01642,320.32,13,UPI,Bengaluru,Web,0,0,0,3,650,3399.46,1,0
TXN0004711,CUST01448,1533.17,19,Debit Card,Jaipur,iOS,0,0,0,2,466,3698.81,1,0
TXN0004712,CUST01914,1360.26,18,Debit Card,Hyderabad,Android,0,1,0,2,41,864.26,1,0
TXN0004713,CUST00608,1359.63,8,UPI,Pune,Android,0,0,0,1,612,1494.97,1,0
TXN0004714,CUST00457,972.15,14,UPI,Noida,Web,0,0,1,5,236,4299.67,1,0
TXN0004715,CUST01765,1273.39,13,Credit Card,Delhi,Android,0,0,3,1,162,938.32,0,0
TXN0004716,CUST01226,4209.87,13,UPI,Mumbai,Android,0,0,0,5,352,875.48,0,0
TXN0004717,CUST01236,265.79,15,UPI,Pune,Web,0,1,1,2,750,1692.34,0,0
TXN0004718,CUST01030,10644.91,23,Debit Card,Noida,Web,1,0,0,5,476,633.22,1,0
TXN0004719,CUST02424,2920.13,19,UPI,Noida,iOS,0,0,0,4,174,502.23,0,0
TXN0004720,CUST00447,1725.39,21,UPI,Bengaluru,iOS,0,0,2,2,107,487.09,0,0
TXN0004721,CUST00835,4457.65,1,UPI,Hyderabad,Android,0,0,0,3,256,7431.22,0,0
TXN0004722,CUST00811,421.45,7,Credit Card,Jaipur,Web,0,0,0,4,20,2631.7,0,0
TXN0004723,CUST01425,925.97,5,Debit Card,Hyderabad,Android,0,0,0,2,1278,1237.84,0,0
TXN0004724,CUST01412,1594.74,9,Debit Card,Hyderabad,Android,0,0,0,4,206,774.81,0,0
TXN0004725,CUST00959,7052.25,13,Debit Card,Mumbai,Android,0,0,0,2,1306,1991.41,1,0
TXN0004726,CUST01476,1718.22,17,Credit Card,Pune,Android,1,0,1,1,762,2821.97,1,0
TXN0004727,CUST00809,2823.12,14,Debit Card,Noida,Android,1,0,1,2,1720,2779.38,0,0
TXN0004728,CUST00979,998.21,21,UPI,Gurugram,Android,0,0,2,2,517,212.97,0,0
TXN0004729,CUST02464,2928.91,22,UPI,Delhi,Android,0,0,1,2,867,4617.05,1,0
TXN0004730,CUST00726,9631.38,8,Credit Card,Delhi,Android,0,0,0,1,113,1703.13,0,0
TXN0004731,CUST01217,4871.07,20,UPI,Gurugram,Android,1,0,0,4,663,625.21,0,0
TXN0004732,CUST02198,1659.19,14,UPI,Hyderabad,Android,0,0,2,6,466,357.72,0,0
TXN0004733,CUST01904,3537.0,13,UPI,Kolkata,Android,0,0,1,4,385,1444.93,0,0
TXN0004734,CUST00779,3206.9,19,Credit Card,Mumbai,Android,0,0,1,1,155,3868.97,1,0
TXN0004735,CUST00973,2987.31,6,Credit Card,Jaipur,Android,1,0,0,2,699,3568.01,0,0
TXN0004736,CUST01539,5472.52,20,Debit Card,Delhi,Android,0,0,0,3,437,2468.16,1,0
TXN0004737,CUST01417,5431.77,17,UPI,Kolkata,iOS,0,0,0,2,1190,2109.85,0,0
TXN0004738,CUST02124,1585.07,20,Wallet,Pune,Android,0,0,1,1,58,2534.9,0,0
TXN0004739,CUST00599,3420.09,23,UPI,Bengaluru,Android,0,0,0,3,41,2070.27,1,0
TXN0004740,CUST00225,1227.15,15,Credit Card,Jaipur,Web,0,0,2,2,64,1044.19,0,0
TXN0004741,CUST01554,715.13,6,UPI,Hyderabad,Android,0,1,0,3,229,701.52,1,0
TXN0004742,CUST02161,1374.78,8,UPI,Delhi,iOS,0,0,1,4,991,978.08,0,0
TXN0004743,CUST02299,1667.81,11,Wallet,Kolkata,iOS,0,0,1,5,494,2037.46,0,0
TXN0004744,CUST00841,341.71,6,UPI,Gurugram,Android,0,0,0,6,561,508.67,0,0
TXN0004745,CUST01815,4255.1,19,UPI,Delhi,iOS,0,0,0,4,482,878.74,0,0
TXN0004746,CUST00714,113.09,10,Credit Card,Mumbai,iOS,0,0,2,6,535,1290.95,0,0
TXN0004747,CUST01107,27183.32,23,UPI,Mumbai,Android,1,0,0,3,10,4372.75,0,0
TXN0004748,CUST00125,8082.21,18,Credit Card,Pune,iOS,0,0,1,7,732,896.11,0,0
TXN0004749,CUST01093,1386.49,8,UPI,Chennai,iOS,0,0,0,5,936,1292.57,1,0
TXN0004750,CUST01280,1817.05,14,UPI,Pune,Android,0,0,0,2,2151,1069.85,0,0
TXN0004751,CUST01751,2436.98,13,Debit Card,Delhi,Android,0,0,0,3,675,1451.29,0,0
TXN0004752,CUST00030,998.63,14,Debit Card,Pune,Android,0,0,0,3,450,995.78,1,0
TXN0004753,CUST02329,2182.36,15,UPI,Pune,Android,0,0,0,5,449,1054.91,0,0
TXN0004754,CUST02018,1558.6,1,Credit Card,Kolkata,Android,0,0,1,7,237,5421.39,1,0
TXN0004755,CUST02416,1638.06,17,Debit Card,Mumbai,Android,0,0,0,2,384,2853.8,1,0
TXN0004756,CUST00495,2158.14,14,Debit Card,Pune,Android,0,1,1,2,25,894.94,0,0
TXN0004757,CUST01610,483.97,19,UPI,Gurugram,Web,0,1,3,1,2078,1262.13,0,0
TXN0004758,CUST00718,1872.65,19,UPI,Gurugram,iOS,0,0,0,2,57,1456.32,0,0
TXN0004759,CUST01017,2119.61,9,UPI,Mumbai,Android,0,0,0,8,106,710.78,0,0
TXN0004760,CUST01338,2047.53,2,UPI,Chennai,Android,0,0,0,3,429,725.54,0,0
TXN0004761,CUST00606,1450.57,18,UPI,Kolkata,Android,0,0,1,2,337,1277.96,0,0
TXN0004762,CUST00375,5616.14,23,UPI,Chennai,iOS,0,0,0,10,1238,3415.45,0,0
TXN0004763,CUST01961,1263.81,13,Debit Card,Bengaluru,Android,0,0,0,4,218,1392.3,0,0
TXN0004764,CUST01049,2259.43,9,Credit Card,Delhi,Android,0,0,1,4,762,1744.99,0,0
TXN0004765,CUST01358,6586.91,8,UPI,Kolkata,Web,0,0,2,1,330,1265.57,0,0
TXN0004766,CUST00116,1662.65,10,Credit Card,Noida,Android,0,1,1,8,288,3809.5,0,0
TXN0004767,CUST02096,2230.55,11,Debit Card,Pune,Android,0,0,1,2,141,1398.9,0,0
TXN0004768,CUST01802,1634.61,13,UPI,Kolkata,Web,0,0,2,8,1007,349.02,1,0
TXN0004769,CUST02147,6203.77,17,UPI,Gurugram,Android,1,0,0,2,131,2467.2,0,0
TXN0004770,CUST01483,1391.05,10,UPI,Mumbai,iOS,0,0,1,4,10,1583.98,0,0
TXN0004771,CUST01547,6495.71,2,Credit Card,Chennai,Web,1,0,3,1,1064,719.05,0,0
TXN0004772,CUST01621,1622.87,12,UPI,Bengaluru,Android,0,0,0,3,142,1561.96,0,0
TXN0004773,CUST02453,762.1,20,UPI,Mumbai,Web,0,0,1,1,97,1723.11,0,0
TXN0004774,CUST00685,3550.75,14,UPI,Bengaluru,Android,0,0,0,2,132,927.09,0,0
TXN0004775,CUST01472,1327.26,22,Credit Card,Hyderabad,Web,0,0,0,2,1669,1190.31,0,0
TXN0004776,CUST01600,3347.75,14,Credit Card,Mumbai,Android,0,0,0,4,668,2802.44,1,0
TXN0004777,CUST02306,117.46,10,UPI,Mumbai,Web,0,0,0,2,703,1135.28,0,0
TXN0004778,CUST02169,1809.39,8,UPI,Noida,iOS,0,0,1,6,99,2963.85,0,0
TXN0004779,CUST00810,1136.76,18,Credit Card,Bengaluru,iOS,0,0,0,4,571,3814.22,0,0
TXN0004780,CUST00978,621.59,15,Wallet,Bengaluru,Web,0,0,2,4,1186,1823.39,1,0
TXN0004781,CUST02102,1035.15,16,Debit Card,Hyderabad,Android,0,0,0,4,683,594.7,0,0
TXN0004782,CUST01355,1014.18,18,Net Banking,Chennai,Android,0,0,1,3,47,783.67,0,0
TXN0004783,CUST00784,1715.67,18,UPI,Bengaluru,Android,0,0,0,3,340,1642.2,0,0
TXN0004784,CUST00241,458.62,2,UPI,Pune,Android,0,0,0,5,745,1838.66,0,0
TXN0004785,CUST01779,2469.61,19,Credit Card,Jaipur,iOS,0,0,0,4,58,2133.62,0,0
TXN0004786,CUST01554,7056.87,15,UPI,Bengaluru,Web,0,1,1,8,267,3398.93,0,0
TXN0004787,CUST00483,2383.85,12,UPI,Noida,Android,0,0,0,6,749,749.23,0,0
TXN0004788,CUST01013,4042.14,15,UPI,Hyderabad,Android,0,0,1,4,1089,721.34,0,0
TXN0004789,CUST00187,5378.18,16,UPI,Chennai,iOS,0,0,1,4,609,3092.35,1,0
TXN0004790,CUST01882,6198.31,7,UPI,Bengaluru,Android,0,0,0,1,1092,3417.06,0,0
TXN0004791,CUST02310,11680.55,12,Net Banking,Chennai,iOS,0,0,0,1,637,2031.2,0,0
TXN0004792,CUST00953,1092.63,11,UPI,Kolkata,Android,0,0,0,3,1614,4662.86,1,0
TXN0004793,CUST01388,877.48,11,UPI,Bengaluru,Android,0,0,3,6,10,890.1,0,0
TXN0004794,CUST00491,3940.28,6,UPI,Bengaluru,iOS,0,1,1,3,258,2591.16,0,0
TXN0004795,CUST00431,3654.84,8,Debit Card,Delhi,Android,0,0,2,2,40,5361.09,0,0
TXN0004796,CUST00239,3909.71,8,Debit Card,Mumbai,Android,0,0,0,7,286,1733.32,0,0
TXN0004797,CUST02352,11906.32,12,UPI,Hyderabad,iOS,0,0,0,4,170,2394.89,0,0
TXN0004798,CUST02346,1820.58,21,UPI,Gurugram,Android,0,0,0,9,169,2692.65,0,0
TXN0004799,CUST00076,2756.45,8,Debit Card,Bengaluru,iOS,0,0,0,5,204,1029.43,0,0
TXN0004800,CUST01357,675.3,12,UPI,Jaipur,Web,0,1,0,6,204,1468.73,0,0
TXN0004801,CUST01924,15227.57,10,Net Banking,Chennai,iOS,0,0,2,2,522,692.62,0,0
TXN0004802,CUST01782,1285.62,19,Credit Card,Gurugram,iOS,0,0,0,3,628,2533.82,0,0
TXN0004803,CUST00827,1322.56,2,UPI,Hyderabad,Android,1,0,2,2,179,1243.01,0,0
TXN0004804,CUST02331,1272.57,8,Debit Card,Hyderabad,iOS,0,0,2,6,91,786.81,1,0
TXN0004805,CUST00591,944.49,9,UPI,Pune,Android,0,0,2,2,323,4231.39,1,0
TXN0004806,CUST02120,867.92,23,UPI,Kolkata,iOS,0,0,0,3,211,6817.35,0,0
TXN0004807,CUST01903,1066.18,15,UPI,Pune,Android,0,0,1,4,1509,1126.73,0,0
TXN0004808,CUST01911,459.32,7,Debit Card,Hyderabad,Android,0,0,1,3,959,3148.26,0,0
TXN0004809,CUST00575,820.75,10,UPI,Kolkata,iOS,0,0,1,4,1297,2686.07,0,0
TXN0004810,CUST00892,12638.53,8,UPI,Jaipur,iOS,0,0,0,2,65,970.86,1,0
TXN0004811,CUST02060,3756.33,7,UPI,Bengaluru,Android,0,0,0,1,289,2610.6,0,0
TXN0004812,CUST00141,4543.47,19,Debit Card,Bengaluru,Android,1,0,0,3,1133,1461.13,0,0
TXN0004813,CUST01790,5841.55,14,UPI,Kolkata,Android,1,0,0,3,115,3305.77,0,0
TXN0004814,CUST00017,11267.49,17,UPI,Pune,iOS,0,0,1,2,909,499.21,0,0
TXN0004815,CUST01087,306.16,11,Credit Card,Mumbai,Android,0,0,3,4,1240,2380.05,1,0
TXN0004816,CUST00253,526.19,15,Debit Card,Delhi,Android,0,0,1,6,192,3937.01,1,0
TXN0004817,CUST00465,805.79,9,Debit Card,Pune,Android,0,0,0,4,2048,1437.49,0,0
TXN0004818,CUST00376,1125.31,10,UPI,Gurugram,Android,0,0,0,6,1086,1056.77,0,0
TXN0004819,CUST01828,1332.71,17,Debit Card,Bengaluru,Android,1,0,0,4,110,1120.43,0,0
TXN0004820,CUST00520,1151.2,8,UPI,Gurugram,Android,0,0,1,6,511,3103.6,0,0
TXN0004821,CUST01861,2241.39,16,UPI,Pune,Android,0,0,0,1,156,854.8,0,0
TXN0004822,CUST00090,1864.67,20,Debit Card,Hyderabad,Web,0,0,1,2,371,1049.81,1,0
TXN0004823,CUST00720,873.67,7,Credit Card,Jaipur,iOS,0,0,2,5,427,945.53,0,0
TXN0004824,CUST00630,204.38,21,Credit Card,Jaipur,iOS,0,0,1,6,667,2193.58,0,0
TXN0004825,CUST01885,666.92,5,Wallet,Jaipur,iOS,1,0,1,2,572,13622.8,0,0
TXN0004826,CUST00076,1039.3,11,Credit Card,Mumbai,Web,0,0,2,3,262,1596.83,0,0
TXN0004827,CUST00926,1405.94,16,UPI,Gurugram,Android,0,0,1,3,455,1452.08,0,0
TXN0004828,CUST02448,581.65,15,Wallet,Chennai,Android,0,0,1,3,48,3520.18,0,0
TXN0004829,CUST01806,1101.84,6,UPI,Chennai,iOS,0,0,2,4,492,1112.05,0,0
TXN0004830,CUST00970,580.89,19,Credit Card,Mumbai,Web,0,0,0,4,2267,2757.49,0,0
TXN0004831,CUST01095,1587.19,23,UPI,Chennai,Android,1,0,1,4,499,1883.48,0,0
TXN0004832,CUST02029,615.51,8,UPI,Pune,Android,0,0,1,3,1223,1405.12,0,0
TXN0004833,CUST01405,770.19,21,Debit Card,Mumbai,Web,0,0,0,2,1221,2459.55,1,0
TXN0004834,CUST00195,486.32,15,UPI,Delhi,Android,0,0,0,3,1865,962.8,1,0
TXN0004835,CUST00228,1543.86,22,Credit Card,Pune,Android,0,0,0,1,42,1339.58,1,0
TXN0004836,CUST01460,756.8,8,Debit Card,Gurugram,Android,0,1,0,2,615,1141.01,0,0
TXN0004837,CUST00461,4457.42,19,UPI,Gurugram,Android,0,0,0,3,1500,1363.51,0,0
TXN0004838,CUST00618,2701.04,3,Credit Card,Gurugram,Web,0,0,0,1,936,845.32,1,0
TXN0004839,CUST00064,1678.56,20,Debit Card,Chennai,Android,0,0,0,6,356,2644.45,0,0
TXN0004840,CUST02213,810.83,17,Debit Card,Jaipur,Android,0,0,0,6,188,3205.12,0,0
TXN0004841,CUST02075,2633.48,12,Credit Card,Delhi,Android,0,0,0,6,254,1737.94,1,0
TXN0004842,CUST00285,3591.2,8,UPI,Bengaluru,iOS,0,0,1,2,78,571.34,0,0
TXN0004843,CUST01684,2076.07,19,UPI,Noida,Android,1,0,1,4,141,4692.23,1,0
TXN0004844,CUST02329,8948.52,16,UPI,Gurugram,Android,0,0,0,2,749,1368.08,1,0
TXN0004845,CUST00838,2850.3,11,UPI,Hyderabad,Web,0,0,0,2,114,1717.82,0,0
TXN0004846,CUST00831,4487.94,13,Debit Card,Bengaluru,Android,0,0,0,1,1072,1410.09,0,0
TXN0004847,CUST01188,2057.21,19,UPI,Mumbai,iOS,0,0,2,4,176,2360.72,1,0
TXN0004848,CUST00224,3537.61,11,Net Banking,Chennai,Web,0,0,0,5,314,779.17,0,0
TXN0004849,CUST00784,811.4,6,Debit Card,Mumbai,Android,0,1,0,2,213,1891.7,0,0
TXN0004850,CUST00950,1138.13,21,UPI,Gurugram,Android,1,0,1,4,237,1212.05,0,0
TXN0004851,CUST00045,2552.7,12,UPI,Jaipur,Android,1,0,1,2,1000,812.12,0,0
TXN0004852,CUST01811,2534.22,11,Debit Card,Gurugram,Android,0,0,0,4,767,2913.94,0,0
TXN0004853,CUST00471,2990.37,8,Debit Card,Bengaluru,iOS,0,0,0,4,293,1533.62,0,0
TXN0004854,CUST02082,5409.62,21,Net Banking,Hyderabad,Android,0,0,2,1,267,2969.45,0,0
TXN0004855,CUST00830,432.93,9,UPI,Gurugram,Web,0,0,0,6,667,605.53,0,0
TXN0004856,CUST01910,679.32,17,UPI,Delhi,Web,0,0,0,3,704,2461.42,0,0
TXN0004857,CUST02269,2264.51,20,Wallet,Kolkata,Web,0,0,0,3,28,1094.6,1,0
TXN0004858,CUST01892,872.34,1,UPI,Mumbai,Android,0,0,0,3,145,1622.92,0,0
TXN0004859,CUST00692,52749.53,20,Debit Card,Gurugram,Android,0,0,1,4,523,1164.28,0,0
TXN0004860,CUST01391,3014.72,12,UPI,Bengaluru,Android,0,1,2,4,531,1245.58,0,0
TXN0004861,CUST00932,1664.39,17,Debit Card,Pune,iOS,0,0,1,2,129,2854.09,0,0
TXN0004862,CUST00841,1075.0,12,UPI,Chennai,Android,0,0,0,3,40,1129.09,0,0
TXN0004863,CUST01939,1113.63,18,Debit Card,Mumbai,Web,0,1,1,4,2339,7036.52,0,0
TXN0004864,CUST01574,1855.08,9,Credit Card,Gurugram,Android,1,0,0,3,81,4519.56,1,0
TXN0004865,CUST02287,2013.29,0,Net Banking,Bengaluru,iOS,0,0,0,2,1234,4843.03,0,0
TXN0004866,CUST02489,1140.07,22,UPI,Pune,Android,0,0,4,4,258,1202.46,0,0
TXN0004867,CUST00148,1369.76,0,UPI,Gurugram,Android,0,0,0,2,1148,1864.89,0,0
TXN0004868,CUST01033,6903.79,19,UPI,Noida,Android,1,0,0,1,589,2088.77,0,0
TXN0004869,CUST01312,7187.13,8,Wallet,Jaipur,Android,0,0,1,7,30,975.58,0,0
TXN0004870,CUST00388,2315.95,12,Credit Card,Chennai,Android,0,0,0,6,1455,1409.54,0,0
TXN0004871,CUST01874,470.73,19,Credit Card,Pune,iOS,0,0,1,2,883,1412.73,0,0
TXN0004872,CUST00916,3084.19,8,UPI,Bengaluru,Android,0,0,1,3,374,2663.4,0,0
TXN0004873,CUST01879,8517.04,20,Credit Card,Chennai,Web,1,0,0,3,541,1143.54,1,0
TXN0004874,CUST00278,7082.08,14,UPI,Pune,Web,0,0,0,2,238,2536.26,0,0
TXN0004875,CUST01978,3751.71,11,UPI,Bengaluru,Android,0,0,1,5,94,1998.64,1,0
TXN0004876,CUST01860,7464.88,17,Debit Card,Jaipur,iOS,1,0,0,4,35,1386.4,0,0
TXN0004877,CUST01826,1898.7,11,UPI,Mumbai,Android,0,0,1,1,466,611.28,0,0
TXN0004878,CUST01834,3373.29,11,Credit Card,Jaipur,Android,0,0,1,2,118,1090.09,0,0
TXN0004879,CUST00618,911.2,18,Debit Card,Gurugram,Web,0,0,1,4,262,466.18,0,0
TXN0004880,CUST01631,2411.03,10,Wallet,Kolkata,Web,1,0,0,3,215,1451.68,0,0
TXN0004881,CUST02183,6802.71,8,Debit Card,Hyderabad,iOS,0,0,1,6,282,1581.9,0,0
TXN0004882,CUST00580,998.36,19,UPI,Bengaluru,Web,0,0,0,2,111,772.71,1,0
TXN0004883,CUST01171,760.59,19,Credit Card,Hyderabad,iOS,0,0,1,1,917,1250.48,0,0
TXN0004884,CUST00490,1984.32,14,UPI,Gurugram,iOS,1,0,2,1,794,1350.07,0,0
TXN0004885,CUST01183,1434.94,15,UPI,Gurugram,Android,0,0,0,4,1024,2521.61,0,0
TXN0004886,CUST00384,3445.04,18,Credit Card,Pune,Android,0,0,2,2,400,2552.38,0,0
TXN0004887,CUST00163,1144.0,14,Debit Card,Gurugram,Android,0,0,0,5,729,1795.05,0,0
TXN0004888,CUST02489,10036.48,12,UPI,Gurugram,Android,0,0,0,4,86,2302.05,0,0
TXN0004889,CUST01877,495.65,23,UPI,Pune,iOS,0,0,2,6,535,2173.87,0,0
TXN0004890,CUST01213,6306.13,7,Credit Card,Chennai,Android,1,0,1,6,1632,502.02,1,0
TXN0004891,CUST02463,837.73,16,UPI,Bengaluru,iOS,0,0,0,4,219,910.43,0,0
TXN0004892,CUST01363,298.74,20,Credit Card,Delhi,Android,0,0,1,1,569,1376.42,0,0
TXN0004893,CUST01631,2283.39,17,UPI,Hyderabad,Android,0,0,1,5,149,2231.8,0,1
TXN0004894,CUST01205,1395.4,20,UPI,Delhi,Android,0,0,0,2,212,944.86,0,0
TXN0004895,CUST00288,593.44,11,Credit Card,Delhi,Android,0,0,0,2,1837,1665.06,0,0
TXN0004896,CUST01858,335.01,10,Wallet,Pune,Web,0,0,0,3,56,1788.69,0,0
TXN0004897,CUST00187,1785.01,20,Debit Card,Chennai,iOS,0,0,0,6,884,3138.98,0,0
TXN0004898,CUST01908,4776.1,12,Debit Card,Kolkata,Android,0,0,0,3,1246,2355.09,0,0
TXN0004899,CUST01162,3230.83,18,UPI,Delhi,iOS,0,0,0,4,547,2502.67,0,0
TXN0004900,CUST00130,1905.02,7,Wallet,Delhi,Android,0,0,0,2,10,2985.44,0,0
TXN0004901,CUST02242,2905.58,18,UPI,Noida,Android,0,0,0,4,852,1661.13,0,0
TXN0004902,CUST02364,1751.68,15,Debit Card,Pune,Web,0,0,0,4,305,3865.36,1,0
TXN0004903,CUST01888,430.87,10,UPI,Noida,iOS,1,0,0,2,874,2107.71,0,0
TXN0004904,CUST00144,434.7,14,UPI,Pune,Web,0,0,4,2,82,1084.61,0,0
TXN0004905,CUST00016,1469.05,18,UPI,Pune,Web,0,0,1,2,578,1778.55,1,0
TXN0004906,CUST02471,1532.86,0,Credit Card,Jaipur,Android,0,0,1,4,280,1490.77,1,0
TXN0004907,CUST00245,4215.5,17,UPI,Kolkata,Android,0,0,0,3,10,6612.42,1,0
TXN0004908,CUST00927,3838.54,15,Wallet,Mumbai,Android,0,0,2,7,454,714.94,0,0
TXN0004909,CUST02177,3296.69,9,UPI,Bengaluru,iOS,0,1,0,6,538,570.43,0,0
TXN0004910,CUST00907,1360.03,18,UPI,Hyderabad,Web,0,0,1,4,1562,1972.38,0,0
TXN0004911,CUST00887,452.55,10,UPI,Delhi,iOS,0,0,2,4,1535,939.2,0,0
TXN0004912,CUST00341,2717.9,10,UPI,Gurugram,Android,0,0,0,2,720,635.67,1,0
TXN0004913,CUST02052,3043.34,14,Debit Card,Gurugram,iOS,1,0,0,5,285,3480.92,0,0
TXN0004914,CUST01434,165.18,17,Credit Card,Hyderabad,iOS,0,0,0,4,17,1293.38,0,0
TXN0004915,CUST00306,781.49,21,Debit Card,Delhi,Android,1,0,1,7,756,1739.25,0,0
TXN0004916,CUST00908,901.89,7,UPI,Delhi,Android,0,0,0,5,304,1818.64,0,0
TXN0004917,CUST01372,2026.15,12,Wallet,Pune,iOS,0,0,0,7,221,1982.64,0,0
TXN0004918,CUST00321,806.08,4,UPI,Mumbai,iOS,0,0,0,5,250,2751.93,1,0
TXN0004919,CUST00559,1732.65,18,Wallet,Delhi,iOS,0,0,0,3,49,2032.06,0,0
TXN0004920,CUST01205,1458.27,13,UPI,Jaipur,Android,0,0,2,3,126,939.47,0,0
TXN0004921,CUST01410,1535.16,18,Debit Card,Mumbai,Android,0,0,1,4,744,2376.63,0,0
TXN0004922,CUST01642,879.32,11,Credit Card,Kolkata,iOS,0,0,1,5,257,680.75,0,0
TXN0004923,CUST01132,950.09,20,UPI,Hyderabad,Web,0,0,3,7,32,1101.68,0,1
TXN0004924,CUST02458,611.11,15,UPI,Kolkata,Web,0,0,0,7,210,2302.73,1,0
TXN0004925,CUST00818,2632.29,22,Credit Card,Kolkata,Android,1,0,1,5,1302,1769.71,0,0
TXN0004926,CUST01195,3186.39,5,UPI,Hyderabad,Web,0,0,2,5,1357,1188.02,1,0
TXN0004927,CUST00012,832.91,14,Credit Card,Mumbai,Android,0,0,0,5,843,995.45,0,0
TXN0004928,CUST00195,8235.28,19,Credit Card,Gurugram,Web,0,0,0,4,54,1693.63,0,0
TXN0004929,CUST02230,1314.14,16,Debit Card,Jaipur,Android,1,0,1,2,1528,900.23,0,0
TXN0004930,CUST00656,8314.26,1,Net Banking,Jaipur,iOS,0,0,0,1,1320,6495.51,1,0
TXN0004931,CUST01922,947.11,23,UPI,Bengaluru,Android,0,0,0,3,90,2521.3,1,0
TXN0004932,CUST02078,237.21,10,UPI,Delhi,Web,0,0,2,2,322,1897.0,0,0
TXN0004933,CUST01620,2691.19,9,UPI,Noida,iOS,0,0,0,2,434,2538.7,1,0
TXN0004934,CUST01120,2307.89,14,Debit Card,Hyderabad,Android,0,0,2,1,10,2336.41,0,0
TXN0004935,CUST00778,1862.99,15,Wallet,Gurugram,Android,0,0,0,1,207,2308.21,1,0
TXN0004936,CUST00444,947.01,19,Net Banking,Noida,Android,0,0,2,5,194,1177.21,0,0
TXN0004937,CUST00298,1738.83,12,Net Banking,Kolkata,Android,0,1,1,2,459,1138.22,1,0
TXN0004938,CUST00808,1079.53,13,Wallet,Gurugram,Android,1,0,0,3,10,945.98,0,0
TXN0004939,CUST01761,1330.34,15,Net Banking,Mumbai,Android,1,0,0,1,357,2542.65,0,0
TXN0004940,CUST00845,4176.27,12,UPI,Hyderabad,Web,0,0,0,5,240,1866.6,1,0
TXN0004941,CUST01016,2164.1,21,Net Banking,Chennai,Web,0,1,1,2,488,775.78,0,0
TXN0004942,CUST01385,3312.62,20,Debit Card,Chennai,Android,0,1,0,2,280,2383.17,1,0
TXN0004943,CUST01398,1427.49,13,UPI,Delhi,Android,0,0,0,6,114,1621.52,0,0
TXN0004944,CUST00554,1278.6,0,UPI,Gurugram,Android,0,0,1,4,868,407.59,0,0
TXN0004945,CUST02351,567.96,21,UPI,Gurugram,Android,1,0,1,2,68,2258.02,1,0
TXN0004946,CUST00421,1243.28,7,Debit Card,Chennai,Web,0,0,1,3,500,931.97,0,0
TXN0004947,CUST01270,65.0,9,Credit Card,Jaipur,Android,0,0,0,2,104,1831.5,0,0
TXN0004948,CUST01261,997.57,8,UPI,Bengaluru,iOS,0,1,1,8,967,4727.34,0,0
TXN0004949,CUST00185,1658.5,8,Debit Card,Noida,Android,0,0,0,2,383,602.92,0,0
TXN0004950,CUST00468,3162.81,19,UPI,Kolkata,iOS,0,0,3,5,711,2390.36,0,0
TXN0004951,CUST02411,1375.9,16,Debit Card,Chennai,Web,0,0,2,6,180,928.7,0,1
TXN0004952,CUST01307,2548.39,22,Debit Card,Delhi,Android,0,0,0,5,51,1129.64,0,0
TXN0004953,CUST01577,203.52,9,Net Banking,Kolkata,Web,0,0,1,5,259,389.02,0,0
TXN0004954,CUST00336,1700.55,14,UPI,Delhi,Android,0,0,2,1,333,2194.96,1,0
TXN0004955,CUST02210,335.64,23,Wallet,Delhi,Android,0,0,1,5,849,950.91,1,0
TXN0004956,CUST01498,537.67,19,UPI,Gurugram,Web,1,0,0,2,189,1688.75,1,0
TXN0004957,CUST02060,1492.75,18,UPI,Pune,iOS,1,0,0,5,1487,2457.26,0,0
TXN0004958,CUST01448,6449.81,8,UPI,Kolkata,Android,0,0,3,2,1528,4416.94,1,0
TXN0004959,CUST00588,2609.07,19,Credit Card,Mumbai,Android,0,0,0,4,248,4078.05,0,0
TXN0004960,CUST01882,1833.12,11,Net Banking,Noida,Android,0,0,0,4,157,726.57,1,0
TXN0004961,CUST00201,1765.19,15,Credit Card,Kolkata,iOS,0,1,1,8,868,1864.64,1,0
TXN0004962,CUST00522,881.75,16,Wallet,Chennai,Web,0,0,0,7,388,8305.73,0,0
TXN0004963,CUST01888,1044.78,16,UPI,Noida,Android,0,0,0,6,410,2104.73,0,0
TXN0004964,CUST01712,2759.81,18,UPI,Mumbai,iOS,0,1,2,1,937,2005.05,0,0
TXN0004965,CUST00788,450.42,17,Credit Card,Pune,Android,1,0,1,5,336,2197.51,0,0
TXN0004966,CUST00060,3257.11,4,UPI,Hyderabad,iOS,0,0,0,4,415,1503.72,0,0
TXN0004967,CUST00578,1220.52,13,Net Banking,Kolkata,Android,0,0,0,4,894,3513.88,1,0
TXN0004968,CUST00321,4109.67,17,Debit Card,Pune,Android,0,0,0,4,156,1377.88,1,0
TXN0004969,CUST01459,4706.2,10,UPI,Pune,Android,0,0,0,5,1534,2827.57,0,0
TXN0004970,CUST02038,337.8,10,Debit Card,Chennai,Android,0,0,1,7,576,718.98,0,0
TXN0004971,CUST00923,1006.23,7,UPI,Chennai,Android,0,0,1,4,643,454.68,0,0
TXN0004972,CUST01410,765.11,12,UPI,Mumbai,Android,0,0,0,6,1910,1383.76,0,0
TXN0004973,CUST01695,293.77,23,Credit Card,Kolkata,Android,0,0,0,4,43,751.12,0,0
TXN0004974,CUST00569,640.99,10,Credit Card,Kolkata,Android,1,0,1,3,158,497.71,0,0
TXN0004975,CUST01102,20677.42,15,Net Banking,Noida,iOS,0,1,0,1,605,4600.0,0,0
TXN0004976,CUST00527,3311.15,18,UPI,Hyderabad,Android,0,0,0,2,81,2439.53,0,0
TXN0004977,CUST02173,12244.47,0,Credit Card,Gurugram,Android,0,0,1,2,305,1686.21,0,0
TXN0004978,CUST00871,4124.25,21,UPI,Jaipur,Web,0,0,0,5,560,1401.32,1,0
TXN0004979,CUST00280,857.22,12,UPI,Bengaluru,Android,0,0,3,5,96,2969.48,1,0
TXN0004980,CUST01893,1228.77,20,Credit Card,Bengaluru,Android,0,0,0,10,276,3415.51,1,0
TXN0004981,CUST01752,3242.11,2,UPI,Mumbai,iOS,0,0,0,2,459,825.09,0,0
TXN0004982,CUST00674,2787.91,7,Debit Card,Jaipur,Android,0,0,0,2,816,1215.84,0,0
TXN0004983,CUST01152,1010.5,11,Credit Card,Kolkata,iOS,0,0,0,4,28,1358.3,1,0
TXN0004984,CUST02362,397.64,11,UPI,Jaipur,Android,0,0,0,8,113,2715.57,1,0
TXN0004985,CUST00332,48209.1,20,Credit Card,Mumbai,Android,0,0,0,5,265,1322.98,0,0
TXN0004986,CUST01174,1563.05,0,UPI,Kolkata,Web,1,0,0,2,38,1951.3,0,0
TXN0004987,CUST02040,1299.59,17,Wallet,Bengaluru,Android,1,0,2,2,427,1436.83,0,0
TXN0004988,CUST01478,2016.01,7,UPI,Delhi,Android,0,0,1,3,1084,2833.69,1,0
TXN0004989,CUST00036,1412.07,19,UPI,Noida,Android,0,0,0,4,525,2539.08,0,0
TXN0004990,CUST01709,2035.04,19,Credit Card,Noida,Android,0,0,1,6,1566,1159.88,1,0
TXN0004991,CUST01444,6519.08,14,Net Banking,Jaipur,Android,0,0,1,5,462,934.77,0,0
TXN0004992,CUST02254,1589.21,9,Debit Card,Delhi,Android,0,0,1,4,461,852.45,0,0
TXN0004993,CUST01380,562.75,17,UPI,Pune,iOS,0,0,1,4,1035,4603.7,0,0
TXN0004994,CUST00440,1531.34,8,UPI,Hyderabad,iOS,0,0,0,4,1939,8581.17,1,0
TXN0004995,CUST01120,1131.32,8,Credit Card,Chennai,Android,0,0,0,1,1355,3307.49,0,0
TXN0004996,CUST00164,7475.91,16,Debit Card,Noida,iOS,0,0,1,5,107,526.9,1,0
TXN0004997,CUST00148,5806.08,23,UPI,Noida,Web,1,0,0,2,3000,1014.95,0,0
TXN0004998,CUST02342,2004.33,21,UPI,Kolkata,Web,0,0,0,5,262,935.71,0,0
TXN0004999,CUST00195,501.1,16,UPI,Chennai,Android,1,0,0,4,243,1311.33,0,0
TXN0005000,CUST00663,528.29,15,UPI,Pune,Web,0,0,2,3,761,394.01,0,0
TXN0005001,CUST00480,1827.43,23,Credit Card,Noida,Android,0,0,1,1,400,782.45,1,0
TXN0005002,CUST00123,2519.62,15,UPI,Chennai,iOS,0,0,2,1,55,4664.85,0,0
TXN0005003,CUST01424,1237.59,13,UPI,Bengaluru,iOS,0,0,0,4,1079,2370.62,0,1
TXN0005004,CUST00965,1113.62,21,UPI,Gurugram,Web,1,0,1,6,1199,1659.19,0,0
TXN0005005,CUST01779,995.0,9,UPI,Gurugram,Android,1,0,3,1,1118,1215.14,0,0
TXN0005006,CUST01486,1758.38,6,UPI,Jaipur,iOS,0,0,0,6,476,1236.32,0,0
TXN0005007,CUST02015,166.13,17,Credit Card,Delhi,Android,0,0,1,4,209,2240.55,1,0
TXN0005008,CUST00710,598.37,6,Wallet,Kolkata,Web,0,0,0,2,1157,1707.27,0,0
TXN0005009,CUST02444,961.5,12,UPI,Hyderabad,Web,0,0,2,2,1368,923.31,0,0
TXN0005010,CUST00912,6021.22,13,Credit Card,Pune,Android,0,0,1,2,1503,2803.45,1,0
TXN0005011,CUST01361,797.7,15,Debit Card,Kolkata,Android,0,1,0,5,675,1041.69,0,0
TXN0005012,CUST02365,2156.0,23,UPI,Noida,Android,0,0,0,3,459,3215.16,0,0
TXN0005013,CUST01735,2257.66,9,UPI,Chennai,Android,0,1,1,3,10,733.05,0,0
TXN0005014,CUST01824,6590.99,12,UPI,Chennai,Web,1,0,1,3,79,888.84,0,0
TXN0005015,CUST01580,6362.14,7,Credit Card,Pune,Android,0,0,0,3,399,2941.49,0,0
TXN0005016,CUST00681,1699.41,16,Credit Card,Kolkata,Android,0,0,0,5,772,1047.54,0,0
TXN0005017,CUST01334,1118.85,18,UPI,Chennai,iOS,1,0,1,4,30,3713.19,1,0
TXN0005018,CUST00556,926.77,14,Debit Card,Chennai,iOS,0,0,0,3,465,2366.93,0,0
TXN0005019,CUST00610,1414.43,9,Debit Card,Hyderabad,Android,0,1,0,1,366,3433.46,0,0
TXN0005020,CUST02157,1166.2,16,UPI,Delhi,Android,0,1,0,6,92,1466.62,0,1
TXN0005021,CUST00372,3131.19,15,Debit Card,Kolkata,iOS,0,0,0,3,324,793.95,0,0
TXN0005022,CUST00616,2740.38,8,UPI,Kolkata,Android,0,0,0,3,263,844.07,1,0
TXN0005023,CUST01915,3253.03,12,Debit Card,Pune,Android,0,0,0,5,1021,3101.44,1,0
TXN0005024,CUST02254,6341.21,13,UPI,Jaipur,Android,0,0,0,4,130,1126.51,0,0
TXN0005025,CUST00847,11595.95,23,Debit Card,Mumbai,Web,0,0,1,5,2510,1709.44,1,0
TXN0005026,CUST00043,2038.98,20,UPI,Mumbai,Android,0,0,2,1,1396,788.72,0,0
TXN0005027,CUST00865,5404.6,18,Credit Card,Pune,Web,0,0,1,1,789,2425.28,0,0
TXN0005028,CUST01269,1266.33,21,UPI,Gurugram,iOS,0,0,0,4,965,575.41,0,0
TXN0005029,CUST01379,5887.28,18,Debit Card,Chennai,Android,1,0,2,2,61,3662.52,0,0
TXN0005030,CUST00785,5203.31,21,UPI,Kolkata,iOS,0,0,0,3,879,688.57,0,0
TXN0005031,CUST00476,4934.26,3,UPI,Mumbai,Android,0,0,0,4,134,826.45,0,1
TXN0005032,CUST00083,1977.55,13,UPI,Pune,Web,0,0,0,6,1293,1472.67,0,0
TXN0005033,CUST01134,922.59,18,UPI,Pune,Web,0,0,1,2,305,6874.83,0,0
TXN0005034,CUST02238,446.31,16,Debit Card,Jaipur,Android,0,0,0,3,697,1204.45,1,0
TXN0005035,CUST00800,1729.36,8,Net Banking,Pune,iOS,0,0,1,1,889,1207.44,0,0
TXN0005036,CUST00936,8337.8,11,Debit Card,Pune,Android,0,0,2,2,428,1304.46,0,0
TXN0005037,CUST02299,1320.41,10,Wallet,Hyderabad,Android,0,0,0,1,328,4712.86,0,0
TXN0005038,CUST02339,3946.83,9,UPI,Chennai,Android,0,0,0,3,326,5200.79,0,0
TXN0005039,CUST01669,4185.97,11,UPI,Hyderabad,iOS,0,0,1,4,1221,2718.91,1,0
TXN0005040,CUST00326,1355.41,14,Credit Card,Pune,Android,0,0,0,2,2244,2752.99,1,0
TXN0005041,CUST01535,6713.57,20,Net Banking,Gurugram,Android,0,1,0,1,731,1123.04,0,0
TXN0005042,CUST01986,98.19,18,Debit Card,Chennai,Web,0,0,1,4,375,868.03,0,0
TXN0005043,CUST01965,529.95,20,UPI,Chennai,iOS,0,0,0,4,161,3653.39,0,0
TXN0005044,CUST00837,720.47,20,UPI,Bengaluru,Web,0,0,1,5,423,2563.99,0,0
TXN0005045,CUST00508,793.0,12,UPI,Kolkata,Android,0,0,1,1,86,1691.96,0,0
TXN0005046,CUST02120,2519.47,11,UPI,Chennai,iOS,0,0,1,6,1302,1418.8,0,0
TXN0005047,CUST01271,2405.66,3,Debit Card,Mumbai,Web,1,0,1,8,1074,1513.41,1,0
TXN0005048,CUST00641,2669.2,21,UPI,Gurugram,Android,0,0,0,3,899,2343.63,0,0
TXN0005049,CUST01879,3266.99,4,Debit Card,Chennai,iOS,0,0,2,4,77,4872.65,1,0
TXN0005050,CUST00608,696.06,18,Net Banking,Kolkata,Android,0,0,0,8,443,1539.17,1,0
TXN0005051,CUST01959,532.38,12,Wallet,Kolkata,iOS,0,0,0,4,360,531.95,1,0
TXN0005052,CUST00566,2675.42,22,Wallet,Jaipur,iOS,1,0,1,8,156,2557.73,0,0
TXN0005053,CUST01368,958.44,13,UPI,Noida,Web,0,0,0,5,651,3297.27,0,0
TXN0005054,CUST02102,374.3,19,Net Banking,Hyderabad,Android,0,1,1,2,1439,7041.32,0,0
TXN0005055,CUST01754,4754.69,10,UPI,Kolkata,Web,1,0,0,2,510,2043.5,1,0
TXN0005056,CUST01582,7263.69,10,Wallet,Bengaluru,Android,0,0,1,1,1490,1103.12,0,0
TXN0005057,CUST01987,8541.59,16,UPI,Gurugram,Android,0,0,0,2,1115,1060.69,1,0
TXN0005058,CUST02241,2170.15,23,UPI,Noida,Android,0,0,0,5,323,1770.88,0,0
TXN0005059,CUST02106,3365.98,14,UPI,Jaipur,Android,0,1,1,1,31,834.28,1,0
TXN0005060,CUST00129,7082.7,22,UPI,Gurugram,Android,0,0,0,1,363,1816.91,0,0
TXN0005061,CUST01873,947.78,19,Net Banking,Mumbai,Web,0,0,0,3,366,3225.5,1,0
TXN0005062,CUST00706,5465.55,19,Debit Card,Hyderabad,Android,1,1,0,4,284,5751.39,0,0
TXN0005063,CUST00852,2370.69,13,Credit Card,Delhi,Android,0,0,2,6,150,1727.99,0,0
TXN0005064,CUST00008,4488.41,12,Credit Card,Noida,Web,0,0,1,2,406,566.6,0,0
TXN0005065,CUST02077,2168.16,8,Debit Card,Hyderabad,Android,0,0,0,1,851,1741.25,1,0
TXN0005066,CUST01136,6580.06,22,UPI,Hyderabad,iOS,0,0,0,7,429,613.5,0,0
TXN0005067,CUST02179,2250.86,22,Debit Card,Kolkata,Android,0,1,1,3,244,2358.24,0,0
TXN0005068,CUST02236,408.12,18,Credit Card,Pune,Android,0,0,0,1,84,3807.34,0,0
TXN0005069,CUST01699,7688.4,10,Credit Card,Bengaluru,Android,0,0,1,4,670,3164.29,0,0
TXN0005070,CUST01499,697.85,9,Net Banking,Noida,Android,0,0,0,5,1205,800.63,0,0
TXN0005071,CUST02260,6301.86,23,UPI,Mumbai,iOS,0,0,0,2,422,710.89,0,0
TXN0005072,CUST01645,1644.68,4,UPI,Delhi,iOS,0,0,2,6,85,1003.99,1,0
TXN0005073,CUST00276,5834.55,20,Wallet,Mumbai,Web,0,0,0,6,156,1554.77,0,0
TXN0005074,CUST01703,5598.82,11,Wallet,Gurugram,Android,0,0,1,5,741,383.97,0,0
TXN0005075,CUST01796,2767.46,12,Net Banking,Chennai,Android,0,0,1,2,87,1696.9,0,0
TXN0005076,CUST00243,2993.14,20,Credit Card,Chennai,iOS,0,0,0,6,427,992.09,0,0
TXN0005077,CUST00171,2746.74,6,UPI,Pune,Android,0,0,0,1,18,1119.61,0,0
TXN0005078,CUST00653,240.26,11,UPI,Bengaluru,Web,0,0,1,2,212,809.21,0,0
TXN0005079,CUST01933,2026.11,22,UPI,Delhi,Android,0,0,1,1,117,437.22,0,0
TXN0005080,CUST02236,589.62,18,Debit Card,Noida,Web,0,0,1,4,341,2093.83,1,0
TXN0005081,CUST01110,2136.08,18,UPI,Kolkata,Android,0,0,2,4,642,4305.31,1,0
TXN0005082,CUST01500,573.98,18,Credit Card,Noida,Android,1,0,0,4,281,993.24,0,0
TXN0005083,CUST02100,550.37,3,Wallet,Gurugram,Android,0,1,0,3,662,1640.35,1,0
TXN0005084,CUST02159,8959.56,8,Net Banking,Mumbai,Android,0,0,1,2,386,2008.51,0,0
TXN0005085,CUST01973,5244.78,14,UPI,Chennai,iOS,0,0,0,3,867,1568.44,1,0
TXN0005086,CUST01067,1792.56,11,UPI,Mumbai,Web,0,0,3,6,87,3546.94,1,1
TXN0005087,CUST02259,2165.29,12,Debit Card,Noida,Android,1,0,0,6,613,2327.52,0,0
TXN0005088,CUST02036,1404.77,19,Credit Card,Hyderabad,Android,1,0,2,4,1245,6419.74,0,0
TXN0005089,CUST00858,3182.49,0,Debit Card,Hyderabad,Android,0,0,0,3,1416,1828.89,0,0
TXN0005090,CUST01050,915.52,17,Debit Card,Jaipur,Android,0,1,2,3,1397,2200.98,0,0
TXN0005091,CUST00299,4862.37,0,UPI,Noida,Android,0,0,0,2,1481,1489.77,1,0
TXN0005092,CUST00924,1397.52,4,UPI,Kolkata,iOS,0,1,1,3,1305,2991.07,0,0
TXN0005093,CUST00137,1182.87,12,UPI,Delhi,iOS,0,0,0,2,899,2111.92,0,0
TXN0005094,CUST01044,1839.51,20,Credit Card,Kolkata,iOS,0,0,1,2,132,1548.55,1,0
TXN0005095,CUST02488,996.65,7,UPI,Jaipur,iOS,0,0,3,2,418,1755.03,0,0
TXN0005096,CUST00211,2500.45,15,Debit Card,Bengaluru,Web,0,0,0,3,190,3548.88,0,0
TXN0005097,CUST01575,1051.72,17,Wallet,Chennai,Android,1,0,1,3,251,574.12,0,0
TXN0005098,CUST02483,2875.74,9,UPI,Noida,Android,0,0,0,6,1329,818.71,1,0
TXN0005099,CUST00780,6072.64,14,Net Banking,Pune,Android,0,0,0,2,1848,1517.85,0,0
TXN0005100,CUST01231,876.75,21,Credit Card,Noida,Android,0,0,1,2,69,3121.51,1,0
TXN0005101,CUST02487,1579.66,14,Wallet,Chennai,Android,1,0,0,2,392,844.34,0,0
TXN0005102,CUST01803,2855.13,8,UPI,Jaipur,Android,0,0,0,3,237,1518.04,0,0
TXN0005103,CUST01066,1164.08,16,UPI,Gurugram,Android,0,0,1,2,235,1038.39,1,0
TXN0005104,CUST00411,2863.68,16,UPI,Pune,iOS,1,0,0,5,517,7477.88,0,0
TXN0005105,CUST00427,3136.74,1,UPI,Gurugram,iOS,0,0,1,1,383,1994.16,0,0
TXN0005106,CUST01472,5317.74,6,UPI,Hyderabad,Android,0,0,1,2,3000,1259.11,0,0
TXN0005107,CUST00942,981.96,8,Wallet,Mumbai,iOS,0,0,0,5,734,2403.09,1,0
TXN0005108,CUST01908,701.18,7,UPI,Noida,iOS,1,0,1,1,2249,1758.0,0,0
TXN0005109,CUST00742,1323.41,9,Net Banking,Chennai,Android,0,0,0,4,72,7255.67,1,0
TXN0005110,CUST01393,683.88,13,Credit Card,Mumbai,Web,1,0,0,1,510,1719.52,0,0
TXN0005111,CUST01244,3165.42,12,UPI,Pune,Android,0,0,2,6,2165,2087.71,0,0
TXN0005112,CUST01601,563.29,21,Credit Card,Bengaluru,iOS,0,0,1,3,241,397.57,0,0
TXN0005113,CUST01256,18556.18,16,Net Banking,Delhi,Web,0,0,1,4,442,996.54,1,0
TXN0005114,CUST00328,6577.89,20,Credit Card,Pune,iOS,1,0,0,3,813,1331.12,0,0
TXN0005115,CUST01467,1822.78,15,UPI,Noida,iOS,0,0,0,3,897,1375.92,1,0
TXN0005116,CUST02100,4285.26,6,Wallet,Delhi,Web,0,0,0,4,1185,1075.59,0,0
TXN0005117,CUST01967,350.28,13,UPI,Bengaluru,Android,0,0,0,4,818,2247.56,0,0
TXN0005118,CUST00376,22447.07,19,Debit Card,Pune,Android,0,0,0,4,2327,1000.7,0,0
TXN0005119,CUST00263,997.57,8,Credit Card,Jaipur,iOS,0,0,2,4,813,1020.32,0,0
TXN0005120,CUST00267,1595.66,6,UPI,Bengaluru,Web,0,0,0,6,36,1532.22,1,0
TXN0005121,CUST02407,281.35,11,UPI,Kolkata,iOS,0,0,1,2,778,2444.8,0,0
TXN0005122,CUST01945,2927.28,12,Wallet,Pune,Web,0,0,1,6,275,767.98,0,0
TXN0005123,CUST01894,595.38,10,Wallet,Gurugram,Android,0,0,2,2,419,2231.66,0,0
TXN0005124,CUST01902,1992.6,7,Credit Card,Pune,Web,0,0,1,4,343,2148.5,0,0
TXN0005125,CUST01653,1044.47,9,UPI,Kolkata,Web,0,0,0,4,509,2195.98,0,0
TXN0005126,CUST01445,612.65,17,UPI,Mumbai,Android,0,0,1,2,1324,919.81,0,0
TXN0005127,CUST00046,805.27,12,UPI,Jaipur,Web,0,0,0,6,116,1190.97,0,0
TXN0005128,CUST00600,2255.96,17,Credit Card,Hyderabad,Android,0,0,1,1,929,1508.19,0,0
TXN0005129,CUST00720,499.72,15,UPI,Chennai,Web,0,0,1,2,1922,1727.08,0,0
TXN0005130,CUST01913,851.27,15,UPI,Mumbai,Web,1,0,1,3,685,1473.01,0,0
TXN0005131,CUST01293,3494.04,9,UPI,Jaipur,Android,0,0,0,2,806,1955.98,0,0
TXN0005132,CUST00601,24294.9,15,Debit Card,Jaipur,Android,0,0,3,2,290,1688.75,0,0
TXN0005133,CUST00381,2901.93,1,Wallet,Jaipur,Android,1,0,1,1,427,725.49,1,0
TXN0005134,CUST00118,719.3,13,Credit Card,Kolkata,Android,0,0,1,5,801,1780.96,0,0
TXN0005135,CUST02164,1246.91,16,Debit Card,Hyderabad,Android,1,0,0,5,462,1083.78,0,0
TXN0005136,CUST00260,1857.77,8,UPI,Gurugram,Android,0,0,1,6,18,3171.09,1,0
TXN0005137,CUST01099,1269.17,9,Credit Card,Noida,Android,0,0,3,4,592,1140.69,0,0
TXN0005138,CUST01504,4440.85,9,Debit Card,Jaipur,Android,0,0,2,5,1853,682.99,0,0
TXN0005139,CUST02353,2237.28,4,Debit Card,Gurugram,Web,0,0,2,2,741,1029.89,1,0
TXN0005140,CUST02055,4462.19,11,UPI,Noida,Android,0,1,1,3,1338,2699.97,0,1
TXN0005141,CUST00366,1314.35,23,Credit Card,Chennai,iOS,0,0,1,5,142,5536.29,0,0
TXN0005142,CUST01658,6775.32,11,Wallet,Gurugram,Android,0,0,1,2,432,2020.68,0,0
TXN0005143,CUST01462,1523.94,13,Credit Card,Chennai,iOS,0,0,1,2,341,3009.85,1,0
TXN0005144,CUST02025,681.54,17,Credit Card,Noida,Web,0,0,1,2,613,654.07,0,0
TXN0005145,CUST02477,15880.74,17,Debit Card,Hyderabad,Android,1,0,0,5,93,1662.69,0,0
TXN0005146,CUST00791,290.2,22,UPI,Chennai,Android,0,1,1,2,346,2388.14,0,0
TXN0005147,CUST00747,859.89,20,Credit Card,Hyderabad,iOS,0,0,1,6,712,2164.17,0,0
TXN0005148,CUST02415,961.52,19,Net Banking,Mumbai,Android,0,0,0,5,448,785.56,1,0
TXN0005149,CUST00313,22111.39,22,UPI,Hyderabad,Android,0,0,0,4,79,1085.51,1,0
TXN0005150,CUST00538,10964.31,9,UPI,Chennai,Android,1,0,0,1,463,697.22,0,0
TXN0005151,CUST00921,8018.21,16,Credit Card,Pune,Android,0,0,1,1,797,1588.31,1,0
TXN0005152,CUST01078,1293.21,21,UPI,Hyderabad,iOS,0,0,1,2,654,872.19,1,0
TXN0005153,CUST01491,20367.99,16,Credit Card,Jaipur,Web,0,0,0,4,927,2355.99,1,0
TXN0005154,CUST02382,2601.63,23,UPI,Hyderabad,iOS,0,0,0,2,255,460.1,0,0
TXN0005155,CUST00798,4782.91,6,Credit Card,Pune,Android,1,1,0,1,911,1867.69,0,0
TXN0005156,CUST00348,2154.33,13,Credit Card,Kolkata,Android,1,0,2,7,548,366.82,0,0
TXN0005157,CUST00273,1713.13,23,UPI,Kolkata,Web,0,0,0,6,806,3462.45,0,0
TXN0005158,CUST00720,1399.35,12,UPI,Hyderabad,Web,0,0,0,1,365,1153.89,0,0
TXN0005159,CUST01774,1459.58,18,UPI,Chennai,Android,0,0,0,3,129,1447.25,1,0
TXN0005160,CUST00685,3307.78,1,UPI,Bengaluru,Web,0,0,2,7,2813,1336.36,0,0
TXN0005161,CUST02127,2598.64,18,Credit Card,Chennai,Web,0,0,0,3,998,9478.33,0,0
TXN0005162,CUST00622,1744.23,21,UPI,Jaipur,Android,0,0,2,7,862,1285.96,1,0
TXN0005163,CUST02040,8144.24,12,Debit Card,Chennai,iOS,0,0,0,2,1511,2272.07,1,0
TXN0005164,CUST00947,92.65,0,Debit Card,Hyderabad,iOS,0,0,0,5,2201,2527.19,0,0
TXN0005165,CUST02406,2997.19,1,UPI,Pune,Android,0,0,1,4,279,968.33,0,0
TXN0005166,CUST00507,3689.63,21,UPI,Chennai,Android,0,0,1,3,54,4212.44,0,0
TXN0005167,CUST01583,5667.51,18,UPI,Noida,Android,0,1,1,4,716,408.93,0,0
TXN0005168,CUST00244,1686.94,6,Credit Card,Mumbai,Web,0,0,0,3,1193,1250.28,0,0
TXN0005169,CUST00506,2216.01,3,UPI,Pune,Web,0,0,0,8,705,1470.01,0,0
TXN0005170,CUST00422,4824.63,19,UPI,Mumbai,Android,0,0,1,1,486,1317.92,1,0
TXN0005171,CUST02265,7996.09,19,UPI,Pune,Android,0,0,1,2,473,1086.67,1,0
TXN0005172,CUST01873,1332.76,7,Net Banking,Hyderabad,Android,0,0,2,2,90,812.92,0,0
TXN0005173,CUST01193,2350.82,10,Debit Card,Delhi,Android,0,0,0,2,143,1880.53,0,0
TXN0005174,CUST00330,9644.24,19,Debit Card,Pune,iOS,0,0,2,2,110,1179.17,0,0
TXN0005175,CUST00650,215.19,15,UPI,Bengaluru,Android,0,1,0,3,314,1582.62,0,0
TXN0005176,CUST01465,902.83,22,UPI,Kolkata,Android,0,0,1,7,451,2594.41,0,0
TXN0005177,CUST00391,7796.09,14,UPI,Bengaluru,Android,0,0,1,1,417,531.59,1,0
TXN0005178,CUST01520,5367.3,17,Net Banking,Jaipur,iOS,1,0,2,2,200,1915.34,0,0
TXN0005179,CUST00381,3035.06,14,UPI,Hyderabad,iOS,0,0,0,5,128,1547.96,0,0
TXN0005180,CUST00742,1149.34,22,UPI,Gurugram,Android,0,0,1,4,547,1260.03,0,0
TXN0005181,CUST02011,745.25,12,UPI,Kolkata,iOS,0,0,1,2,238,1742.7,0,0
TXN0005182,CUST00820,996.58,9,Debit Card,Hyderabad,iOS,0,1,0,8,58,1471.96,0,0
TXN0005183,CUST00673,8463.77,11,UPI,Mumbai,Android,0,0,1,1,544,2478.89,0,0
TXN0005184,CUST01772,960.16,20,Credit Card,Chennai,Web,0,0,1,5,936,2761.21,0,0
TXN0005185,CUST01212,1992.14,14,Net Banking,Noida,Android,0,0,0,2,34,1895.82,0,0
TXN0005186,CUST00930,847.11,11,UPI,Mumbai,Web,0,0,1,5,243,1003.69,0,0
TXN0005187,CUST01540,4181.04,15,Credit Card,Gurugram,Android,0,0,1,1,129,1461.66,0,0
TXN0005188,CUST00913,1050.28,7,Credit Card,Chennai,Android,0,0,0,3,713,444.73,0,0
TXN0005189,CUST00644,1632.63,0,Debit Card,Pune,Android,0,0,0,4,1280,2322.8,0,0
TXN0005190,CUST00427,334.34,10,UPI,Kolkata,Android,0,0,1,1,119,1832.37,0,0
TXN0005191,CUST00502,358.59,16,UPI,Gurugram,Web,0,0,1,7,1575,1753.1,0,0
TXN0005192,CUST00730,1813.86,18,Debit Card,Kolkata,Android,0,0,1,4,198,1140.32,0,0
TXN0005193,CUST01284,478.37,19,UPI,Hyderabad,iOS,0,0,0,2,127,4699.28,1,0
TXN0005194,CUST02119,14774.07,21,Wallet,Chennai,Web,0,0,1,2,2221,4600.05,0,0
TXN0005195,CUST00457,229.07,12,Credit Card,Bengaluru,Android,0,0,0,5,902,2974.54,0,0
TXN0005196,CUST02237,808.65,18,Credit Card,Delhi,Web,1,0,0,3,263,853.67,0,0
TXN0005197,CUST00291,1830.31,5,UPI,Bengaluru,Android,0,1,1,2,508,1185.02,0,0
TXN0005198,CUST00920,1249.39,3,Debit Card,Delhi,Web,0,0,0,7,472,2743.09,0,0
TXN0005199,CUST02340,596.69,7,Debit Card,Chennai,iOS,0,0,0,2,88,1434.18,0,0
TXN0005200,CUST01970,690.64,13,Credit Card,Kolkata,iOS,0,0,0,4,1686,3514.98,0,0
TXN0005201,CUST00756,668.4,9,UPI,Gurugram,Android,0,0,2,3,508,606.12,0,0
TXN0005202,CUST01659,1351.3,10,Net Banking,Hyderabad,iOS,0,0,2,4,796,480.62,1,0
TXN0005203,CUST01835,12676.07,17,UPI,Jaipur,Android,0,0,0,2,954,4562.53,0,0
TXN0005204,CUST01307,1945.9,11,UPI,Jaipur,iOS,0,0,2,2,503,4306.15,0,0
TXN0005205,CUST01568,5874.89,15,Net Banking,Delhi,Android,0,0,0,3,248,1143.37,0,0
TXN0005206,CUST01870,2988.47,12,Debit Card,Kolkata,Android,0,0,1,5,466,3392.15,0,0
TXN0005207,CUST00377,5482.98,8,UPI,Bengaluru,Android,0,0,0,9,2298,2769.78,0,0
TXN0005208,CUST01180,109.46,5,Wallet,Delhi,Web,0,0,1,3,975,2087.62,0,0
TXN0005209,CUST00508,1327.54,9,UPI,Hyderabad,iOS,1,0,1,1,3000,3005.3,1,0
TXN0005210,CUST01437,6652.03,3,UPI,Gurugram,iOS,0,0,0,3,90,853.52,0,0
TXN0005211,CUST00559,1016.18,16,Debit Card,Pune,Web,0,0,0,7,62,932.36,0,0
TXN0005212,CUST02308,10488.29,19,UPI,Pune,iOS,0,0,0,2,736,1467.33,0,0
TXN0005213,CUST00421,7938.12,11,Wallet,Kolkata,Android,0,0,2,5,654,2701.09,0,0
TXN0005214,CUST01553,1125.98,12,Debit Card,Delhi,iOS,0,0,0,6,229,2196.4,1,0
TXN0005215,CUST00304,1088.31,19,UPI,Chennai,Web,0,0,0,8,342,1437.52,1,0
TXN0005216,CUST00942,653.23,9,Wallet,Hyderabad,Android,0,1,1,3,120,1295.12,1,1
TXN0005217,CUST01302,959.05,7,UPI,Hyderabad,iOS,0,0,0,3,282,1924.07,0,0
TXN0005218,CUST01090,524.77,14,Credit Card,Kolkata,iOS,0,0,3,4,1585,2640.63,0,0
TXN0005219,CUST02156,2763.78,17,Wallet,Mumbai,Android,1,0,3,7,270,3364.19,0,0
TXN0005220,CUST02316,419.68,16,Debit Card,Chennai,Web,0,0,0,4,138,581.66,0,0
TXN0005221,CUST02270,3292.08,18,UPI,Kolkata,Android,0,0,0,2,184,880.23,1,0
TXN0005222,CUST01828,3373.21,3,UPI,Bengaluru,Android,0,0,0,3,419,1189.11,1,0
TXN0005223,CUST01554,341.84,13,UPI,Mumbai,Web,1,1,2,2,386,3466.24,1,0
TXN0005224,CUST00693,8479.11,9,Credit Card,Delhi,iOS,0,0,1,4,60,1438.04,0,0
TXN0005225,CUST00255,3008.36,18,Credit Card,Chennai,Android,1,0,0,1,69,408.16,0,0
TXN0005226,CUST01479,3809.45,20,UPI,Chennai,Android,1,0,1,4,163,1966.66,0,0
TXN0005227,CUST02301,842.92,10,UPI,Hyderabad,Web,1,0,0,7,788,982.49,1,0
TXN0005228,CUST00257,3354.04,6,Debit Card,Noida,Android,0,0,1,3,359,1038.79,0,0
TXN0005229,CUST02431,5552.12,9,UPI,Mumbai,Android,0,0,1,2,76,605.26,1,0
TXN0005230,CUST00442,1630.98,6,UPI,Hyderabad,Android,1,0,0,1,686,1323.57,1,0
TXN0005231,CUST01882,13325.89,11,Net Banking,Chennai,Web,0,0,1,3,10,948.32,0,0
TXN0005232,CUST01114,1881.09,15,UPI,Gurugram,iOS,0,0,0,4,543,549.43,1,0
TXN0005233,CUST02438,5632.61,23,Debit Card,Bengaluru,iOS,0,0,0,4,254,3314.86,0,0
TXN0005234,CUST00582,2412.82,12,UPI,Delhi,iOS,0,0,0,5,29,1577.21,0,0
TXN0005235,CUST01736,3232.67,9,UPI,Hyderabad,Web,0,0,0,2,78,1782.09,1,0
TXN0005236,CUST00019,338.39,8,Credit Card,Jaipur,Web,0,0,1,6,828,566.15,0,0
TXN0005237,CUST01125,2608.67,8,Credit Card,Pune,iOS,0,0,1,1,169,1109.52,0,0
TXN0005238,CUST01381,863.13,8,Credit Card,Kolkata,Web,0,0,0,4,191,2185.09,1,0
TXN0005239,CUST01566,772.12,19,UPI,Hyderabad,Android,0,0,0,2,400,391.7,0,0
TXN0005240,CUST02081,10297.38,3,Credit Card,Hyderabad,Android,0,0,1,1,101,1936.72,0,0
TXN0005241,CUST01994,1453.56,23,Credit Card,Pune,Web,0,0,0,4,2081,2208.13,0,0
TXN0005242,CUST01548,660.0,15,UPI,Delhi,iOS,0,0,1,3,286,2048.51,0,0
TXN0005243,CUST00862,1256.91,15,Net Banking,Chennai,Web,0,0,1,5,354,1946.44,0,0
TXN0005244,CUST00155,490.34,11,Wallet,Bengaluru,Android,1,0,0,2,45,1259.6,1,0
TXN0005245,CUST00905,7550.93,17,Wallet,Noida,iOS,0,1,4,4,489,881.73,0,0
TXN0005246,CUST01270,897.72,14,Debit Card,Chennai,iOS,0,0,0,5,959,440.4,0,0
TXN0005247,CUST00405,3055.94,11,UPI,Kolkata,iOS,0,0,0,3,328,4036.96,0,0
TXN0005248,CUST00844,6985.9,9,Credit Card,Noida,Android,0,0,0,4,108,1832.05,0,0
TXN0005249,CUST01783,1091.59,21,Debit Card,Noida,Web,0,0,0,6,15,657.2,1,0
TXN0005250,CUST01565,3064.27,10,UPI,Mumbai,Android,0,0,0,1,255,1502.19,0,0
TXN0005251,CUST01185,642.56,13,Credit Card,Mumbai,iOS,0,0,0,1,1184,1168.7,0,0
TXN0005252,CUST00747,20770.97,11,UPI,Jaipur,iOS,0,0,2,3,63,2312.24,0,0
TXN0005253,CUST01726,4591.32,5,UPI,Chennai,Android,0,0,0,8,1874,1348.31,0,0
TXN0005254,CUST00271,1484.65,8,UPI,Bengaluru,iOS,0,0,0,4,1242,816.13,0,0
TXN0005255,CUST00770,831.07,8,Net Banking,Jaipur,Web,0,0,1,2,25,3538.67,1,0
TXN0005256,CUST01716,1606.07,18,Debit Card,Delhi,Android,1,0,0,5,51,1913.62,0,0
TXN0005257,CUST01511,1281.21,12,UPI,Noida,iOS,1,0,1,4,353,4402.68,1,0
TXN0005258,CUST00172,12688.95,19,Credit Card,Pune,Android,0,0,0,2,50,1127.28,1,0
TXN0005259,CUST00274,528.48,18,UPI,Bengaluru,Web,0,0,0,4,1840,3421.53,1,0
TXN0005260,CUST02307,2059.76,8,Credit Card,Noida,Android,0,1,1,4,13,1230.49,0,0
TXN0005261,CUST01159,1767.29,15,Wallet,Delhi,Android,0,0,1,3,1709,1218.66,0,0
TXN0005262,CUST01707,1600.6,18,Credit Card,Bengaluru,iOS,0,0,0,4,624,1317.68,0,0
TXN0005263,CUST01772,1614.73,17,Debit Card,Gurugram,Android,0,0,0,6,473,2219.18,0,0
TXN0005264,CUST00422,1602.74,16,UPI,Pune,Android,0,0,0,2,636,1690.19,0,0
TXN0005265,CUST01445,4309.63,18,Credit Card,Delhi,Web,0,0,0,5,81,1933.28,0,0
TXN0005266,CUST01210,3309.41,3,Debit Card,Gurugram,iOS,0,0,1,6,831,541.27,0,0
TXN0005267,CUST02412,2736.55,18,Debit Card,Kolkata,iOS,0,0,1,2,182,950.7,0,0
TXN0005268,CUST02426,86.62,10,Credit Card,Delhi,iOS,0,0,0,2,900,3695.7,0,0
TXN0005269,CUST00580,2429.25,16,Net Banking,Delhi,Web,0,0,3,10,1050,3586.23,0,0
TXN0005270,CUST00891,343.75,9,Debit Card,Chennai,Android,0,0,2,3,342,715.23,0,0
TXN0005271,CUST00722,3435.31,20,Debit Card,Hyderabad,Android,0,0,1,4,364,2699.48,1,0
TXN0005272,CUST00881,7863.91,14,Debit Card,Noida,Android,0,0,0,6,145,1502.53,1,0
TXN0005273,CUST01122,712.87,17,UPI,Mumbai,iOS,1,1,1,3,526,1284.47,0,0
TXN0005274,CUST02008,1385.42,19,UPI,Pune,Android,0,0,1,8,52,821.95,0,0
TXN0005275,CUST02070,988.5,21,Credit Card,Noida,iOS,0,0,0,3,207,466.43,0,0
TXN0005276,CUST01474,6191.75,18,UPI,Delhi,Android,0,1,2,1,109,785.64,1,0
TXN0005277,CUST00383,1979.44,7,Debit Card,Bengaluru,iOS,0,0,0,4,1307,1448.48,0,0
TXN0005278,CUST02182,10136.23,20,UPI,Delhi,iOS,0,1,2,4,725,1542.31,1,0
TXN0005279,CUST01450,2722.47,16,UPI,Kolkata,Android,0,1,0,3,836,2932.03,0,0
TXN0005280,CUST01591,2293.86,16,Wallet,Delhi,Android,1,0,1,3,939,1825.15,0,0
TXN0005281,CUST01787,1927.06,21,UPI,Gurugram,Web,0,0,2,3,87,838.42,0,0
TXN0005282,CUST00144,4078.7,9,UPI,Noida,iOS,0,0,0,4,1239,793.88,0,0
TXN0005283,CUST01887,316.67,9,UPI,Bengaluru,Web,1,1,0,2,630,3279.26,1,0
TXN0005284,CUST01703,1960.36,14,Debit Card,Hyderabad,Android,0,0,0,7,133,2530.06,0,0
TXN0005285,CUST01436,1678.23,18,Credit Card,Gurugram,Web,0,0,0,3,1642,1380.27,0,0
TXN0005286,CUST00224,3718.07,13,Net Banking,Jaipur,iOS,0,0,1,5,345,2254.03,0,0
TXN0005287,CUST00220,1491.95,17,UPI,Pune,Android,0,0,1,4,267,2767.25,1,0
TXN0005288,CUST00179,637.02,13,Wallet,Chennai,Android,0,0,2,1,200,503.82,0,0
TXN0005289,CUST01655,1813.28,16,UPI,Chennai,iOS,0,0,2,2,615,942.04,0,0
TXN0005290,CUST00433,609.54,19,UPI,Delhi,Android,0,0,2,1,359,1019.31,1,0
TXN0005291,CUST00265,262.51,8,Credit Card,Delhi,Web,0,0,1,2,114,761.53,1,0
TXN0005292,CUST00954,3724.41,18,UPI,Bengaluru,iOS,1,0,0,4,880,1107.07,0,0
TXN0005293,CUST00429,3211.85,19,UPI,Mumbai,Android,1,1,0,2,103,2130.62,0,0
TXN0005294,CUST02464,2871.62,13,UPI,Jaipur,Web,0,0,1,4,298,1103.74,0,0
TXN0005295,CUST02245,6624.1,11,UPI,Delhi,Android,0,0,0,3,502,2962.08,1,0
TXN0005296,CUST01578,925.66,0,Wallet,Chennai,Android,0,0,0,3,28,1193.25,0,0
TXN0005297,CUST00480,430.28,19,UPI,Bengaluru,iOS,0,0,1,1,725,1599.74,0,0
TXN0005298,CUST01354,1678.26,11,Net Banking,Kolkata,iOS,0,0,1,2,45,964.58,0,0
TXN0005299,CUST00890,1271.61,11,Wallet,Noida,Android,0,0,0,5,19,1314.17,0,0
TXN0005300,CUST00925,775.3,11,UPI,Jaipur,Android,0,0,0,4,344,1169.59,0,0
TXN0005301,CUST02171,1661.86,14,Credit Card,Pune,Android,0,0,1,8,379,1398.07,0,0
TXN0005302,CUST01903,976.46,18,Credit Card,Chennai,iOS,0,0,0,3,234,691.15,0,0
TXN0005303,CUST01411,287.02,19,Debit Card,Jaipur,iOS,0,0,1,1,310,518.64,0,0
TXN0005304,CUST01363,1157.9,12,Wallet,Chennai,iOS,0,0,0,8,51,500.53,0,0
TXN0005305,CUST00778,577.76,17,Credit Card,Delhi,iOS,0,0,0,1,582,2357.78,1,0
TXN0005306,CUST02396,2269.22,18,UPI,Pune,Android,0,0,3,2,825,1145.23,0,0
TXN0005307,CUST00029,934.03,10,Credit Card,Pune,iOS,0,0,0,2,141,2183.57,0,0
TXN0005308,CUST00035,5470.76,6,Wallet,Bengaluru,Android,0,0,0,5,118,1075.44,0,0
TXN0005309,CUST01420,8949.99,21,Debit Card,Hyderabad,Android,0,0,3,2,22,1338.5,0,0
TXN0005310,CUST00589,3550.78,17,Wallet,Hyderabad,iOS,0,0,2,2,380,2560.96,0,0
TXN0005311,CUST00904,381.65,17,Debit Card,Pune,Android,0,0,0,2,704,3243.12,0,0
TXN0005312,CUST02170,8109.07,3,UPI,Noida,Android,1,0,0,2,757,2615.37,0,0
TXN0005313,CUST00340,8701.6,19,Net Banking,Gurugram,Android,1,1,0,1,20,1105.59,1,0
TXN0005314,CUST00175,1834.14,15,Wallet,Gurugram,Android,0,0,1,2,2083,395.04,0,0
TXN0005315,CUST01924,6757.9,20,UPI,Chennai,Android,1,1,0,4,2488,569.7,0,0
TXN0005316,CUST01715,1036.77,23,UPI,Noida,Android,1,1,1,3,1052,1768.41,0,0
TXN0005317,CUST00597,278.47,22,Credit Card,Noida,Android,0,0,0,2,697,971.62,0,0
TXN0005318,CUST00451,841.56,20,Debit Card,Jaipur,Android,1,0,2,2,275,681.16,1,0
TXN0005319,CUST00557,10146.08,0,UPI,Hyderabad,Android,1,0,1,7,297,2180.75,0,0
TXN0005320,CUST01160,405.23,20,UPI,Hyderabad,Android,0,0,1,3,1428,6415.81,0,0
TXN0005321,CUST01357,1799.14,5,Credit Card,Bengaluru,iOS,0,0,1,6,193,1520.69,0,0
TXN0005322,CUST02057,1862.52,20,UPI,Chennai,Android,0,0,0,3,1249,800.82,0,0
TXN0005323,CUST02382,1077.68,10,UPI,Noida,iOS,0,0,1,3,97,1386.16,1,0
TXN0005324,CUST01017,1155.19,16,Credit Card,Noida,Android,1,0,1,3,236,768.87,0,0
TXN0005325,CUST02375,1934.86,1,Wallet,Gurugram,Android,0,0,0,4,330,1621.32,0,0
TXN0005326,CUST02063,1025.96,19,Credit Card,Delhi,Android,1,0,0,5,579,2986.88,0,0
TXN0005327,CUST00839,434.19,7,Debit Card,Hyderabad,Android,0,0,1,4,818,1819.44,0,0
TXN0005328,CUST01638,2231.82,12,Credit Card,Pune,Android,0,0,0,2,88,1424.98,0,0
TXN0005329,CUST00226,5265.38,19,Credit Card,Chennai,Android,1,1,1,4,306,1883.12,0,0
TXN0005330,CUST01814,4294.6,18,UPI,Hyderabad,Android,1,1,0,6,278,677.79,0,0
TXN0005331,CUST02161,800.96,0,UPI,Bengaluru,iOS,0,0,1,1,215,2394.91,0,1
TXN0005332,CUST02021,515.08,12,UPI,Mumbai,Android,1,0,1,5,360,1485.26,0,0
TXN0005333,CUST01452,1354.73,2,Wallet,Gurugram,Android,1,0,0,4,787,1857.58,0,0
TXN0005334,CUST02049,8632.88,17,Debit Card,Jaipur,Web,1,0,1,3,489,2406.04,0,0
TXN0005335,CUST02314,3432.83,22,Credit Card,Bengaluru,Android,0,1,3,4,421,1263.92,0,0
TXN0005336,CUST01515,3639.15,17,Wallet,Hyderabad,Android,1,0,1,2,437,2190.15,0,0
TXN0005337,CUST01232,4382.61,9,Wallet,Delhi,Android,0,0,1,5,746,2276.18,0,0
TXN0005338,CUST01646,2741.63,11,Wallet,Delhi,Android,1,0,1,2,486,1566.89,0,0
TXN0005339,CUST01736,2030.73,23,UPI,Jaipur,Android,0,0,0,4,741,4235.06,0,0
TXN0005340,CUST00306,3490.67,9,Debit Card,Gurugram,Web,0,0,1,3,419,681.94,0,0
TXN0005341,CUST02060,1042.5,15,Credit Card,Hyderabad,Web,1,0,1,7,707,2187.41,1,0
TXN0005342,CUST01724,437.5,12,Debit Card,Jaipur,Android,0,0,1,3,1132,567.9,0,0
TXN0005343,CUST01690,3709.08,19,UPI,Hyderabad,Android,0,0,0,3,49,1064.73,0,0
TXN0005344,CUST01518,6206.05,20,Debit Card,Pune,Android,1,0,3,7,838,1499.71,1,0
TXN0005345,CUST01392,588.34,11,UPI,Mumbai,Android,0,0,0,2,1009,903.56,0,0
TXN0005346,CUST00420,4094.76,17,Debit Card,Pune,iOS,0,1,1,4,825,2439.95,0,0
TXN0005347,CUST02219,9665.4,15,Debit Card,Kolkata,Android,0,0,0,3,157,4491.8,0,0
TXN0005348,CUST00134,1795.96,10,UPI,Delhi,Android,0,1,2,2,74,3826.59,0,0
TXN0005349,CUST02031,794.36,10,UPI,Noida,Android,0,0,1,6,1487,1487.78,1,0
TXN0005350,CUST01451,2035.63,15,Debit Card,Pune,Web,0,0,1,4,250,4872.71,1,0
TXN0005351,CUST01554,1037.96,8,Credit Card,Gurugram,Android,0,0,1,4,121,1252.25,0,0
TXN0005352,CUST01165,971.47,19,Credit Card,Hyderabad,Web,0,0,0,2,676,3430.68,0,0
TXN0005353,CUST01870,2775.89,4,Debit Card,Mumbai,iOS,1,0,1,4,1215,851.63,0,0
TXN0005354,CUST01820,362.06,6,Debit Card,Gurugram,Android,0,0,0,1,2545,415.93,0,0
TXN0005355,CUST01343,424.8,11,UPI,Noida,Android,0,0,0,2,469,2040.34,0,0
TXN0005356,CUST01465,1835.06,7,Credit Card,Mumbai,Android,0,0,0,3,1267,2380.98,1,0
TXN0005357,CUST02227,1760.29,14,Debit Card,Noida,Android,0,0,0,3,396,4169.43,0,0
TXN0005358,CUST01080,2537.91,12,Wallet,Noida,iOS,0,0,0,5,467,2863.76,1,0
TXN0005359,CUST01179,11740.12,18,UPI,Chennai,iOS,0,0,1,4,502,2464.68,0,0
TXN0005360,CUST01696,1998.31,22,UPI,Kolkata,Android,0,0,0,2,1243,3720.44,0,0
TXN0005361,CUST00111,3273.82,18,UPI,Kolkata,Android,0,0,1,3,165,592.21,0,0
TXN0005362,CUST02185,678.58,8,Net Banking,Hyderabad,iOS,1,0,1,3,824,1413.89,0,0
TXN0005363,CUST02280,3879.57,22,UPI,Pune,Web,0,0,0,7,247,1816.45,0,0
TXN0005364,CUST00468,1063.32,12,UPI,Jaipur,Web,1,0,1,2,61,2041.37,0,0
TXN0005365,CUST00814,1933.26,14,UPI,Pune,iOS,0,0,0,2,2244,2161.98,0,0
TXN0005366,CUST01273,1614.36,13,UPI,Pune,Android,1,0,0,4,1559,1309.16,0,0
TXN0005367,CUST00994,5056.94,10,Debit Card,Gurugram,Android,0,0,0,4,424,2513.56,0,0
TXN0005368,CUST02032,485.69,21,Credit Card,Mumbai,Android,0,0,0,6,100,4189.87,0,0
TXN0005369,CUST00323,183.52,11,Credit Card,Jaipur,iOS,0,0,0,6,1196,1022.66,0,0
TXN0005370,CUST00904,1454.05,16,UPI,Noida,Android,0,0,1,1,308,289.09,0,0
TXN0005371,CUST01542,2875.76,9,UPI,Noida,iOS,0,0,0,1,431,8606.65,0,0
TXN0005372,CUST02000,2096.05,19,Debit Card,Delhi,Web,0,1,0,4,2731,1108.37,0,0
TXN0005373,CUST01816,6171.8,19,UPI,Mumbai,Android,0,0,1,2,376,866.27,0,0
TXN0005374,CUST02477,2787.54,10,Wallet,Hyderabad,Web,0,0,0,3,95,466.0,0,0
TXN0005375,CUST00148,1024.23,17,UPI,Chennai,Android,1,0,1,2,655,1776.44,0,0
TXN0005376,CUST01142,175.94,18,UPI,Chennai,Android,0,0,1,4,480,1546.91,0,0
TXN0005377,CUST00850,1419.74,15,UPI,Pune,Web,0,1,0,2,119,4737.41,0,0
TXN0005378,CUST00367,5031.64,16,Net Banking,Kolkata,Web,0,0,0,2,125,1444.64,0,0
TXN0005379,CUST01090,1216.21,16,UPI,Delhi,iOS,0,0,0,1,1516,3386.75,0,0
TXN0005380,CUST02039,1851.71,5,Credit Card,Kolkata,Web,0,0,3,3,24,1373.83,1,0
TXN0005381,CUST00175,2743.26,17,Credit Card,Pune,Web,0,0,0,1,585,752.68,0,0
TXN0005382,CUST01855,652.13,14,UPI,Chennai,Android,0,0,1,4,937,832.61,1,0
TXN0005383,CUST00588,3356.92,13,UPI,Pune,iOS,0,0,0,5,280,1558.38,0,0
TXN0005384,CUST00495,9252.64,20,Wallet,Noida,Android,0,0,2,6,88,1095.91,0,0
TXN0005385,CUST01138,1514.33,1,UPI,Pune,Android,0,0,1,2,1519,937.8,0,0
TXN0005386,CUST01785,582.0,9,Debit Card,Chennai,iOS,0,0,0,3,181,2788.01,0,0
TXN0005387,CUST01171,1684.02,7,Net Banking,Pune,iOS,1,0,1,3,119,789.58,0,0
TXN0005388,CUST00035,194.64,1,UPI,Gurugram,Android,0,0,0,1,39,1125.55,0,0
TXN0005389,CUST00999,2521.09,10,UPI,Delhi,Android,0,0,0,2,1345,3104.79,0,0
TXN0005390,CUST01333,2829.39,23,UPI,Bengaluru,Web,1,1,1,3,465,1807.06,1,0
TXN0005391,CUST01038,9615.95,10,UPI,Bengaluru,Android,0,0,1,4,295,2191.33,1,0
TXN0005392,CUST00374,1482.59,17,UPI,Gurugram,Web,0,0,1,2,878,9799.16,1,0
TXN0005393,CUST01452,2708.17,7,Credit Card,Bengaluru,Web,1,0,1,1,448,795.49,0,0
TXN0005394,CUST01752,760.71,16,Debit Card,Pune,iOS,0,0,0,3,218,572.06,0,0
TXN0005395,CUST02281,1260.31,23,Debit Card,Gurugram,Android,1,0,2,9,294,4451.8,1,0
TXN0005396,CUST00705,391.65,10,Wallet,Jaipur,Android,0,0,0,3,853,1089.61,0,0
TXN0005397,CUST00563,1481.41,20,UPI,Chennai,Android,1,0,1,4,186,2303.06,0,0
TXN0005398,CUST01874,1326.41,23,UPI,Jaipur,iOS,0,0,0,2,461,2009.8,1,0
TXN0005399,CUST02124,2427.8,16,UPI,Gurugram,Android,1,0,1,1,1204,1613.85,0,0
TXN0005400,CUST00439,964.82,10,UPI,Gurugram,Web,1,0,0,3,1259,1499.46,1,1
TXN0005401,CUST01884,1956.45,17,UPI,Pune,iOS,0,0,1,1,1345,2284.31,0,0
TXN0005402,CUST01980,1289.7,20,Credit Card,Noida,Android,0,0,1,3,865,2726.75,1,0
TXN0005403,CUST00699,1292.12,8,Debit Card,Gurugram,iOS,0,1,0,4,428,942.0,0,0
TXN0005404,CUST01313,1950.62,13,Net Banking,Gurugram,Android,0,0,0,4,415,2954.93,0,0
TXN0005405,CUST01564,1874.44,10,UPI,Noida,Android,0,0,0,9,1898,1561.51,1,0
TXN0005406,CUST00692,3853.42,10,Debit Card,Hyderabad,Android,0,0,1,3,881,3766.84,0,0
TXN0005407,CUST02301,1595.43,20,Debit Card,Noida,Android,1,0,1,5,143,862.31,1,0
TXN0005408,CUST01201,1268.58,13,UPI,Mumbai,Web,0,0,1,6,239,2339.37,0,0
TXN0005409,CUST02458,1502.27,11,UPI,Bengaluru,iOS,0,0,1,6,240,1981.2,1,1
TXN0005410,CUST01635,880.84,16,Net Banking,Gurugram,iOS,0,0,0,4,893,2015.68,0,0
TXN0005411,CUST01634,1255.93,9,Credit Card,Jaipur,iOS,0,0,1,4,376,1956.21,1,0
TXN0005412,CUST00127,13721.25,9,Net Banking,Hyderabad,iOS,0,0,0,1,784,842.35,1,0
TXN0005413,CUST01507,722.61,15,Credit Card,Mumbai,iOS,0,0,0,3,26,2047.14,0,0
TXN0005414,CUST01192,1362.24,12,UPI,Bengaluru,Web,1,1,1,8,658,1243.62,0,0
TXN0005415,CUST00294,1221.77,10,UPI,Kolkata,Android,0,0,2,2,227,1169.26,1,0
TXN0005416,CUST01367,1405.81,3,Net Banking,Gurugram,Web,0,0,1,3,148,456.5,0,0
TXN0005417,CUST01020,1292.46,15,UPI,Kolkata,iOS,0,0,0,2,654,1321.01,0,0
TXN0005418,CUST02358,2379.82,19,UPI,Noida,Android,0,1,1,3,65,3187.13,1,0
TXN0005419,CUST00419,325.5,20,Credit Card,Bengaluru,Android,0,0,0,2,654,1150.06,0,0
TXN0005420,CUST00444,5078.21,9,UPI,Kolkata,Web,1,0,1,4,3000,1632.31,0,0
TXN0005421,CUST00685,3388.44,16,UPI,Delhi,Web,0,1,0,2,1495,660.25,1,0
TXN0005422,CUST02284,519.4,20,Credit Card,Pune,Android,0,0,1,2,868,623.15,0,0
TXN0005423,CUST01463,186.13,12,UPI,Bengaluru,Android,0,0,1,4,248,2028.3,0,0
TXN0005424,CUST02262,677.54,21,UPI,Mumbai,Android,0,0,0,2,214,1072.41,0,0
TXN0005425,CUST00085,1412.16,21,UPI,Hyderabad,Android,0,0,0,6,2070,1761.09,0,0
TXN0005426,CUST01768,23761.78,8,Credit Card,Gurugram,Android,0,0,0,4,62,4651.81,0,0
TXN0005427,CUST00085,3098.89,9,UPI,Pune,Android,0,0,0,5,142,3028.69,1,0
TXN0005428,CUST01945,295.29,8,UPI,Gurugram,Android,1,0,0,1,1056,496.04,0,0
TXN0005429,CUST02113,903.15,8,Debit Card,Noida,Android,1,0,1,8,411,976.42,0,1
TXN0005430,CUST01670,1706.72,21,UPI,Chennai,Web,0,0,0,5,1394,2114.17,0,0
TXN0005431,CUST00663,2319.78,21,UPI,Noida,Android,1,0,0,3,278,4939.23,0,0
TXN0005432,CUST00627,483.38,2,Credit Card,Mumbai,iOS,0,0,1,4,218,1407.42,0,0
TXN0005433,CUST00064,1572.7,16,UPI,Noida,iOS,1,1,2,1,538,1731.51,0,0
TXN0005434,CUST00919,878.22,15,UPI,Delhi,Web,0,0,1,3,695,524.99,1,0
TXN0005435,CUST01376,596.92,12,Credit Card,Bengaluru,Android,0,1,0,1,661,891.16,0,0
TXN0005436,CUST01182,2333.53,17,Debit Card,Kolkata,Android,0,1,2,2,176,1411.13,1,0
TXN0005437,CUST01613,3902.68,22,Debit Card,Hyderabad,Web,0,0,2,4,1121,1128.53,1,0
TXN0005438,CUST00491,4173.8,8,Credit Card,Kolkata,Web,0,0,1,2,368,1656.82,0,0
TXN0005439,CUST01879,3196.87,7,UPI,Delhi,iOS,0,0,0,3,51,1492.0,0,0
TXN0005440,CUST01941,1094.63,1,Debit Card,Kolkata,Android,0,0,1,2,481,1937.86,0,0
TXN0005441,CUST00313,3677.88,11,UPI,Bengaluru,Android,0,0,0,3,202,1580.76,1,0
TXN0005442,CUST00919,2451.85,11,UPI,Mumbai,Android,0,0,0,2,534,2131.08,1,0
TXN0005443,CUST01883,2057.99,13,Debit Card,Gurugram,Android,0,0,0,4,123,2117.69,1,0
TXN0005444,CUST00813,976.38,14,UPI,Mumbai,Android,0,0,1,3,1048,1704.52,0,0
TXN0005445,CUST01490,1095.17,18,Debit Card,Bengaluru,Android,0,0,0,3,113,1721.12,0,0
TXN0005446,CUST01327,1938.03,12,UPI,Bengaluru,Android,0,0,0,1,327,1285.91,0,0
TXN0005447,CUST00680,20648.88,11,UPI,Hyderabad,iOS,1,0,0,3,21,1699.64,0,0
TXN0005448,CUST00435,2432.77,19,Wallet,Kolkata,iOS,0,0,2,5,626,863.87,1,0
TXN0005449,CUST00682,976.87,20,UPI,Kolkata,Android,0,0,2,3,58,2652.49,1,0
TXN0005450,CUST01159,783.02,9,Credit Card,Gurugram,Web,1,0,2,1,770,5792.7,0,0
TXN0005451,CUST01074,1100.78,10,UPI,Jaipur,iOS,0,0,2,3,665,3699.89,0,0
TXN0005452,CUST01456,15880.31,19,UPI,Noida,Android,1,0,1,3,325,1805.15,0,0
TXN0005453,CUST02388,1207.47,5,UPI,Pune,Android,0,0,1,4,402,1017.77,0,0
TXN0005454,CUST02395,4457.81,11,UPI,Pune,Android,0,0,0,5,1088,1518.17,0,0
TXN0005455,CUST01371,1235.97,13,Net Banking,Chennai,iOS,0,1,1,1,177,1354.1,1,0
TXN0005456,CUST00649,2337.24,8,Wallet,Mumbai,Android,1,0,0,4,608,19478.93,0,0
TXN0005457,CUST00245,3973.04,8,Credit Card,Pune,Android,0,0,0,4,511,660.1,0,0
TXN0005458,CUST02157,1016.01,13,Wallet,Pune,Android,0,0,0,4,774,1292.88,0,0
TXN0005459,CUST00296,948.07,18,Credit Card,Chennai,iOS,0,0,0,4,310,2236.84,0,0
TXN0005460,CUST02160,9456.07,20,UPI,Pune,Android,0,0,2,6,1278,1073.11,1,0
TXN0005461,CUST01613,4818.1,23,UPI,Chennai,Android,0,0,1,3,161,3164.69,0,0
TXN0005462,CUST02391,3968.78,5,Credit Card,Hyderabad,Android,1,0,0,2,979,3011.07,0,0
TXN0005463,CUST02149,3955.33,9,UPI,Bengaluru,Android,1,0,1,6,553,1494.65,0,0
TXN0005464,CUST01628,2850.12,18,UPI,Delhi,Android,0,0,3,1,963,2077.71,1,0
TXN0005465,CUST00028,13538.84,15,Debit Card,Hyderabad,Android,0,0,2,3,1982,2786.12,1,0
TXN0005466,CUST01986,1880.8,11,UPI,Gurugram,Android,1,0,0,3,10,2891.64,1,0
TXN0005467,CUST01561,3206.08,8,UPI,Kolkata,Android,1,0,0,2,17,1675.01,0,0
TXN0005468,CUST00058,421.84,10,UPI,Kolkata,Android,1,0,3,6,10,4494.22,0,0
TXN0005469,CUST01522,788.85,13,Credit Card,Kolkata,Android,1,0,0,2,224,3301.79,0,0
TXN0005470,CUST00297,541.71,8,UPI,Hyderabad,Android,0,0,2,1,300,1684.42,1,1
TXN0005471,CUST02182,6435.63,22,Credit Card,Kolkata,Android,0,1,2,2,280,2268.71,0,0
TXN0005472,CUST02297,140.19,6,UPI,Mumbai,Android,0,0,1,2,30,689.61,0,0
TXN0005473,CUST00902,1203.79,23,Credit Card,Noida,Android,0,0,1,2,1398,293.54,0,0
TXN0005474,CUST01965,90.18,20,UPI,Jaipur,Android,0,0,1,5,82,2154.75,0,0
TXN0005475,CUST01099,783.88,13,Net Banking,Noida,Web,0,0,1,3,465,3806.01,1,0
TXN0005476,CUST01678,1101.68,18,Credit Card,Gurugram,Web,0,0,1,8,1413,930.62,0,0
TXN0005477,CUST01192,7189.76,17,Debit Card,Chennai,Android,0,0,0,2,465,4091.69,0,0
TXN0005478,CUST00771,2676.24,9,Debit Card,Jaipur,Android,1,0,0,6,276,1371.57,1,0
TXN0005479,CUST01527,782.43,11,Credit Card,Noida,Web,0,1,0,4,731,739.11,1,0
TXN0005480,CUST01379,5226.54,14,UPI,Mumbai,Android,0,0,2,3,3000,1576.85,0,0
TXN0005481,CUST01249,1832.39,17,Credit Card,Jaipur,Web,0,0,0,3,552,638.04,1,0
TXN0005482,CUST01555,1868.91,15,Debit Card,Jaipur,Web,0,0,0,3,621,3437.43,0,0
TXN0005483,CUST00146,540.7,14,UPI,Noida,Web,0,1,1,2,119,2029.75,0,0
TXN0005484,CUST01984,668.83,13,UPI,Jaipur,Android,0,0,0,6,183,785.69,0,0
TXN0005485,CUST01265,788.75,14,UPI,Gurugram,Android,0,0,1,5,949,1386.82,0,0
TXN0005486,CUST01908,1885.6,13,UPI,Pune,Android,1,0,0,2,832,3414.89,1,0
TXN0005487,CUST02392,1945.8,15,UPI,Pune,iOS,0,0,1,5,163,1734.08,0,0
TXN0005488,CUST01773,8430.7,21,Wallet,Hyderabad,Android,0,0,1,3,423,1544.99,1,0
TXN0005489,CUST01059,2645.45,17,UPI,Noida,Android,1,0,0,3,1264,864.47,0,0
TXN0005490,CUST02049,120.06,18,UPI,Kolkata,Android,0,0,2,3,117,4292.45,0,0
TXN0005491,CUST02020,2340.65,16,Debit Card,Gurugram,iOS,0,0,1,2,774,969.22,0,0
TXN0005492,CUST00153,422.22,17,Debit Card,Delhi,Android,0,0,0,5,256,1209.39,0,0
TXN0005493,CUST02477,685.1,16,UPI,Jaipur,iOS,1,0,0,5,40,425.24,0,0
TXN0005494,CUST00508,799.01,1,UPI,Noida,iOS,0,0,1,6,197,1197.51,1,0
TXN0005495,CUST00491,927.23,23,UPI,Noida,Android,0,0,1,2,326,1135.27,1,0
TXN0005496,CUST00345,455.04,1,UPI,Gurugram,Android,0,0,0,4,819,950.4,1,0
TXN0005497,CUST01936,2206.19,12,UPI,Kolkata,Web,1,0,0,1,81,1613.11,0,0
TXN0005498,CUST01762,439.11,6,UPI,Gurugram,Android,0,0,1,3,1169,1494.84,0,0
TXN0005499,CUST00221,2571.41,6,UPI,Jaipur,Web,1,0,1,4,233,1840.71,1,0
TXN0005500,CUST01939,16856.86,19,Wallet,Noida,Web,0,0,0,3,97,2894.38,0,0
TXN0005501,CUST01943,476.36,13,UPI,Gurugram,iOS,0,1,0,2,277,1668.75,0,0
TXN0005502,CUST00723,1354.29,19,UPI,Gurugram,iOS,0,0,1,7,1576,1501.5,0,0
TXN0005503,CUST00528,144.33,10,Net Banking,Delhi,Android,0,0,0,2,497,1131.81,0,0
TXN0005504,CUST01523,1332.23,9,Credit Card,Bengaluru,Web,0,0,0,1,258,964.97,0,0
TXN0005505,CUST01665,3422.95,9,UPI,Pune,Android,0,0,0,1,336,4936.52,0,0
TXN0005506,CUST00481,3700.34,16,UPI,Kolkata,iOS,0,0,1,2,803,1625.81,1,0
TXN0005507,CUST01872,1944.78,19,Net Banking,Hyderabad,Android,0,0,1,1,26,1726.18,0,0
TXN0005508,CUST01463,4380.01,13,UPI,Jaipur,Web,0,0,1,7,1809,4014.07,0,0
TXN0005509,CUST01426,22962.01,12,Debit Card,Mumbai,Web,0,0,0,4,1073,704.35,0,0
TXN0005510,CUST00345,9975.09,23,Wallet,Hyderabad,iOS,0,0,0,4,1306,2972.43,0,0
TXN0005511,CUST00045,1067.44,7,UPI,Pune,Android,0,0,0,4,660,1413.12,0,0
TXN0005512,CUST02069,421.76,14,Debit Card,Hyderabad,Android,0,0,0,4,536,1142.27,0,0
TXN0005513,CUST01658,1199.18,12,Net Banking,Jaipur,Android,0,0,1,4,251,1572.16,0,0
TXN0005514,CUST01888,698.24,6,Credit Card,Mumbai,iOS,0,0,1,5,214,2381.68,1,0
TXN0005515,CUST02096,2826.77,10,UPI,Gurugram,iOS,0,0,0,4,55,1823.31,0,0
TXN0005516,CUST01515,552.44,1,Wallet,Delhi,Android,0,0,0,5,20,1188.12,0,0
TXN0005517,CUST02335,1673.58,20,Credit Card,Jaipur,Web,1,0,0,6,33,4091.95,0,0
TXN0005518,CUST01002,4161.19,16,Debit Card,Kolkata,Android,0,0,1,4,118,1484.28,0,0
TXN0005519,CUST01034,1627.57,19,Credit Card,Gurugram,Web,0,1,0,2,106,435.23,0,0
TXN0005520,CUST02041,698.7,15,UPI,Bengaluru,Android,0,0,1,3,923,1067.82,1,0
TXN0005521,CUST00274,5827.57,16,UPI,Pune,Android,0,0,3,2,66,1243.33,0,0
TXN0005522,CUST00956,274.94,18,UPI,Gurugram,iOS,0,0,1,3,870,1306.29,1,0
TXN0005523,CUST01780,1296.92,21,UPI,Gurugram,Web,0,0,0,5,347,1807.93,1,0
TXN0005524,CUST00381,1726.55,6,UPI,Hyderabad,Android,0,0,3,2,1928,1338.41,0,0
TXN0005525,CUST01353,1828.86,11,UPI,Noida,Android,1,0,0,3,556,1188.5,0,0
TXN0005526,CUST00479,2156.06,18,UPI,Noida,Web,0,0,0,5,489,465.64,0,0
TXN0005527,CUST02063,3314.23,22,Debit Card,Kolkata,Web,0,0,0,3,617,1297.61,0,0
TXN0005528,CUST00516,1737.38,23,Debit Card,Pune,Web,0,0,1,3,408,3256.29,0,0
TXN0005529,CUST00191,1245.74,17,Credit Card,Bengaluru,Android,0,1,1,1,507,1457.96,1,1
TXN0005530,CUST01192,1197.45,8,Credit Card,Hyderabad,iOS,1,0,0,3,734,987.67,0,0
TXN0005531,CUST01161,976.55,7,UPI,Gurugram,Web,0,1,0,4,1113,1340.0,1,0
TXN0005532,CUST02202,3956.38,22,UPI,Jaipur,Android,1,1,1,5,1529,1642.71,0,0
TXN0005533,CUST01412,942.95,13,Credit Card,Kolkata,Android,0,0,0,1,699,773.17,0,0
TXN0005534,CUST00272,4197.79,8,Debit Card,Noida,iOS,0,0,1,3,1497,1893.75,1,0
TXN0005535,CUST00143,1834.53,21,UPI,Pune,Android,0,0,1,5,471,1983.87,0,0
TXN0005536,CUST01913,1068.8,6,Debit Card,Delhi,Android,0,0,1,9,161,1070.52,1,0
TXN0005537,CUST01093,3340.75,18,Debit Card,Gurugram,Android,0,0,0,1,248,374.54,0,0
TXN0005538,CUST02295,869.65,16,Credit Card,Bengaluru,iOS,0,0,1,6,1194,754.38,0,0
TXN0005539,CUST00788,3407.47,6,UPI,Bengaluru,Android,1,0,0,6,619,2112.26,0,0
TXN0005540,CUST02127,2226.68,11,Credit Card,Gurugram,Web,0,0,1,1,196,1758.87,0,0
TXN0005541,CUST01682,991.5,8,Credit Card,Hyderabad,Android,0,0,1,3,516,896.53,0,0
TXN0005542,CUST00623,3053.91,16,UPI,Noida,Android,0,0,1,4,654,2956.04,0,0
TXN0005543,CUST00938,3109.23,14,UPI,Hyderabad,Web,0,0,0,3,3000,3535.81,1,0
TXN0005544,CUST01119,5727.66,0,UPI,Mumbai,iOS,0,0,1,1,423,770.73,0,0
TXN0005545,CUST00617,4730.04,23,UPI,Chennai,Android,0,0,1,1,1389,1560.73,1,0
TXN0005546,CUST01032,2941.91,11,UPI,Bengaluru,Web,0,0,1,6,249,1726.72,0,0
TXN0005547,CUST00067,582.86,9,UPI,Hyderabad,iOS,0,0,0,2,610,3464.31,0,0
TXN0005548,CUST00191,20829.57,9,UPI,Bengaluru,iOS,0,0,1,4,942,1407.97,1,0
TXN0005549,CUST00521,442.27,8,UPI,Delhi,Web,0,0,3,3,1605,818.78,0,0
TXN0005550,CUST00990,4650.85,23,UPI,Hyderabad,Android,0,0,0,3,395,1462.45,0,0
TXN0005551,CUST01141,2770.62,10,Debit Card,Gurugram,Android,0,0,1,6,1158,681.52,0,1
TXN0005552,CUST02315,556.35,12,Debit Card,Kolkata,Web,0,1,1,4,445,3695.41,0,0
TXN0005553,CUST01635,1589.61,20,UPI,Pune,Android,0,0,1,5,626,4869.4,1,0
TXN0005554,CUST01188,1663.68,17,UPI,Jaipur,Web,0,0,2,2,165,1549.18,0,0
TXN0005555,CUST00376,6641.71,11,Debit Card,Gurugram,Android,0,0,0,4,1043,1912.5,0,0
TXN0005556,CUST00653,882.03,21,Credit Card,Hyderabad,Android,0,0,0,1,2071,2124.01,0,0
TXN0005557,CUST00549,1385.2,18,UPI,Pune,Android,0,0,0,4,903,2779.24,1,0
TXN0005558,CUST01098,174.07,9,Debit Card,Bengaluru,iOS,0,0,0,2,188,1157.29,0,0
TXN0005559,CUST00073,10201.65,17,UPI,Bengaluru,Android,1,0,0,2,45,5210.43,0,0
TXN0005560,CUST02356,617.13,21,Credit Card,Jaipur,Android,1,1,0,3,36,2013.39,0,0
TXN0005561,CUST00199,2496.02,14,Net Banking,Jaipur,Web,0,0,0,5,753,3090.07,1,0
TXN0005562,CUST01782,1626.42,18,UPI,Noida,Web,0,0,0,5,928,1971.57,1,0
TXN0005563,CUST00572,1631.97,22,Wallet,Chennai,Android,0,0,0,4,657,1664.64,0,0
TXN0005564,CUST00791,4045.68,17,UPI,Noida,Android,0,0,2,2,662,2790.54,1,0
TXN0005565,CUST01639,9573.98,6,Credit Card,Gurugram,Android,0,0,1,3,1507,916.6,0,0
TXN0005566,CUST01832,2314.7,9,UPI,Mumbai,Web,1,0,1,4,353,791.62,0,0
TXN0005567,CUST01856,3465.53,16,Debit Card,Kolkata,iOS,0,0,1,3,408,1213.16,0,0
TXN0005568,CUST01511,2500.97,10,UPI,Mumbai,Web,0,0,0,3,168,2789.95,1,0
TXN0005569,CUST01175,4979.44,22,Credit Card,Kolkata,Web,0,1,1,3,3000,2955.25,0,0
TXN0005570,CUST00179,1133.0,12,Debit Card,Bengaluru,iOS,0,0,0,6,1732,1339.95,1,0
TXN0005571,CUST02245,5276.05,13,UPI,Noida,Android,1,0,0,2,160,3876.36,0,0
TXN0005572,CUST00735,5464.58,18,UPI,Hyderabad,Android,0,0,1,5,155,2004.37,0,0
TXN0005573,CUST02137,5313.89,15,UPI,Gurugram,Web,0,0,2,2,889,1014.59,0,1
TXN0005574,CUST00799,930.19,12,Debit Card,Hyderabad,iOS,0,1,0,3,123,1667.95,0,0
TXN0005575,CUST00788,1521.12,5,Wallet,Mumbai,Web,0,0,1,7,135,3133.74,0,0
TXN0005576,CUST00209,2287.03,16,UPI,Hyderabad,Web,0,0,1,4,1159,1326.47,0,0
TXN0005577,CUST00493,457.01,20,Credit Card,Chennai,Android,0,1,1,7,540,1634.2,0,0
TXN0005578,CUST01658,8870.28,17,UPI,Noida,Android,0,0,1,6,197,901.26,1,0
TXN0005579,CUST00732,1778.04,12,UPI,Bengaluru,iOS,0,0,0,3,308,1027.95,0,0
TXN0005580,CUST01130,2391.01,7,UPI,Gurugram,Android,0,0,2,4,112,1537.22,0,0
TXN0005581,CUST01606,1010.84,19,Credit Card,Gurugram,Android,0,0,1,6,539,689.33,1,0
TXN0005582,CUST00594,477.55,22,Net Banking,Jaipur,Android,0,0,0,5,101,1189.59,0,0
TXN0005583,CUST01216,983.89,12,Debit Card,Bengaluru,Web,1,0,0,3,230,1788.66,0,0
TXN0005584,CUST00325,2241.15,18,UPI,Noida,Web,0,1,1,5,2084,1440.85,1,0
TXN0005585,CUST00979,3529.71,12,Credit Card,Pune,Android,1,0,2,3,503,260.45,1,0
TXN0005586,CUST01750,2116.11,14,UPI,Pune,iOS,0,0,0,4,256,799.91,1,0
TXN0005587,CUST01851,2545.97,20,UPI,Mumbai,iOS,0,0,0,4,1558,1295.59,1,0
TXN0005588,CUST01491,1285.0,5,UPI,Noida,iOS,0,0,0,6,277,3808.96,1,0
TXN0005589,CUST00894,2956.59,15,UPI,Kolkata,iOS,0,0,1,3,774,3509.69,1,0
TXN0005590,CUST01391,7929.73,9,Debit Card,Mumbai,Android,0,0,1,7,239,916.98,0,0
TXN0005591,CUST00144,3642.16,11,Credit Card,Hyderabad,Android,0,1,0,5,216,3015.09,1,0
TXN0005592,CUST00384,4044.38,17,Wallet,Chennai,Android,0,0,1,2,384,1902.38,1,0
TXN0005593,CUST02264,2415.25,1,UPI,Gurugram,Web,0,0,1,5,488,1525.86,0,0
TXN0005594,CUST02372,400.37,16,UPI,Jaipur,Android,1,0,1,4,336,730.07,0,0
TXN0005595,CUST00217,633.26,10,UPI,Mumbai,Web,0,0,1,2,1072,2261.61,0,0
TXN0005596,CUST01516,2836.76,17,UPI,Kolkata,Android,0,0,1,2,707,2656.79,0,0
TXN0005597,CUST02231,1780.42,7,Net Banking,Chennai,iOS,0,0,1,5,1964,835.16,0,0
TXN0005598,CUST02318,2794.43,18,UPI,Mumbai,iOS,0,0,2,5,289,866.17,1,0
TXN0005599,CUST01491,9623.52,17,Net Banking,Jaipur,iOS,0,0,0,2,467,1331.53,1,0
TXN0005600,CUST01636,3720.37,22,UPI,Bengaluru,Android,0,0,1,4,1209,1546.1,0,0
TXN0005601,CUST02353,6338.69,21,UPI,Chennai,Android,0,0,0,3,192,1222.98,1,0
TXN0005602,CUST01168,1978.76,10,UPI,Jaipur,Android,0,0,1,1,829,814.95,1,0
TXN0005603,CUST00111,802.98,1,Debit Card,Delhi,Web,0,0,2,2,536,2702.51,0,0
TXN0005604,CUST01014,1698.8,17,UPI,Kolkata,iOS,0,0,0,4,537,3952.21,1,0
TXN0005605,CUST00232,804.96,16,Net Banking,Delhi,Android,0,0,2,4,182,1233.75,0,0
TXN0005606,CUST01715,8551.29,1,UPI,Pune,Android,1,0,0,5,188,2916.34,0,0
TXN0005607,CUST01756,3967.66,7,UPI,Pune,Android,0,0,1,3,1609,1565.18,0,0
TXN0005608,CUST01578,3029.2,16,Credit Card,Delhi,Android,1,0,2,1,24,537.97,0,0
TXN0005609,CUST01297,6194.92,21,UPI,Kolkata,Android,0,0,3,4,472,445.31,0,0
TXN0005610,CUST02221,238.77,21,UPI,Noida,Web,0,0,0,3,703,1455.42,0,0
TXN0005611,CUST00973,3241.14,8,Debit Card,Bengaluru,iOS,0,0,1,3,119,6242.42,0,0
TXN0005612,CUST01031,485.36,12,UPI,Jaipur,Android,0,0,2,6,456,2206.24,1,0
TXN0005613,CUST00518,1786.99,2,Credit Card,Delhi,Android,0,0,1,5,1402,754.91,0,0
TXN0005614,CUST00914,1317.95,14,UPI,Mumbai,Android,0,0,1,4,997,3112.82,0,0
TXN0005615,CUST02263,3488.68,18,UPI,Delhi,Android,0,0,1,5,1276,879.36,1,0
TXN0005616,CUST02182,2261.38,19,UPI,Gurugram,iOS,0,0,1,7,322,4754.75,0,0
TXN0005617,CUST02333,6909.55,14,Credit Card,Hyderabad,Android,0,0,1,3,575,3071.2,1,0
TXN0005618,CUST01945,985.99,6,Debit Card,Kolkata,Android,0,0,1,3,123,1395.06,1,0
TXN0005619,CUST01463,3657.94,12,Credit Card,Chennai,Android,0,0,0,3,1198,2556.81,0,0
TXN0005620,CUST01873,2117.02,21,Debit Card,Gurugram,Android,0,0,0,4,98,1702.58,1,0
TXN0005621,CUST02379,350.81,9,UPI,Gurugram,Android,0,0,2,5,77,2057.74,1,0
TXN0005622,CUST01308,718.33,10,UPI,Pune,iOS,0,0,0,4,1011,4793.02,0,0
TXN0005623,CUST00899,1549.46,18,UPI,Chennai,Web,1,0,0,4,265,831.83,0,0
TXN0005624,CUST01099,5474.38,18,Debit Card,Jaipur,Android,0,0,0,3,800,3560.13,0,0
TXN0005625,CUST01190,2861.97,21,Debit Card,Delhi,iOS,0,0,1,4,2176,351.17,0,0
TXN0005626,CUST01213,560.06,12,UPI,Hyderabad,iOS,0,0,0,2,251,540.8,1,0
TXN0005627,CUST02126,1564.35,14,UPI,Chennai,iOS,0,0,0,7,1757,1140.44,1,0
TXN0005628,CUST00688,13539.25,13,Debit Card,Gurugram,iOS,1,0,1,3,181,2952.16,0,0
TXN0005629,CUST02069,2011.76,21,Debit Card,Mumbai,Web,0,0,2,4,892,407.03,1,0
TXN0005630,CUST00566,1297.53,19,Debit Card,Mumbai,Android,0,0,1,2,486,4441.31,0,0
TXN0005631,CUST01208,2943.29,20,UPI,Bengaluru,Android,0,1,1,4,892,1494.4,0,0
TXN0005632,CUST01895,3861.98,7,Credit Card,Bengaluru,iOS,0,0,0,2,165,2579.59,0,0
TXN0005633,CUST00827,1140.67,19,Debit Card,Kolkata,Web,0,0,0,1,915,595.81,0,0
TXN0005634,CUST01352,2975.35,13,UPI,Delhi,Android,1,1,0,2,768,1022.06,0,1
TXN0005635,CUST02227,1295.5,1,Credit Card,Mumbai,iOS,0,0,1,2,66,1287.28,0,0
TXN0005636,CUST01812,3695.49,3,UPI,Delhi,Android,0,0,0,6,583,586.49,0,0
TXN0005637,CUST01083,2132.89,17,UPI,Gurugram,Web,0,0,1,7,291,2272.46,1,0
TXN0005638,CUST01351,2914.66,12,Net Banking,Jaipur,iOS,1,0,0,3,1240,1015.92,0,0
TXN0005639,CUST01645,842.49,20,Wallet,Gurugram,Android,0,0,0,3,243,2536.71,0,0
TXN0005640,CUST00191,791.76,18,UPI,Bengaluru,iOS,0,0,1,2,744,1254.86,0,0
TXN0005641,CUST01224,4633.37,0,UPI,Bengaluru,Android,1,1,0,3,540,1644.17,0,0
TXN0005642,CUST01336,1662.61,17,Debit Card,Delhi,Android,1,0,0,5,577,476.08,0,0
TXN0005643,CUST00708,2393.65,8,UPI,Chennai,Web,0,1,1,3,88,2074.77,0,0
TXN0005644,CUST00379,1324.97,13,UPI,Bengaluru,Android,0,0,1,2,163,9193.2,0,0
TXN0005645,CUST00387,4421.65,16,UPI,Mumbai,Android,0,0,1,2,624,599.08,1,0
TXN0005646,CUST02285,980.18,20,Credit Card,Bengaluru,iOS,0,0,0,1,21,1734.43,1,0
TXN0005647,CUST00616,1571.74,13,UPI,Noida,Web,0,0,0,4,1367,1506.28,0,0
TXN0005648,CUST01543,3950.25,19,Credit Card,Noida,Android,1,0,1,2,761,3691.71,0,0
TXN0005649,CUST02331,5816.82,19,UPI,Delhi,iOS,0,0,2,3,47,606.18,1,0
TXN0005650,CUST02049,1066.12,12,Wallet,Mumbai,Android,1,0,1,4,527,1449.99,1,0
TXN0005651,CUST01755,12774.75,14,Wallet,Delhi,Web,1,0,0,6,3000,2779.27,0,0
TXN0005652,CUST00464,2462.13,18,Debit Card,Noida,Android,0,0,1,3,55,1318.52,0,0
TXN0005653,CUST00967,634.36,1,UPI,Delhi,iOS,0,1,1,5,14,1129.18,1,0
TXN0005654,CUST00172,2603.45,21,UPI,Pune,iOS,0,0,3,6,266,2467.93,0,1
TXN0005655,CUST01147,1227.26,19,Debit Card,Jaipur,Android,0,0,2,4,382,4951.01,0,0
TXN0005656,CUST00843,2778.34,9,Wallet,Noida,Android,0,0,0,1,489,1546.03,1,0
TXN0005657,CUST01322,1724.49,23,UPI,Noida,Android,0,0,0,3,362,3288.16,0,0
TXN0005658,CUST01909,1938.78,8,UPI,Kolkata,Web,0,0,0,2,626,808.89,0,0
TXN0005659,CUST00690,723.39,21,UPI,Noida,Android,0,0,2,1,899,1673.54,0,0
TXN0005660,CUST01508,4844.52,11,UPI,Noida,Web,0,0,1,4,37,882.55,0,0
TXN0005661,CUST02213,566.46,19,UPI,Jaipur,Android,0,0,0,3,327,1062.99,1,0
TXN0005662,CUST02025,593.94,13,Net Banking,Bengaluru,Android,1,0,2,2,95,1451.16,1,0
TXN0005663,CUST01723,2599.05,18,UPI,Mumbai,Web,0,0,2,3,632,1149.36,1,0
TXN0005664,CUST00383,8940.85,8,Credit Card,Hyderabad,iOS,0,0,2,1,668,2687.29,0,0
TXN0005665,CUST02257,1265.15,10,Net Banking,Chennai,iOS,0,0,1,6,1012,1973.24,1,0
TXN0005666,CUST01413,3628.28,6,UPI,Mumbai,Web,0,0,0,2,1149,685.86,1,0
TXN0005667,CUST01584,5265.24,20,Wallet,Noida,Web,0,0,1,1,3000,1377.76,0,0
TXN0005668,CUST02272,4065.23,10,UPI,Noida,Android,0,0,0,4,42,832.54,1,0
TXN0005669,CUST02051,1318.61,18,Net Banking,Hyderabad,Android,0,0,0,2,1148,1419.07,0,0
TXN0005670,CUST00372,604.56,19,UPI,Chennai,Android,0,0,1,7,1616,1615.65,0,0
TXN0005671,CUST01711,197.95,21,Net Banking,Chennai,Web,1,0,0,8,1684,1350.4,0,0
TXN0005672,CUST01470,1383.96,6,UPI,Chennai,Android,0,0,2,3,22,1189.09,0,0
TXN0005673,CUST00611,5846.68,21,UPI,Gurugram,iOS,0,0,0,2,645,2011.4,1,1
TXN0005674,CUST00116,584.86,8,UPI,Gurugram,Web,0,0,3,3,1184,584.12,0,0
TXN0005675,CUST00447,3625.52,18,UPI,Hyderabad,iOS,0,0,1,6,124,2205.19,1,0
TXN0005676,CUST01392,696.03,18,UPI,Delhi,Android,0,0,0,3,515,725.46,1,0
TXN0005677,CUST01341,2001.42,0,Net Banking,Noida,Android,0,0,3,1,371,1795.49,0,0
TXN0005678,CUST00415,3653.11,9,UPI,Delhi,Android,0,0,0,4,121,1835.02,1,0
TXN0005679,CUST01809,930.8,14,Credit Card,Kolkata,Android,0,0,1,1,298,1107.53,0,0
TXN0005680,CUST01048,2134.58,13,UPI,Hyderabad,Android,0,0,0,8,215,1975.45,0,0
TXN0005681,CUST01874,1188.5,21,Debit Card,Delhi,Android,0,0,1,6,1137,980.79,0,0
TXN0005682,CUST01074,3643.47,11,Credit Card,Hyderabad,Web,0,0,0,3,792,749.65,0,0
TXN0005683,CUST00718,2277.56,22,Net Banking,Kolkata,Web,0,0,1,1,10,698.12,0,0
TXN0005684,CUST01359,1904.64,13,UPI,Noida,Web,0,0,4,1,488,3127.41,1,0
TXN0005685,CUST01606,8551.76,22,UPI,Mumbai,Android,0,0,0,3,19,1958.75,1,0
TXN0005686,CUST02319,3490.67,18,UPI,Gurugram,Web,0,0,2,4,1533,2410.76,1,0
TXN0005687,CUST00562,902.52,20,Debit Card,Chennai,iOS,0,0,1,3,23,3476.97,0,0
TXN0005688,CUST02295,1651.89,6,Credit Card,Noida,Web,0,0,0,5,121,662.58,0,0
TXN0005689,CUST00387,1668.44,16,Debit Card,Mumbai,Web,0,0,1,2,135,965.0,0,0
TXN0005690,CUST00702,1950.54,7,UPI,Mumbai,Web,0,0,1,5,975,2209.64,0,0
TXN0005691,CUST00973,22472.58,10,Credit Card,Hyderabad,Android,0,0,0,2,378,2202.47,0,0
TXN0005692,CUST01385,2608.14,16,Wallet,Hyderabad,iOS,1,0,0,2,109,2514.67,0,0
TXN0005693,CUST00984,235.01,18,UPI,Bengaluru,iOS,1,0,0,1,89,784.08,1,0
TXN0005694,CUST01512,1046.01,2,UPI,Chennai,Android,0,0,1,4,283,1668.9,1,0
TXN0005695,CUST00352,260.65,15,Debit Card,Mumbai,Android,0,0,0,2,503,1168.29,0,0
TXN0005696,CUST01725,1294.32,15,UPI,Delhi,Android,1,0,0,4,952,3180.75,0,0
TXN0005697,CUST01952,246.71,5,Credit Card,Hyderabad,Web,0,1,0,5,895,3679.17,0,0
TXN0005698,CUST01280,752.91,14,Credit Card,Pune,Web,0,0,0,2,24,2190.51,1,0
TXN0005699,CUST01908,393.4,18,Net Banking,Pune,iOS,0,0,0,2,628,1971.38,1,0
TXN0005700,CUST00753,2643.09,3,Wallet,Mumbai,Android,1,0,0,3,10,843.15,0,1
TXN0005701,CUST01025,1800.97,18,Debit Card,Pune,Android,0,0,0,2,506,885.08,0,0
TXN0005702,CUST00546,2436.95,16,UPI,Hyderabad,iOS,1,0,0,1,116,2970.32,0,0
TXN0005703,CUST01470,1621.31,20,UPI,Jaipur,Android,0,0,0,4,1183,2133.74,0,0
TXN0005704,CUST00079,446.41,9,Wallet,Delhi,Android,1,0,0,8,290,1081.33,0,0
TXN0005705,CUST01260,3008.1,20,Credit Card,Delhi,Web,0,0,0,2,1104,2383.2,0,0
TXN0005706,CUST02382,12305.07,6,Debit Card,Mumbai,iOS,1,0,0,2,1477,576.06,0,1
TXN0005707,CUST00889,2710.14,12,UPI,Hyderabad,iOS,0,0,0,5,306,1238.63,0,0
TXN0005708,CUST01106,1175.7,8,UPI,Noida,Android,0,0,0,4,540,1931.58,1,0
TXN0005709,CUST01991,431.59,20,UPI,Bengaluru,Android,0,0,1,3,1610,4460.74,1,0
TXN0005710,CUST01501,725.95,18,UPI,Chennai,iOS,0,0,0,1,168,1796.99,0,0
TXN0005711,CUST00921,2831.56,1,Debit Card,Bengaluru,Android,0,0,0,3,55,3027.43,0,0
TXN0005712,CUST00550,5264.07,0,Debit Card,Noida,Android,0,0,1,5,437,1166.87,1,0
TXN0005713,CUST02062,2336.5,10,UPI,Hyderabad,Android,0,0,1,5,480,994.82,1,0
TXN0005714,CUST00392,4005.52,7,Credit Card,Noida,Android,0,0,1,5,340,924.52,0,0
TXN0005715,CUST02358,3652.69,17,Wallet,Noida,Android,0,0,1,5,2083,3842.22,0,0
TXN0005716,CUST02434,2987.15,17,Debit Card,Gurugram,Android,1,0,2,1,328,1790.33,0,0
TXN0005717,CUST01381,931.75,22,Credit Card,Mumbai,Android,0,0,1,2,488,1106.62,0,0
TXN0005718,CUST00974,2141.94,22,UPI,Jaipur,Android,1,0,1,2,36,917.75,0,0
TXN0005719,CUST00340,770.6,17,Wallet,Kolkata,Android,1,0,0,4,26,2258.94,0,0
TXN0005720,CUST00757,1831.65,0,UPI,Jaipur,Web,0,0,1,3,523,545.36,0,0
TXN0005721,CUST01046,2505.91,11,Debit Card,Delhi,Android,0,1,1,6,1493,391.38,0,1
TXN0005722,CUST02339,9646.26,14,Debit Card,Hyderabad,Android,0,0,1,4,1037,2537.79,1,0
TXN0005723,CUST02354,485.81,14,Debit Card,Hyderabad,Android,1,0,1,3,497,1917.97,1,0
TXN0005724,CUST00939,2913.32,16,Net Banking,Hyderabad,Android,1,0,0,4,417,2099.56,0,0
TXN0005725,CUST00848,7917.09,22,Debit Card,Kolkata,Android,0,0,2,3,867,7918.31,0,0
TXN0005726,CUST00442,3844.46,20,UPI,Chennai,Android,0,1,0,2,10,2270.2,1,0
TXN0005727,CUST00130,4140.15,6,UPI,Chennai,Android,0,0,2,4,304,2910.76,1,0
TXN0005728,CUST00597,3239.7,9,UPI,Bengaluru,Android,0,0,0,6,61,630.23,0,0
TXN0005729,CUST01959,6593.74,20,UPI,Jaipur,Android,0,0,1,3,400,2224.45,0,0
TXN0005730,CUST01506,606.72,19,UPI,Chennai,Android,0,0,0,5,892,745.43,1,0
TXN0005731,CUST00862,450.17,10,Credit Card,Chennai,Android,1,0,0,4,393,1823.42,1,0
TXN0005732,CUST00999,1788.63,18,UPI,Noida,Android,0,0,0,7,215,720.46,0,0
TXN0005733,CUST02373,207.34,17,UPI,Mumbai,Web,0,0,0,6,376,2975.88,0,0
TXN0005734,CUST02496,6162.19,14,Wallet,Noida,Android,0,0,0,1,261,2801.92,0,0
TXN0005735,CUST01552,6101.3,8,Debit Card,Hyderabad,Web,0,0,0,3,107,916.5,0,0
TXN0005736,CUST01641,1167.0,21,Net Banking,Gurugram,Web,1,0,0,3,844,1526.34,1,0
TXN0005737,CUST01512,1242.36,17,UPI,Noida,Android,1,0,0,3,133,628.3,0,0
TXN0005738,CUST01737,1674.37,8,Credit Card,Chennai,iOS,0,0,0,2,1068,1090.45,1,0
TXN0005739,CUST01450,1896.12,18,UPI,Chennai,Web,0,1,0,2,622,1520.32,0,0
TXN0005740,CUST01858,2044.11,18,Credit Card,Gurugram,Android,0,0,0,2,1012,2963.21,1,0
TXN0005741,CUST00265,3145.64,21,Credit Card,Chennai,Android,0,0,0,5,88,3009.93,1,0
TXN0005742,CUST01463,1514.61,9,UPI,Gurugram,Android,0,0,0,5,295,1115.37,0,0
TXN0005743,CUST00157,4622.7,23,UPI,Pune,iOS,0,0,0,4,83,4713.4,1,0
TXN0005744,CUST01446,2811.55,8,Debit Card,Delhi,Android,0,0,1,4,10,1388.72,1,0
TXN0005745,CUST02299,981.01,16,Debit Card,Noida,Web,0,1,1,4,846,2423.61,0,0
TXN0005746,CUST01633,6840.76,17,Credit Card,Delhi,Android,0,0,2,2,2284,1335.19,0,0
TXN0005747,CUST02375,462.8,12,UPI,Mumbai,Web,0,0,1,1,617,5586.23,1,0
TXN0005748,CUST00895,1641.52,14,UPI,Pune,Android,0,0,1,3,69,2040.01,0,0
TXN0005749,CUST02145,4733.69,21,UPI,Chennai,iOS,1,0,1,1,1481,979.94,0,0
TXN0005750,CUST00513,873.47,17,Net Banking,Mumbai,iOS,0,0,1,3,640,1124.22,0,0
TXN0005751,CUST00216,2453.07,14,Wallet,Pune,Android,1,0,3,5,1159,2296.96,1,0
TXN0005752,CUST02173,3099.14,7,UPI,Kolkata,Web,0,0,2,4,660,1185.48,0,0
TXN0005753,CUST01707,761.29,0,UPI,Bengaluru,Android,0,0,0,3,407,1601.06,0,0
TXN0005754,CUST02107,1674.16,7,Credit Card,Noida,Android,0,0,0,1,47,435.3,1,0
TXN0005755,CUST01568,1539.23,22,UPI,Hyderabad,Web,0,0,1,1,49,398.35,0,0
TXN0005756,CUST02209,1036.71,19,Wallet,Jaipur,Android,1,0,0,2,2178,1988.7,1,0
TXN0005757,CUST02332,17983.62,22,Debit Card,Gurugram,Android,0,0,0,1,71,1713.79,0,0
TXN0005758,CUST02154,839.19,1,UPI,Kolkata,Android,0,0,0,1,756,3133.68,0,0
TXN0005759,CUST01129,4917.09,17,UPI,Bengaluru,iOS,0,1,1,3,183,2505.66,0,0
TXN0005760,CUST00228,1215.29,2,Debit Card,Chennai,Android,0,0,0,6,2123,4044.41,0,0
TXN0005761,CUST02366,607.23,19,UPI,Gurugram,iOS,1,0,0,2,425,1571.48,1,0
TXN0005762,CUST01488,1994.91,12,Credit Card,Gurugram,iOS,0,0,0,5,219,2161.63,1,0
TXN0005763,CUST00802,3444.85,6,UPI,Noida,Android,1,0,0,2,222,1158.64,0,0
TXN0005764,CUST01623,4519.02,15,UPI,Noida,Android,0,0,0,5,342,1306.39,0,0
TXN0005765,CUST01906,8585.3,10,Debit Card,Gurugram,iOS,1,0,1,1,10,1121.24,0,0
TXN0005766,CUST00472,34227.62,17,UPI,Chennai,iOS,0,0,0,3,258,1439.5,0,0
TXN0005767,CUST01080,2312.43,17,UPI,Gurugram,Android,0,0,1,5,124,863.26,0,0
TXN0005768,CUST02061,927.46,18,UPI,Pune,Android,0,0,0,2,2508,1589.04,1,0
TXN0005769,CUST01042,2831.09,23,Credit Card,Pune,Web,0,0,0,5,237,2292.01,1,0
TXN0005770,CUST02161,1379.3,12,Debit Card,Jaipur,Web,0,0,0,2,112,978.47,1,0
TXN0005771,CUST00229,4543.75,13,UPI,Pune,iOS,1,0,0,2,2197,1813.56,0,0
TXN0005772,CUST00171,491.95,19,Debit Card,Kolkata,Android,0,0,1,3,67,1095.56,0,0
TXN0005773,CUST00295,19223.26,16,UPI,Gurugram,iOS,1,0,0,1,718,1242.09,0,0
TXN0005774,CUST00189,4236.91,1,UPI,Bengaluru,Android,0,0,2,4,64,1641.42,1,1
TXN0005775,CUST00426,334.13,20,Debit Card,Pune,iOS,0,0,2,4,10,1032.9,0,0
TXN0005776,CUST00977,885.82,2,Debit Card,Jaipur,iOS,0,0,4,4,899,3064.49,0,0
TXN0005777,CUST01103,4070.91,8,UPI,Chennai,Android,1,0,0,4,26,341.27,0,0
TXN0005778,CUST00919,5836.5,6,UPI,Hyderabad,Android,0,0,1,2,325,818.33,0,0
TXN0005779,CUST00499,504.37,5,UPI,Noida,iOS,0,0,0,3,772,1089.63,0,0
TXN0005780,CUST01822,3672.28,1,Debit Card,Bengaluru,Web,0,0,0,2,687,2942.64,1,0
TXN0005781,CUST00866,256.78,3,UPI,Mumbai,iOS,0,0,0,4,15,1747.43,1,0
TXN0005782,CUST00826,1646.17,13,UPI,Hyderabad,iOS,0,0,1,2,16,1063.5,1,0
TXN0005783,CUST01859,5473.04,9,UPI,Bengaluru,Android,0,0,0,2,270,1410.08,0,0
TXN0005784,CUST02119,1036.94,7,UPI,Kolkata,iOS,0,0,1,4,1244,2368.38,1,0
TXN0005785,CUST02296,398.86,17,Debit Card,Hyderabad,iOS,0,0,1,1,1389,626.12,1,0
TXN0005786,CUST00146,2083.4,9,UPI,Jaipur,Android,0,0,3,1,401,646.93,0,0
TXN0005787,CUST01642,983.21,0,Credit Card,Gurugram,iOS,1,0,0,2,107,2463.91,0,0
TXN0005788,CUST01320,3378.21,12,UPI,Chennai,iOS,0,0,2,3,813,2116.56,1,0
TXN0005789,CUST00470,742.64,10,UPI,Bengaluru,iOS,0,0,0,2,235,1024.23,1,0
TXN0005790,CUST00193,831.23,10,UPI,Mumbai,Android,0,0,2,4,2227,737.47,0,0
TXN0005791,CUST01092,238.54,13,UPI,Pune,Android,0,0,1,4,907,2706.55,0,0
TXN0005792,CUST00052,2133.43,17,UPI,Pune,Web,0,0,1,4,61,890.65,0,0
TXN0005793,CUST02411,1532.47,16,Debit Card,Delhi,Android,1,0,1,1,930,826.31,0,0
TXN0005794,CUST01821,548.48,22,Debit Card,Kolkata,Android,1,0,0,6,1110,666.12,0,0
TXN0005795,CUST01870,2184.93,14,UPI,Chennai,Web,0,0,1,8,299,1669.68,1,0
TXN0005796,CUST01787,5027.17,14,UPI,Kolkata,Android,0,0,0,6,82,2024.19,0,0
TXN0005797,CUST01455,1450.95,9,UPI,Hyderabad,Android,1,0,1,3,445,537.61,0,0
TXN0005798,CUST01868,2353.62,18,Credit Card,Chennai,Android,0,0,1,6,845,1411.45,1,0
TXN0005799,CUST02008,2365.76,7,Wallet,Kolkata,Web,0,0,0,2,3000,762.02,0,0
TXN0005800,CUST01435,539.81,14,Net Banking,Pune,Android,0,0,0,6,1419,1159.83,0,0
TXN0005801,CUST00840,14074.61,13,Credit Card,Delhi,iOS,1,0,0,2,1490,1739.24,0,0
TXN0005802,CUST00241,1124.05,17,UPI,Delhi,iOS,0,0,1,2,827,1503.04,0,0
TXN0005803,CUST00536,3469.13,21,Debit Card,Mumbai,Android,0,1,1,2,899,4372.49,0,0
TXN0005804,CUST01408,3884.53,22,UPI,Bengaluru,Android,0,0,1,3,270,509.31,0,0
TXN0005805,CUST00083,1565.48,8,Credit Card,Delhi,Android,0,0,0,9,81,1740.77,0,0
TXN0005806,CUST00982,3302.18,9,UPI,Jaipur,Web,0,0,1,4,3000,8298.07,0,0
TXN0005807,CUST00951,2301.6,19,UPI,Mumbai,Web,0,1,0,4,14,754.15,1,0
TXN0005808,CUST00611,436.11,15,UPI,Mumbai,Web,0,0,1,5,444,693.9,1,0
TXN0005809,CUST00574,1291.13,13,UPI,Kolkata,Android,0,0,1,2,642,929.22,1,0
TXN0005810,CUST02334,975.54,18,Credit Card,Pune,Android,0,0,0,1,419,1782.91,1,0
TXN0005811,CUST00989,1134.33,16,Debit Card,Gurugram,Android,1,0,0,7,426,423.12,0,0
TXN0005812,CUST00459,488.6,22,Debit Card,Jaipur,iOS,0,0,0,1,386,568.63,0,0
TXN0005813,CUST02174,5552.35,16,Net Banking,Chennai,iOS,1,0,1,4,531,379.91,1,0
TXN0005814,CUST01523,8933.24,13,UPI,Bengaluru,Web,0,0,1,1,376,1617.16,0,0
TXN0005815,CUST02473,4786.45,15,Credit Card,Delhi,Web,0,0,0,8,504,1644.83,1,0
TXN0005816,CUST01985,6412.93,19,Credit Card,Delhi,Android,0,1,1,5,48,3781.49,1,0
TXN0005817,CUST01567,1275.26,16,Debit Card,Mumbai,iOS,0,1,0,5,299,577.34,1,0
TXN0005818,CUST02160,952.69,17,UPI,Bengaluru,iOS,0,0,0,4,1824,1215.42,0,0
TXN0005819,CUST02450,826.3,23,UPI,Jaipur,Android,0,0,3,4,468,1979.23,0,0
TXN0005820,CUST00122,3427.57,16,UPI,Jaipur,iOS,0,0,0,3,2017,1884.81,1,0
TXN0005821,CUST00273,2258.84,12,Net Banking,Chennai,Web,1,0,1,1,262,1738.72,0,0
TXN0005822,CUST01318,1666.23,17,Wallet,Kolkata,Android,1,0,0,3,41,731.78,1,0
TXN0005823,CUST00398,6572.77,17,UPI,Hyderabad,Android,0,0,0,3,11,1949.64,0,0
TXN0005824,CUST00985,2698.59,0,Wallet,Jaipur,Android,0,1,0,4,1403,3203.56,0,0
TXN0005825,CUST01231,778.12,13,UPI,Pune,Web,0,0,0,8,207,354.07,0,0
TXN0005826,CUST01134,911.08,18,UPI,Pune,Web,0,0,0,4,182,972.18,0,0
TXN0005827,CUST01302,3560.07,14,Debit Card,Mumbai,Android,1,0,0,3,1377,1632.51,0,0
TXN0005828,CUST01911,5101.42,19,UPI,Pune,iOS,0,0,0,5,108,987.74,0,0
TXN0005829,CUST01506,3125.1,13,UPI,Chennai,Android,0,0,0,5,345,1848.93,0,0
TXN0005830,CUST01917,11997.23,23,Wallet,Pune,Android,0,0,1,2,1789,2434.39,0,0
TXN0005831,CUST00820,9233.09,10,Credit Card,Hyderabad,Android,0,0,0,3,605,3957.02,0,0
TXN0005832,CUST01957,2797.77,6,Net Banking,Delhi,Android,0,0,0,4,1983,911.43,0,0
TXN0005833,CUST02369,778.18,13,UPI,Gurugram,Android,0,0,1,6,165,556.32,0,0
TXN0005834,CUST00179,485.68,15,UPI,Bengaluru,iOS,0,0,1,7,201,4163.55,0,0
TXN0005835,CUST00897,1221.9,11,UPI,Delhi,Web,0,0,1,3,676,1071.45,0,0
TXN0005836,CUST02267,3822.86,9,Wallet,Hyderabad,Android,0,0,0,5,2992,703.91,0,0
TXN0005837,CUST01973,11183.44,17,UPI,Kolkata,Android,0,0,2,3,680,4906.12,0,0
TXN0005838,CUST01552,2732.55,12,UPI,Hyderabad,Android,1,1,1,8,771,3692.62,0,0
TXN0005839,CUST00492,5792.18,17,UPI,Hyderabad,Android,1,0,1,6,120,1100.56,1,1
TXN0005840,CUST00061,1408.44,19,Debit Card,Gurugram,Android,0,0,0,4,1020,252.96,0,0
TXN0005841,CUST01078,3355.35,19,UPI,Pune,Web,0,0,0,3,758,2857.31,0,0
TXN0005842,CUST01704,4100.64,12,UPI,Gurugram,Android,1,0,0,1,376,436.44,1,1
TXN0005843,CUST00065,248.63,15,UPI,Mumbai,Android,1,0,1,4,505,1403.29,0,0
TXN0005844,CUST00586,1190.47,13,UPI,Kolkata,Android,0,0,0,6,586,2641.93,1,0
TXN0005845,CUST01728,4652.88,20,UPI,Kolkata,Web,1,0,1,3,50,918.28,0,0
TXN0005846,CUST02219,2368.5,20,UPI,Noida,Android,0,0,0,3,2080,1887.76,0,0
TXN0005847,CUST00535,544.04,11,Wallet,Jaipur,Android,0,0,0,1,565,1729.77,1,0
TXN0005848,CUST02156,158.45,6,UPI,Gurugram,Android,0,0,0,2,488,5990.64,0,0
TXN0005849,CUST01871,1248.58,8,UPI,Noida,Android,0,0,1,4,467,1141.41,0,0
TXN0005850,CUST01005,1675.65,11,UPI,Mumbai,Web,0,0,1,6,2312,1764.5,0,0
TXN0005851,CUST02500,743.69,15,Net Banking,Bengaluru,Android,0,1,3,1,1439,1489.55,1,0
TXN0005852,CUST01230,2076.89,17,UPI,Mumbai,iOS,0,0,1,4,171,887.96,0,0
TXN0005853,CUST01040,2986.71,11,Debit Card,Delhi,Android,0,0,1,3,21,2565.73,1,0
TXN0005854,CUST00327,3520.05,17,Wallet,Kolkata,Android,0,0,1,2,866,751.55,1,0
TXN0005855,CUST00608,170.65,22,UPI,Noida,Web,0,0,0,3,153,1110.33,1,0
TXN0005856,CUST00002,483.6,17,UPI,Chennai,iOS,0,0,0,4,92,1140.94,1,0
TXN0005857,CUST01034,1327.32,8,Debit Card,Jaipur,Android,0,0,0,3,3000,1178.58,0,0
TXN0005858,CUST02482,3189.81,16,Debit Card,Gurugram,iOS,0,0,0,5,309,1872.03,0,0
TXN0005859,CUST00125,2935.92,15,Debit Card,Hyderabad,Android,0,0,1,1,815,969.26,1,1
TXN0005860,CUST01105,2885.38,20,Debit Card,Delhi,Web,0,0,0,1,229,1371.66,1,0
TXN0005861,CUST01862,1226.75,11,UPI,Hyderabad,iOS,0,0,0,3,15,2369.6,0,0
TXN0005862,CUST01174,1297.13,13,Debit Card,Chennai,Android,0,0,1,2,156,1787.88,1,0
TXN0005863,CUST00129,868.89,16,UPI,Noida,Android,0,0,0,5,45,645.67,1,0
TXN0005864,CUST00438,3880.57,15,Credit Card,Chennai,Android,1,0,0,5,79,3435.51,0,0
TXN0005865,CUST00751,716.98,18,Credit Card,Jaipur,iOS,0,1,0,4,958,922.13,0,0
TXN0005866,CUST01222,4211.52,2,UPI,Gurugram,Android,0,1,0,4,1564,1662.9,1,0
TXN0005867,CUST02259,2215.86,15,UPI,Pune,Android,0,0,0,5,1988,3042.79,1,0
TXN0005868,CUST00902,1720.72,7,UPI,Noida,Web,0,0,0,4,304,1279.65,1,0
TXN0005869,CUST02093,933.4,10,UPI,Bengaluru,Android,0,0,0,2,201,3083.19,0,0
TXN0005870,CUST01303,464.05,17,Wallet,Bengaluru,Android,0,0,1,4,949,690.48,0,0
TXN0005871,CUST01434,941.89,8,Credit Card,Gurugram,Android,0,0,0,3,377,899.99,0,0
TXN0005872,CUST00391,1294.05,10,Debit Card,Pune,Android,0,0,1,1,1034,3055.41,1,0
TXN0005873,CUST01068,168.43,18,UPI,Hyderabad,iOS,0,0,1,3,1113,1777.91,0,0
TXN0005874,CUST00027,1477.62,17,UPI,Noida,iOS,0,0,1,2,1971,4537.65,1,0
TXN0005875,CUST00548,4536.45,6,UPI,Hyderabad,Android,0,0,1,3,245,765.17,1,0
TXN0005876,CUST00567,3174.04,16,UPI,Hyderabad,Android,0,0,0,5,194,1023.98,1,0
TXN0005877,CUST00704,1095.91,7,Credit Card,Kolkata,Android,0,0,0,4,468,897.96,0,0
TXN0005878,CUST01243,1886.5,9,Wallet,Kolkata,Android,0,0,0,1,399,854.72,0,0
TXN0005879,CUST00185,1032.13,13,UPI,Noida,Android,0,0,1,3,1800,3344.45,0,0
TXN0005880,CUST01591,2088.71,6,Credit Card,Jaipur,Android,0,0,1,2,241,1165.27,0,0
TXN0005881,CUST01914,8397.17,23,UPI,Kolkata,Android,1,0,0,3,776,2332.35,0,0
TXN0005882,CUST00848,4741.18,8,UPI,Noida,iOS,0,0,0,4,267,2005.56,0,0
TXN0005883,CUST00599,3030.06,19,UPI,Noida,Android,0,0,0,6,10,2013.72,0,0
TXN0005884,CUST00806,1099.55,20,Debit Card,Kolkata,iOS,0,1,1,2,44,807.98,1,0
TXN0005885,CUST01358,3810.37,23,Credit Card,Delhi,Android,0,0,1,3,95,2619.6,0,0
TXN0005886,CUST02127,333.17,13,UPI,Hyderabad,iOS,0,0,1,3,314,1281.57,1,0
TXN0005887,CUST01879,1398.55,20,Credit Card,Bengaluru,iOS,0,0,0,5,693,3087.61,0,0
TXN0005888,CUST02461,3226.82,22,Credit Card,Gurugram,iOS,0,0,0,3,282,1081.37,0,0
TXN0005889,CUST00546,3774.27,8,UPI,Jaipur,Android,0,0,3,2,1005,1847.21,0,0
TXN0005890,CUST01633,3517.22,14,Credit Card,Noida,Android,0,0,0,2,1701,2400.92,0,0
TXN0005891,CUST02217,2417.22,3,Debit Card,Gurugram,Web,0,1,1,3,1565,532.79,0,0
TXN0005892,CUST02080,1480.03,16,UPI,Chennai,Android,0,0,1,2,15,810.8,1,0
TXN0005893,CUST02335,3082.57,16,Debit Card,Chennai,Android,0,0,1,8,11,1366.15,0,0
TXN0005894,CUST01927,694.15,8,UPI,Jaipur,Web,0,1,0,5,861,1340.87,0,0
TXN0005895,CUST00617,773.45,19,Debit Card,Chennai,iOS,1,0,1,2,588,1208.87,0,0
TXN0005896,CUST02318,1914.62,1,Wallet,Mumbai,Web,1,0,0,4,220,899.93,0,0
TXN0005897,CUST01204,2140.38,19,UPI,Kolkata,Android,0,0,2,4,1477,3804.21,0,0
TXN0005898,CUST01760,290.01,1,UPI,Noida,Android,0,0,1,5,29,1806.76,0,0
TXN0005899,CUST00226,2837.53,17,UPI,Chennai,Android,0,1,0,6,176,894.78,0,0
TXN0005900,CUST00670,3898.2,5,UPI,Noida,iOS,0,0,1,4,186,858.78,0,0
TXN0005901,CUST01764,1666.13,9,UPI,Pune,Android,0,1,0,2,65,1339.43,1,0
TXN0005902,CUST00917,19341.5,18,Credit Card,Hyderabad,Android,0,0,0,4,497,1559.84,1,0
TXN0005903,CUST02174,909.24,10,UPI,Kolkata,iOS,1,0,1,2,100,2202.05,1,0
TXN0005904,CUST02122,1254.45,14,UPI,Noida,Android,1,0,0,1,647,991.36,1,0
TXN0005905,CUST01215,1212.54,21,Debit Card,Gurugram,iOS,0,0,0,6,690,883.91,0,0
TXN0005906,CUST01706,1667.96,2,Debit Card,Chennai,Android,0,0,2,5,625,1208.09,0,0
TXN0005907,CUST01843,1295.71,19,UPI,Gurugram,Android,0,0,2,1,819,2101.47,0,0
TXN0005908,CUST01984,440.86,4,Debit Card,Noida,Android,0,0,1,4,3000,2831.42,0,0
TXN0005909,CUST00056,1042.1,7,Wallet,Delhi,iOS,0,0,2,4,984,2043.34,0,0
TXN0005910,CUST00720,1632.59,7,UPI,Noida,Android,0,1,0,1,369,1402.73,0,0
TXN0005911,CUST02080,6149.43,23,UPI,Noida,Web,0,0,1,3,205,1227.45,1,0
TXN0005912,CUST00574,16281.51,8,Debit Card,Kolkata,iOS,1,0,2,3,147,2385.05,0,0
TXN0005913,CUST00667,6843.23,21,Debit Card,Delhi,iOS,0,0,0,1,1109,765.11,0,0
TXN0005914,CUST00284,828.95,23,UPI,Pune,Web,0,0,0,3,917,2957.48,0,0
TXN0005915,CUST01745,897.61,12,UPI,Mumbai,Android,0,0,0,4,70,1188.32,1,0
TXN0005916,CUST02235,1534.89,17,Debit Card,Pune,Android,0,0,0,6,1721,2295.8,0,0
TXN0005917,CUST00498,10722.51,19,Net Banking,Mumbai,Android,0,0,1,7,453,687.51,0,0
TXN0005918,CUST01466,1525.56,12,Debit Card,Mumbai,Web,1,0,0,3,75,1440.03,0,0
TXN0005919,CUST00130,477.25,8,Net Banking,Kolkata,iOS,0,0,1,4,2038,650.5,1,0
TXN0005920,CUST00639,1090.47,13,Credit Card,Jaipur,iOS,1,0,3,7,323,1241.25,0,0
TXN0005921,CUST02162,3837.58,19,Wallet,Delhi,Android,0,0,0,3,386,1938.58,0,0
TXN0005922,CUST02061,3588.47,19,Debit Card,Chennai,Android,0,0,0,3,705,1481.27,0,0
TXN0005923,CUST02492,1473.4,9,Wallet,Delhi,Android,0,0,0,3,254,1578.34,0,0
TXN0005924,CUST02495,3565.13,8,UPI,Gurugram,iOS,1,0,1,3,25,921.64,0,0
TXN0005925,CUST00986,185.37,21,Debit Card,Chennai,Android,0,0,0,3,657,1309.05,0,0
TXN0005926,CUST00993,1996.94,2,UPI,Chennai,Android,0,0,0,3,266,3058.14,1,0
TXN0005927,CUST02122,4256.61,18,UPI,Hyderabad,iOS,1,0,0,4,598,642.43,0,0
TXN0005928,CUST00101,782.64,2,Credit Card,Bengaluru,Web,0,0,1,3,876,4227.91,0,0
TXN0005929,CUST02224,779.93,20,UPI,Noida,Android,1,0,1,3,20,2358.72,1,0
TXN0005930,CUST00427,278.41,21,UPI,Kolkata,Web,0,0,2,4,624,1812.68,0,0
TXN0005931,CUST00041,8825.83,10,Net Banking,Gurugram,Android,0,0,1,5,1054,2914.34,0,0
TXN0005932,CUST00429,876.02,5,Debit Card,Pune,Android,0,0,1,3,10,2362.33,0,0
TXN0005933,CUST00344,2290.64,14,Wallet,Delhi,Web,0,0,1,5,233,936.47,0,0
TXN0005934,CUST00366,3292.69,10,Net Banking,Chennai,Android,1,0,0,2,702,841.19,1,1
TXN0005935,CUST00609,8164.98,12,UPI,Chennai,Web,0,0,0,3,1105,1200.24,0,0
TXN0005936,CUST00728,1543.25,17,UPI,Kolkata,Android,0,0,0,3,712,1561.15,0,0
TXN0005937,CUST02277,1049.55,9,UPI,Jaipur,Web,0,0,1,6,1061,4693.73,0,0
TXN0005938,CUST00825,2140.1,11,Credit Card,Delhi,Android,0,0,2,4,1141,1337.05,1,0
TXN0005939,CUST01376,6500.42,19,Credit Card,Delhi,iOS,0,0,0,3,944,4247.3,0,0
TXN0005940,CUST00889,1518.33,17,UPI,Pune,Web,0,0,0,3,230,698.82,1,0
TXN0005941,CUST02044,692.75,11,UPI,Pune,Android,0,0,2,2,165,1814.8,1,0
TXN0005942,CUST01342,385.59,17,UPI,Gurugram,Android,1,1,1,2,392,562.56,0,0
TXN0005943,CUST01297,530.73,19,UPI,Bengaluru,Android,0,1,2,3,511,307.97,1,0
TXN0005944,CUST00117,4272.41,16,UPI,Chennai,Web,1,0,2,2,18,5671.31,0,1
TXN0005945,CUST02416,1306.25,9,Wallet,Chennai,Android,1,0,0,4,1429,2724.76,0,0
TXN0005946,CUST01118,980.46,0,UPI,Delhi,Android,1,0,2,4,279,2003.8,1,0
TXN0005947,CUST00168,879.69,19,UPI,Pune,iOS,0,0,0,5,105,5127.43,0,0
TXN0005948,CUST01739,1959.78,19,UPI,Hyderabad,Web,1,0,0,2,141,3364.57,1,0
TXN0005949,CUST01365,1416.7,18,Debit Card,Pune,Android,0,0,0,2,222,4328.11,0,0
TXN0005950,CUST00695,1369.79,5,UPI,Noida,Web,0,0,1,4,268,2403.33,1,0
TXN0005951,CUST00925,6938.67,16,UPI,Noida,Android,1,0,1,4,1469,3762.28,1,0
TXN0005952,CUST00152,8379.62,19,Credit Card,Bengaluru,iOS,0,0,0,4,262,888.97,0,0
TXN0005953,CUST00586,359.79,12,Wallet,Gurugram,Android,0,0,0,4,159,870.72,0,0
TXN0005954,CUST00913,2497.72,8,Wallet,Hyderabad,Android,0,0,0,2,293,2175.53,1,0
TXN0005955,CUST02322,827.72,16,UPI,Delhi,Web,0,0,1,1,117,3851.65,0,0
TXN0005956,CUST01578,1404.3,19,Debit Card,Gurugram,Android,0,0,1,4,399,1546.31,0,1
TXN0005957,CUST00496,2452.39,2,UPI,Chennai,Android,1,0,1,2,1586,4892.24,0,0
TXN0005958,CUST02149,1455.09,16,UPI,Noida,iOS,0,0,0,4,826,184.4,1,0
TXN0005959,CUST00557,2266.52,17,Credit Card,Kolkata,iOS,0,0,2,1,1321,2878.19,0,0
TXN0005960,CUST01106,3528.09,16,UPI,Chennai,Android,0,0,1,1,2289,3934.85,1,0
TXN0005961,CUST01553,2416.6,17,Debit Card,Noida,iOS,0,0,0,3,290,1675.82,0,0
TXN0005962,CUST02121,942.66,17,Wallet,Delhi,iOS,0,0,2,3,119,2190.76,1,0
TXN0005963,CUST00157,959.43,7,UPI,Hyderabad,Web,0,0,0,7,634,947.35,0,0
TXN0005964,CUST00735,426.6,9,UPI,Chennai,Android,0,0,1,5,663,843.05,0,0
TXN0005965,CUST02180,766.34,16,UPI,Hyderabad,Android,0,0,0,6,621,3817.73,0,0
TXN0005966,CUST01428,12805.25,0,Credit Card,Pune,Android,0,0,0,2,875,1157.01,0,0
TXN0005967,CUST00559,815.29,17,Wallet,Gurugram,Android,0,0,1,2,135,8148.25,1,0
TXN0005968,CUST02155,545.75,17,Wallet,Delhi,Android,1,1,0,6,10,937.56,1,0
TXN0005969,CUST02313,2478.65,9,Credit Card,Jaipur,Android,0,0,1,2,416,521.07,0,0
TXN0005970,CUST00155,1611.91,16,UPI,Mumbai,Web,0,0,3,3,95,853.6,1,0
TXN0005971,CUST00997,1480.22,15,Debit Card,Delhi,Web,1,0,2,3,17,1166.15,0,0
TXN0005972,CUST02295,7365.69,9,UPI,Kolkata,Android,0,0,0,2,368,776.95,0,0
TXN0005973,CUST00531,3117.13,13,Net Banking,Mumbai,Android,1,0,1,2,681,1665.14,1,0
TXN0005974,CUST01972,1059.5,21,UPI,Gurugram,Android,0,0,2,7,463,1073.13,0,0
TXN0005975,CUST00729,1177.4,13,Credit Card,Noida,Android,0,0,0,3,19,3853.04,1,0
TXN0005976,CUST01178,1088.93,16,UPI,Jaipur,Web,0,0,0,4,129,1257.95,1,0
TXN0005977,CUST00154,4316.85,1,UPI,Delhi,Android,0,0,1,3,336,1157.37,1,0
TXN0005978,CUST00092,1322.65,5,Credit Card,Bengaluru,Web,0,0,1,2,1016,2413.3,0,0
TXN0005979,CUST02386,299.58,5,Debit Card,Pune,Android,0,0,0,5,210,1552.86,1,0
TXN0005980,CUST01504,1715.09,19,Debit Card,Bengaluru,iOS,0,0,1,1,1160,607.14,0,0
TXN0005981,CUST01717,387.04,11,Credit Card,Gurugram,iOS,0,0,1,2,1088,1060.42,1,0
TXN0005982,CUST02498,15990.86,9,UPI,Jaipur,Android,0,0,1,4,588,723.85,0,0
TXN0005983,CUST02017,685.31,18,Wallet,Jaipur,Android,0,0,2,2,1120,2579.77,0,0
TXN0005984,CUST00787,1531.0,8,Debit Card,Mumbai,Web,0,0,0,1,640,6200.53,0,0
TXN0005985,CUST00273,2330.28,9,UPI,Pune,Android,0,0,0,1,125,1429.32,1,0
TXN0005986,CUST02028,1348.68,13,Debit Card,Mumbai,Android,0,0,0,4,10,2389.25,0,0
TXN0005987,CUST00177,1346.83,11,Net Banking,Bengaluru,Android,0,0,0,3,544,1460.73,0,0
TXN0005988,CUST00643,2744.54,16,Credit Card,Jaipur,Android,1,0,1,6,138,1583.61,0,0
TXN0005989,CUST01899,8281.32,11,UPI,Gurugram,Android,0,0,1,3,565,3068.27,0,0
TXN0005990,CUST00567,3877.91,12,Credit Card,Gurugram,Android,0,1,2,1,147,866.37,0,0
TXN0005991,CUST00666,7895.56,20,UPI,Mumbai,Web,0,0,1,1,81,933.08,0,0
TXN0005992,CUST01332,632.02,20,Debit Card,Noida,Android,0,0,2,1,327,2297.44,0,0
TXN0005993,CUST01799,2472.3,20,Credit Card,Bengaluru,Android,1,0,0,1,829,1567.43,1,0
TXN0005994,CUST01070,2102.3,20,Wallet,Mumbai,Android,0,0,1,3,161,1963.15,0,0
TXN0005995,CUST02350,2557.11,15,Credit Card,Jaipur,Android,0,0,2,3,1094,2839.61,0,0
TXN0005996,CUST00408,7127.91,17,UPI,Noida,iOS,1,0,0,3,1338,872.27,1,0
TXN0005997,CUST01213,1443.39,15,Debit Card,Bengaluru,Web,0,0,0,2,177,838.58,0,0
TXN0005998,CUST01854,1199.95,19,UPI,Noida,iOS,0,0,0,3,180,6790.01,1,0
TXN0005999,CUST01153,3070.28,15,UPI,Pune,Android,0,0,0,2,264,2173.31,1,0
TXN0006000,CUST01142,304.09,7,UPI,Delhi,Android,0,0,0,5,746,3496.68,1,0
TXN0006001,CUST00144,1420.39,19,UPI,Mumbai,Android,0,1,0,3,78,6142.28,0,0
TXN0006002,CUST02490,1573.95,19,Net Banking,Mumbai,Android,0,0,0,4,949,2511.8,1,0
TXN0006003,CUST00487,717.08,19,Credit Card,Kolkata,Android,0,0,1,4,436,270.46,0,0
TXN0006004,CUST00860,5180.21,8,Debit Card,Pune,iOS,0,0,0,2,546,3564.97,0,0
TXN0006005,CUST01936,622.22,10,UPI,Mumbai,Android,1,0,0,4,1009,762.38,0,0
TXN0006006,CUST00148,1571.32,10,Debit Card,Delhi,Android,0,0,0,2,63,2532.49,1,0
TXN0006007,CUST01360,2413.18,14,Credit Card,Chennai,Web,0,0,1,3,1205,884.94,0,0
TXN0006008,CUST01358,6967.37,7,UPI,Mumbai,Web,0,1,0,4,1719,1034.14,0,0
TXN0006009,CUST00090,1781.1,12,Net Banking,Jaipur,Android,0,0,1,4,694,2763.95,0,0
TXN0006010,CUST01358,4590.28,8,Credit Card,Jaipur,Android,0,0,1,2,878,1802.28,1,0
TXN0006011,CUST00199,3626.91,9,Credit Card,Pune,iOS,0,1,0,3,82,1481.89,0,0
TXN0006012,CUST00538,2036.52,18,UPI,Mumbai,Android,0,0,0,2,437,589.86,0,0
TXN0006013,CUST00301,605.48,20,UPI,Gurugram,Web,1,0,1,6,171,1445.4,0,0
TXN0006014,CUST00724,428.79,1,Wallet,Chennai,Android,0,0,2,1,946,8473.24,0,0
TXN0006015,CUST01599,2002.29,15,Debit Card,Kolkata,Android,0,0,1,1,947,3179.29,0,0
TXN0006016,CUST01460,1046.12,1,Credit Card,Hyderabad,Android,0,0,1,4,287,825.33,1,0
TXN0006017,CUST00068,4513.39,5,Wallet,Mumbai,iOS,0,1,0,3,748,1873.67,0,0
TXN0006018,CUST01538,3794.84,18,Credit Card,Bengaluru,iOS,0,1,1,2,441,1424.38,0,0
TXN0006019,CUST00398,1496.57,18,Credit Card,Chennai,iOS,0,0,1,3,431,1411.39,0,0
TXN0006020,CUST00620,565.57,19,UPI,Delhi,Web,0,0,0,3,661,636.05,0,0
TXN0006021,CUST01585,2999.73,14,Credit Card,Hyderabad,Android,0,0,0,2,529,1896.0,1,0
TXN0006022,CUST01164,650.4,20,UPI,Hyderabad,iOS,0,0,2,3,109,1445.64,1,0
TXN0006023,CUST00730,843.09,8,UPI,Mumbai,Web,0,0,0,4,584,1166.0,0,0
TXN0006024,CUST00556,675.95,9,Net Banking,Gurugram,Web,1,0,0,3,336,3507.53,0,0
TXN0006025,CUST01953,1567.19,7,UPI,Pune,Android,0,0,0,2,359,651.95,0,0
TXN0006026,CUST01752,5800.7,19,UPI,Gurugram,iOS,0,0,0,3,959,2133.82,1,0
TXN0006027,CUST02330,1790.95,9,UPI,Pune,iOS,1,0,0,2,835,1958.6,0,0
TXN0006028,CUST00996,1155.54,8,UPI,Mumbai,iOS,0,0,0,2,760,393.99,0,0
TXN0006029,CUST01960,391.48,16,UPI,Delhi,Android,0,0,1,1,1087,3610.76,0,0
TXN0006030,CUST01602,3126.49,5,UPI,Hyderabad,iOS,0,0,0,1,133,1996.31,0,0
TXN0006031,CUST01481,824.8,2,Credit Card,Delhi,iOS,0,0,0,2,415,1085.98,0,0
TXN0006032,CUST02135,2024.46,6,Credit Card,Noida,Android,1,0,2,5,1939,1560.69,0,0
TXN0006033,CUST01103,1263.1,0,Debit Card,Delhi,Android,0,1,2,3,63,3458.56,0,0
TXN0006034,CUST02352,4161.87,18,Net Banking,Chennai,Android,0,0,0,4,1658,2221.75,0,0
TXN0006035,CUST01404,1538.1,15,Credit Card,Gurugram,iOS,1,0,4,4,93,2413.95,0,0
TXN0006036,CUST02178,1697.0,9,UPI,Delhi,iOS,0,0,0,4,25,1934.04,0,0
TXN0006037,CUST01300,2925.7,9,UPI,Hyderabad,Android,1,0,1,1,128,1565.32,1,0
TXN0006038,CUST01723,14801.48,19,Debit Card,Noida,iOS,0,0,1,3,359,1267.19,1,0
TXN0006039,CUST00899,4376.43,14,Credit Card,Noida,Android,1,0,2,7,189,1598.29,0,0
TXN0006040,CUST01207,1647.37,18,UPI,Delhi,Android,0,1,0,3,361,773.78,0,0
TXN0006041,CUST01536,1805.77,13,UPI,Noida,Android,0,0,0,1,382,1398.42,0,0
TXN0006042,CUST00078,1064.95,9,Debit Card,Bengaluru,Android,0,0,0,4,2920,2760.02,0,0
TXN0006043,CUST01533,696.14,22,Credit Card,Kolkata,iOS,0,0,0,7,483,1355.34,0,0
TXN0006044,CUST00238,1035.66,15,Credit Card,Jaipur,Web,0,0,0,3,879,1268.35,1,0
TXN0006045,CUST01158,831.63,7,UPI,Delhi,Android,0,0,0,5,58,6669.44,1,0
TXN0006046,CUST01997,3459.61,12,Credit Card,Chennai,Web,0,0,0,5,553,1696.91,0,0
TXN0006047,CUST01216,616.68,11,Debit Card,Hyderabad,iOS,1,0,0,4,194,3802.17,0,0
TXN0006048,CUST00278,6827.76,9,Wallet,Hyderabad,Android,1,0,2,5,183,3726.6,1,0
TXN0006049,CUST00524,3818.41,21,Debit Card,Chennai,Android,0,0,0,6,3000,1417.93,1,0
TXN0006050,CUST00180,1837.28,20,Credit Card,Bengaluru,iOS,0,0,0,2,225,1645.4,1,0
TXN0006051,CUST00123,1800.57,8,Debit Card,Kolkata,iOS,0,0,0,5,1230,2224.55,0,0
TXN0006052,CUST01270,1030.98,11,Credit Card,Mumbai,Android,0,0,0,3,370,2481.93,0,0
TXN0006053,CUST01758,2358.14,19,UPI,Delhi,Android,0,0,1,2,287,1346.63,0,0
TXN0006054,CUST01095,5343.49,9,Wallet,Pune,Web,0,1,0,5,91,573.85,1,0
TXN0006055,CUST00480,891.04,16,Credit Card,Delhi,Android,0,0,2,3,652,1766.43,0,0
TXN0006056,CUST01798,388.44,18,Credit Card,Kolkata,Web,0,1,1,4,458,2375.57,0,0
TXN0006057,CUST02132,3636.44,17,Net Banking,Noida,Android,1,0,0,2,579,2808.89,0,0
TXN0006058,CUST02405,2489.68,18,Net Banking,Mumbai,Android,0,0,0,1,1075,2916.67,1,0
TXN0006059,CUST00816,587.19,18,Credit Card,Hyderabad,Android,1,0,1,1,952,2897.63,0,0
TXN0006060,CUST00443,864.5,22,UPI,Kolkata,Android,0,0,0,4,63,9597.63,0,0
TXN0006061,CUST00143,762.37,11,UPI,Pune,Android,1,0,1,6,29,1599.04,0,0
TXN0006062,CUST00192,872.19,20,Wallet,Mumbai,Android,0,0,0,1,447,2644.99,0,0
TXN0006063,CUST01411,1302.26,0,UPI,Hyderabad,iOS,0,0,1,4,79,1972.55,0,0
TXN0006064,CUST00378,1378.84,10,Net Banking,Bengaluru,Android,0,0,1,3,2171,860.34,0,0
TXN0006065,CUST00535,938.94,2,UPI,Gurugram,iOS,0,0,0,4,657,1222.12,1,0
TXN0006066,CUST01717,843.35,17,Credit Card,Pune,Web,0,0,1,5,1251,1467.55,0,0
TXN0006067,CUST01033,1431.9,6,Credit Card,Mumbai,Web,0,0,0,4,16,1885.09,0,0
TXN0006068,CUST01411,2128.63,20,UPI,Mumbai,Android,0,1,1,4,367,1515.52,0,0
TXN0006069,CUST02141,1311.92,17,Net Banking,Bengaluru,iOS,1,0,1,2,370,1238.81,0,0
TXN0006070,CUST01990,5734.23,1,Credit Card,Chennai,iOS,0,0,2,6,167,5015.3,1,0
TXN0006071,CUST01178,2991.8,18,UPI,Pune,Android,1,1,1,1,53,1405.73,0,0
TXN0006072,CUST00405,366.76,20,UPI,Chennai,Android,0,1,1,3,195,2896.97,0,0
TXN0006073,CUST01173,3038.96,17,Debit Card,Delhi,Android,0,0,0,2,687,1883.12,0,0
TXN0006074,CUST00889,3298.05,1,UPI,Delhi,Android,0,0,1,6,20,1734.23,1,0
TXN0006075,CUST00422,1165.39,20,Wallet,Kolkata,Web,1,0,1,3,414,1698.3,1,0
TXN0006076,CUST01642,403.57,18,UPI,Jaipur,Web,1,0,1,2,351,476.3,0,0
TXN0006077,CUST00472,1814.58,12,UPI,Kolkata,iOS,0,1,0,3,183,626.95,0,0
TXN0006078,CUST00547,1786.18,11,UPI,Jaipur,Android,0,0,0,5,211,4770.88,0,0
TXN0006079,CUST00631,586.34,14,UPI,Pune,Web,0,0,0,1,147,507.84,0,0
TXN0006080,CUST01038,421.71,20,UPI,Gurugram,iOS,0,1,2,7,626,1246.93,0,0
TXN0006081,CUST01830,1649.11,9,Net Banking,Mumbai,Android,0,0,1,4,382,1067.56,0,0
TXN0006082,CUST00364,1425.77,6,UPI,Delhi,Web,0,0,1,4,896,2363.82,0,0
TXN0006083,CUST02167,1185.92,20,UPI,Pune,Android,0,0,0,4,731,435.01,0,0
TXN0006084,CUST00546,1655.95,1,UPI,Pune,Android,0,0,0,6,482,4828.3,1,0
TXN0006085,CUST00634,597.51,21,Credit Card,Gurugram,iOS,0,0,1,4,2114,3746.71,0,0
TXN0006086,CUST01937,1165.29,10,Debit Card,Jaipur,Web,0,0,1,5,298,6722.33,1,0
TXN0006087,CUST01681,3068.26,14,Debit Card,Delhi,Android,0,0,0,4,1249,3409.31,0,0
TXN0006088,CUST00963,1268.48,7,UPI,Delhi,iOS,0,0,0,6,388,494.17,1,0
TXN0006089,CUST00883,338.18,21,Credit Card,Jaipur,Android,1,0,1,1,150,775.08,0,0
TXN0006090,CUST00871,1121.98,18,Credit Card,Pune,iOS,0,1,1,2,608,694.61,1,0
TXN0006091,CUST00516,617.32,21,Credit Card,Chennai,Android,0,0,0,2,409,270.0,0,0
TXN0006092,CUST01421,2351.19,17,UPI,Pune,Web,0,0,0,2,248,1992.98,0,0
TXN0006093,CUST00866,2475.95,8,Debit Card,Pune,Web,0,0,0,1,1129,2340.82,1,0
TXN0006094,CUST02154,342.67,10,UPI,Hyderabad,Android,0,0,0,3,41,2957.56,1,0
TXN0006095,CUST01109,3845.1,14,UPI,Jaipur,Web,0,1,0,7,234,342.13,1,0
TXN0006096,CUST00214,591.91,16,UPI,Noida,Web,0,0,1,4,787,1138.13,1,0
TXN0006097,CUST02245,8558.88,21,UPI,Chennai,Android,0,0,1,3,119,1208.19,0,0
TXN0006098,CUST00019,1714.31,12,UPI,Pune,Web,0,0,0,3,411,1171.85,0,0
TXN0006099,CUST00642,517.57,18,Credit Card,Mumbai,Web,0,0,0,2,270,769.58,0,0
TXN0006100,CUST01105,574.53,22,Wallet,Delhi,Android,1,1,1,2,239,2115.01,0,0
TXN0006101,CUST00330,2549.46,8,Credit Card,Noida,Android,0,0,0,1,321,1109.94,0,0
TXN0006102,CUST00866,1217.12,20,UPI,Pune,Android,0,0,1,2,465,1059.47,0,0
TXN0006103,CUST00774,1634.17,13,Debit Card,Gurugram,Android,0,1,1,1,219,937.46,1,0
TXN0006104,CUST00392,9030.13,18,Debit Card,Chennai,Android,0,0,1,4,309,5638.93,0,0
TXN0006105,CUST00637,894.53,10,UPI,Noida,Android,0,0,0,3,585,934.98,1,0
TXN0006106,CUST02355,1911.23,11,Credit Card,Kolkata,Web,0,0,0,4,241,1240.72,0,0
TXN0006107,CUST01026,7445.66,1,Debit Card,Jaipur,iOS,0,0,0,5,1220,660.45,0,0
TXN0006108,CUST01675,2359.15,23,UPI,Delhi,Web,1,0,1,3,974,4192.93,0,0
TXN0006109,CUST00740,361.02,19,UPI,Kolkata,Web,0,0,0,2,91,1956.38,0,0
TXN0006110,CUST01546,2983.73,6,UPI,Hyderabad,Android,0,0,0,7,1131,5241.31,0,0
TXN0006111,CUST00469,562.58,23,Net Banking,Pune,iOS,0,0,0,4,119,4240.94,0,0
TXN0006112,CUST02260,7349.22,16,UPI,Gurugram,Android,0,0,0,5,73,4490.03,0,0
TXN0006113,CUST01136,790.51,20,UPI,Gurugram,iOS,0,0,1,4,2263,2084.71,0,0
TXN0006114,CUST01032,35068.25,4,UPI,Gurugram,Android,0,1,1,3,479,551.26,0,0
TXN0006115,CUST00874,7808.11,12,Wallet,Chennai,Android,0,0,0,3,1218,812.79,0,0
TXN0006116,CUST00460,811.54,17,UPI,Hyderabad,Android,0,0,2,3,169,863.16,0,0
TXN0006117,CUST02301,1836.39,6,Debit Card,Pune,iOS,0,1,2,2,1736,1510.36,0,0
TXN0006118,CUST01550,3824.51,14,Debit Card,Jaipur,Web,0,0,1,3,1382,1121.98,1,0
TXN0006119,CUST00752,3941.05,13,Credit Card,Chennai,Android,0,0,1,4,463,2155.59,0,0
TXN0006120,CUST01462,2801.41,9,Debit Card,Jaipur,Android,0,0,2,4,1108,3285.16,1,0
TXN0006121,CUST01778,6296.2,10,UPI,Chennai,iOS,0,0,1,5,290,1669.86,0,0
TXN0006122,CUST00854,1591.72,22,Wallet,Noida,Android,0,0,0,3,552,1550.88,0,0
TXN0006123,CUST02284,1247.41,10,Debit Card,Jaipur,Web,0,0,0,3,656,1438.03,1,0
TXN0006124,CUST01330,1272.42,9,Wallet,Chennai,Android,0,0,1,7,1125,3405.72,0,0
TXN0006125,CUST00478,4246.78,15,Debit Card,Delhi,Android,0,1,3,4,632,2074.83,0,0
TXN0006126,CUST02264,2593.39,17,Wallet,Chennai,Android,1,0,1,5,2309,2415.8,0,0
TXN0006127,CUST00135,2408.66,18,UPI,Chennai,iOS,0,0,0,4,10,1093.54,0,0
TXN0006128,CUST01153,3986.93,18,UPI,Chennai,Android,0,0,2,3,1080,2512.01,1,0
TXN0006129,CUST00410,231.48,1,UPI,Bengaluru,Android,0,0,1,1,212,2843.76,0,0
TXN0006130,CUST01446,2454.33,12,UPI,Gurugram,Web,0,0,0,5,71,980.31,0,0
TXN0006131,CUST01318,2239.73,19,Debit Card,Chennai,Android,0,0,0,2,145,2051.73,0,0
TXN0006132,CUST01270,9550.51,21,UPI,Mumbai,Android,0,0,0,4,954,2179.82,0,0
TXN0006133,CUST01580,390.31,16,UPI,Chennai,Web,1,0,2,2,305,1924.76,0,0
TXN0006134,CUST00086,8541.81,3,Debit Card,Gurugram,iOS,0,0,0,5,653,2109.94,0,0
TXN0006135,CUST01866,1940.99,12,Wallet,Noida,Android,0,0,2,5,643,1111.79,0,0
TXN0006136,CUST01470,2935.2,5,Debit Card,Pune,Android,1,0,0,2,255,1090.31,1,0
TXN0006137,CUST00378,9618.66,18,Debit Card,Gurugram,Android,0,0,1,2,454,3003.96,0,0
TXN0006138,CUST01681,3153.61,4,Credit Card,Kolkata,iOS,0,0,0,2,425,1092.7,0,0
TXN0006139,CUST01075,2686.27,8,Wallet,Mumbai,Web,0,1,1,3,341,1032.02,0,0
TXN0006140,CUST00242,2293.5,12,Credit Card,Delhi,iOS,0,1,1,2,170,998.49,1,0
TXN0006141,CUST00920,1109.94,13,Net Banking,Bengaluru,iOS,0,0,0,4,370,2952.55,0,0
TXN0006142,CUST01587,1749.44,12,UPI,Hyderabad,Android,0,0,0,2,46,2908.63,0,0
TXN0006143,CUST02314,880.09,13,Debit Card,Gurugram,Android,0,1,1,2,743,3330.46,0,0
TXN0006144,CUST01272,1721.54,18,Credit Card,Chennai,iOS,0,0,0,6,406,1294.52,0,0
TXN0006145,CUST00070,174.1,11,Credit Card,Mumbai,Android,0,0,1,3,960,707.57,0,0
TXN0006146,CUST02105,2764.41,15,Debit Card,Jaipur,Web,0,1,0,3,148,1076.4,0,0
TXN0006147,CUST01406,1593.69,10,Debit Card,Chennai,Android,0,0,0,3,306,952.6,0,0
TXN0006148,CUST02087,1286.06,11,Wallet,Mumbai,Android,0,0,0,6,1506,926.89,0,0
TXN0006149,CUST02008,2242.4,16,UPI,Gurugram,iOS,0,0,0,5,445,1224.1,0,0
TXN0006150,CUST00801,429.22,14,UPI,Pune,iOS,1,1,1,2,1463,1128.06,0,0
TXN0006151,CUST01042,12392.07,18,UPI,Chennai,iOS,0,0,2,3,303,1139.74,0,0
TXN0006152,CUST00825,1624.21,15,UPI,Mumbai,iOS,0,0,1,3,1586,2058.77,0,0
TXN0006153,CUST00756,1555.73,19,UPI,Kolkata,Android,0,0,0,2,407,761.49,1,0
TXN0006154,CUST02400,685.5,13,Debit Card,Kolkata,Web,1,0,1,2,131,1431.63,0,0
TXN0006155,CUST01996,1843.62,14,UPI,Mumbai,Web,0,0,0,7,428,774.62,1,0
TXN0006156,CUST01840,7204.79,17,Debit Card,Jaipur,Android,0,0,2,5,661,1336.34,0,0
TXN0006157,CUST01322,5071.84,9,Credit Card,Pune,Web,0,0,0,4,730,1035.73,0,0
TXN0006158,CUST02331,4230.09,12,Credit Card,Jaipur,Web,0,0,1,2,433,1311.93,0,0
TXN0006159,CUST01610,3108.64,16,UPI,Jaipur,iOS,1,0,0,3,421,1838.06,0,0
TXN0006160,CUST00110,1257.65,1,Debit Card,Bengaluru,iOS,0,0,1,4,161,1988.21,0,0
TXN0006161,CUST01017,422.16,13,Debit Card,Noida,iOS,1,1,0,3,48,555.87,0,0
TXN0006162,CUST01962,1472.19,16,UPI,Chennai,Android,0,0,1,4,35,1875.41,0,0
TXN0006163,CUST01770,1421.79,22,UPI,Noida,Android,0,0,1,4,288,569.91,0,0
TXN0006164,CUST00025,5137.57,20,UPI,Kolkata,Web,0,0,1,5,196,5520.88,0,0
TXN0006165,CUST00843,2452.67,10,Debit Card,Noida,iOS,1,1,1,1,1352,286.73,1,0
TXN0006166,CUST00738,9025.9,14,Debit Card,Delhi,Android,0,0,1,3,23,1484.08,0,0
TXN0006167,CUST02105,5961.22,3,Credit Card,Pune,Android,0,0,0,3,1026,674.82,0,0
TXN0006168,CUST00180,1140.3,9,UPI,Bengaluru,Android,0,0,1,4,429,1408.53,0,0
TXN0006169,CUST00232,298.99,19,UPI,Chennai,Web,0,1,1,2,947,748.94,0,0
TXN0006170,CUST01918,7194.82,7,UPI,Mumbai,Android,0,0,0,6,98,2818.89,0,0
TXN0006171,CUST00343,7008.84,9,UPI,Hyderabad,iOS,0,1,1,2,1380,1483.78,1,0
TXN0006172,CUST00477,459.13,22,UPI,Pune,Android,0,0,2,6,257,428.91,0,0
TXN0006173,CUST01823,8141.93,19,UPI,Delhi,iOS,0,0,2,3,2286,1566.97,0,1
TXN0006174,CUST00455,2637.69,19,Credit Card,Mumbai,Web,0,0,0,2,868,1952.39,0,0
TXN0006175,CUST01256,2113.77,20,UPI,Mumbai,iOS,0,0,1,2,1130,2197.95,0,1
TXN0006176,CUST00289,9048.24,18,UPI,Gurugram,Android,1,0,1,5,20,836.06,0,0
TXN0006177,CUST01237,6906.56,7,Credit Card,Chennai,Web,0,0,1,1,10,1912.55,0,0
TXN0006178,CUST02306,3452.57,14,Credit Card,Chennai,Android,0,0,0,3,124,1397.56,0,0
TXN0006179,CUST00530,2889.27,13,Credit Card,Pune,Android,0,0,2,4,722,1393.78,0,0
TXN0006180,CUST02277,3334.03,10,UPI,Jaipur,Android,0,1,0,4,566,1718.43,1,0
TXN0006181,CUST00596,1206.51,20,Debit Card,Bengaluru,Android,0,0,1,3,944,860.0,1,0
TXN0006182,CUST00435,1703.5,13,Wallet,Gurugram,Android,0,0,0,4,964,799.51,0,0
TXN0006183,CUST00882,730.13,3,UPI,Bengaluru,iOS,0,0,1,5,1049,1816.26,0,0
TXN0006184,CUST01782,1290.14,10,UPI,Hyderabad,Android,0,1,1,3,3000,1847.04,1,0
TXN0006185,CUST00402,1247.51,9,Wallet,Gurugram,Web,1,1,0,3,619,1010.07,1,0
TXN0006186,CUST02136,953.59,21,Wallet,Jaipur,Android,0,0,1,2,422,1709.93,0,0
TXN0006187,CUST01566,2063.77,17,UPI,Noida,Web,0,0,0,4,283,4664.09,0,0
TXN0006188,CUST00309,1301.88,15,UPI,Pune,Android,0,1,1,4,2043,10479.17,1,0
TXN0006189,CUST00343,2974.34,14,Debit Card,Noida,Android,0,0,0,5,630,1324.77,1,0
TXN0006190,CUST00436,355.39,17,UPI,Delhi,Android,0,0,1,6,741,1587.78,1,0
TXN0006191,CUST00177,1607.1,18,Wallet,Hyderabad,iOS,0,0,0,5,792,1281.88,0,0
TXN0006192,CUST00139,2053.07,15,UPI,Jaipur,Web,0,1,0,2,199,1223.44,0,0
TXN0006193,CUST00194,1319.37,22,Wallet,Hyderabad,iOS,1,0,0,1,767,6054.33,0,0
TXN0006194,CUST01185,1514.97,23,UPI,Mumbai,Android,0,0,0,1,157,694.65,0,0
TXN0006195,CUST00943,368.82,23,UPI,Mumbai,Android,0,0,2,2,442,937.01,0,0
TXN0006196,CUST00525,2570.92,17,Net Banking,Jaipur,Android,0,0,0,5,87,868.53,1,0
TXN0006197,CUST01625,3439.73,21,UPI,Gurugram,Android,0,1,1,3,449,2686.61,1,0
TXN0006198,CUST02258,2948.58,12,UPI,Pune,Web,0,0,0,2,1363,2390.93,0,0
TXN0006199,CUST00741,5086.11,20,Debit Card,Kolkata,Android,0,0,0,3,277,1768.41,0,0
TXN0006200,CUST00862,2201.89,21,UPI,Hyderabad,Android,0,0,1,3,356,1674.56,1,0
TXN0006201,CUST00954,2905.1,21,UPI,Bengaluru,Android,0,0,1,2,574,1504.73,1,0
TXN0006202,CUST01303,2104.08,20,UPI,Bengaluru,Android,0,0,2,1,3000,1420.5,0,0
TXN0006203,CUST01275,3579.91,12,Credit Card,Chennai,Web,0,1,2,5,1533,391.85,0,0
TXN0006204,CUST01744,371.78,8,Debit Card,Pune,Android,0,0,3,7,316,1822.91,0,0
TXN0006205,CUST02188,736.54,11,Wallet,Mumbai,Android,0,0,1,3,2458,2034.23,0,0
TXN0006206,CUST00792,8799.42,19,Credit Card,Kolkata,iOS,0,0,0,3,822,1171.26,0,0
TXN0006207,CUST00546,153.72,9,UPI,Kolkata,Android,0,0,0,3,67,2640.71,1,0
TXN0006208,CUST01845,1564.57,14,UPI,Delhi,Android,0,0,0,2,2504,667.76,1,0
TXN0006209,CUST01017,5812.8,15,Debit Card,Kolkata,iOS,1,0,0,2,727,1007.46,0,0
TXN0006210,CUST01928,1639.72,16,Debit Card,Hyderabad,Web,0,0,0,3,613,2062.23,0,0
TXN0006211,CUST01554,1200.54,22,Wallet,Hyderabad,iOS,0,0,1,4,2046,1130.13,0,0
TXN0006212,CUST00057,2048.71,17,Net Banking,Bengaluru,Web,0,0,1,3,426,3668.28,0,0
TXN0006213,CUST02160,1264.49,19,UPI,Gurugram,iOS,0,0,0,2,125,2959.3,0,0
TXN0006214,CUST00005,1856.39,16,Credit Card,Bengaluru,Android,0,0,0,2,200,2813.54,1,0
TXN0006215,CUST01438,908.83,20,Credit Card,Hyderabad,Android,0,0,0,1,524,2371.98,1,0
TXN0006216,CUST01363,5454.61,9,UPI,Bengaluru,Web,0,0,1,8,151,2286.09,0,0
TXN0006217,CUST01821,7471.17,9,UPI,Noida,Android,0,0,0,4,195,407.83,1,0
TXN0006218,CUST01283,1575.22,21,Wallet,Noida,Android,0,0,0,3,1497,1164.81,1,0
TXN0006219,CUST02138,449.91,18,Credit Card,Jaipur,Web,0,1,0,5,313,979.81,0,0
TXN0006220,CUST01274,1066.03,17,Credit Card,Noida,Android,0,0,0,1,933,381.59,1,0
TXN0006221,CUST01132,1497.5,13,Credit Card,Chennai,Android,0,0,0,5,366,843.84,0,0
TXN0006222,CUST00668,2984.18,12,Debit Card,Kolkata,iOS,0,0,1,6,566,1074.34,1,0
TXN0006223,CUST01282,656.9,15,UPI,Bengaluru,iOS,0,0,0,2,2188,2184.86,0,0
TXN0006224,CUST00997,834.12,7,Credit Card,Noida,Android,0,0,1,3,10,1970.64,0,0
TXN0006225,CUST01927,2999.55,13,UPI,Jaipur,Android,0,0,1,1,44,1252.89,0,0
TXN0006226,CUST00282,4602.94,13,Wallet,Mumbai,Android,0,0,0,5,194,2529.3,0,0
TXN0006227,CUST01228,966.76,15,Credit Card,Noida,Android,0,0,0,4,421,1495.65,0,1
TXN0006228,CUST02064,474.53,17,Net Banking,Pune,iOS,0,0,0,3,1972,793.31,0,0
TXN0006229,CUST00936,48033.8,22,UPI,Mumbai,Web,0,0,0,5,286,1387.29,0,0
TXN0006230,CUST00254,3939.65,17,Net Banking,Pune,Android,1,0,0,6,330,604.26,1,0
TXN0006231,CUST01212,1378.21,20,Wallet,Jaipur,Web,1,0,1,4,630,3587.86,0,0
TXN0006232,CUST00329,4292.28,15,Credit Card,Mumbai,iOS,0,0,1,2,2396,1944.86,1,0
TXN0006233,CUST01421,1589.36,16,UPI,Bengaluru,iOS,0,0,2,2,185,2585.05,0,0
TXN0006234,CUST01541,4284.24,4,UPI,Chennai,Android,1,0,3,5,597,1268.08,0,1
TXN0006235,CUST01193,2111.04,7,Debit Card,Delhi,Android,0,0,1,2,888,2117.26,0,0
TXN0006236,CUST01717,1972.02,16,Credit Card,Gurugram,iOS,0,1,0,3,135,1266.28,0,0
TXN0006237,CUST02414,1606.74,12,UPI,Jaipur,Web,0,0,1,1,138,1853.34,1,0
TXN0006238,CUST01202,423.33,19,Credit Card,Bengaluru,Android,0,0,0,5,568,1805.37,1,0
TXN0006239,CUST00655,12501.91,15,Debit Card,Delhi,Web,0,0,0,3,904,645.72,0,0
TXN0006240,CUST01386,702.05,20,UPI,Pune,iOS,0,0,2,3,275,1593.53,0,0
TXN0006241,CUST00760,461.98,23,UPI,Delhi,Web,0,1,0,2,1163,1067.05,1,0
TXN0006242,CUST01799,1454.88,7,UPI,Bengaluru,Android,0,0,1,1,357,2011.67,0,0
TXN0006243,CUST01064,688.19,12,UPI,Kolkata,iOS,0,1,0,4,394,3360.77,0,0
TXN0006244,CUST00416,1709.28,17,UPI,Hyderabad,Web,0,0,1,4,261,4136.92,0,0
TXN0006245,CUST00255,3580.67,10,Debit Card,Gurugram,Web,1,0,0,3,157,7142.57,0,0
TXN0006246,CUST01167,4869.98,10,UPI,Kolkata,iOS,0,0,1,3,168,1100.52,0,0
TXN0006247,CUST01877,4065.42,19,UPI,Chennai,Android,0,0,0,1,727,2603.84,0,0
TXN0006248,CUST00900,1325.98,23,Credit Card,Gurugram,Android,0,0,1,3,329,5340.92,1,0
TXN0006249,CUST02059,1891.52,19,Net Banking,Bengaluru,Android,0,0,0,2,197,3855.01,1,0
TXN0006250,CUST00026,2706.53,15,UPI,Noida,Android,0,0,1,2,424,1075.36,0,0
TXN0006251,CUST00421,310.37,13,Net Banking,Noida,Android,0,0,4,6,20,1599.93,1,0
TXN0006252,CUST01245,3184.74,15,UPI,Hyderabad,Android,0,0,0,2,430,1586.99,1,0
TXN0006253,CUST01877,419.16,13,UPI,Delhi,iOS,0,0,0,5,542,1921.18,0,0
TXN0006254,CUST01261,13847.9,14,Debit Card,Hyderabad,iOS,0,1,1,3,1669,4798.57,0,0
TXN0006255,CUST02285,1201.14,8,Credit Card,Gurugram,Android,1,0,1,5,702,3167.81,1,0
TXN0006256,CUST01009,1496.17,21,Debit Card,Jaipur,iOS,0,1,0,5,365,1020.67,0,0
TXN0006257,CUST00219,833.67,18,Wallet,Delhi,Android,0,0,1,4,484,2549.98,1,0
TXN0006258,CUST01511,958.69,17,UPI,Bengaluru,Android,0,0,0,1,2401,2350.8,0,0
TXN0006259,CUST01960,17494.39,22,Debit Card,Noida,iOS,1,0,2,2,102,4325.81,1,0
TXN0006260,CUST00663,4609.67,10,Credit Card,Bengaluru,Android,0,0,2,3,649,2386.68,1,0
TXN0006261,CUST00990,382.35,5,Wallet,Mumbai,iOS,1,0,2,2,795,1274.87,0,0
TXN0006262,CUST00189,8101.1,19,UPI,Delhi,Android,0,0,1,4,297,3499.08,0,0
TXN0006263,CUST00255,5935.96,23,UPI,Gurugram,iOS,0,0,1,4,187,7220.11,0,0
TXN0006264,CUST00068,1358.76,16,Credit Card,Jaipur,Android,1,0,0,6,211,1329.04,0,0
TXN0006265,CUST00616,2446.07,3,Net Banking,Bengaluru,Android,0,0,0,2,276,836.18,0,0
TXN0006266,CUST02384,1773.3,19,UPI,Kolkata,Android,0,0,0,2,150,1563.88,1,0
TXN0006267,CUST00874,12940.56,5,UPI,Jaipur,iOS,0,0,1,8,296,2658.62,0,0
TXN0006268,CUST02348,811.8,15,UPI,Bengaluru,Android,0,0,1,2,851,1030.5,0,0
TXN0006269,CUST01626,2082.98,10,Debit Card,Noida,Android,0,0,2,4,545,2309.96,0,0
TXN0006270,CUST00357,1173.09,21,UPI,Gurugram,Android,0,0,0,4,828,1286.78,0,0
TXN0006271,CUST00256,429.45,13,UPI,Noida,Android,1,0,0,4,1818,458.1,0,0
TXN0006272,CUST01008,16109.75,21,Credit Card,Chennai,Android,0,0,2,3,169,1155.41,1,0
TXN0006273,CUST02401,552.24,10,UPI,Jaipur,Android,0,0,1,2,241,1545.66,0,0
TXN0006274,CUST01756,2243.23,12,UPI,Mumbai,Web,1,0,1,3,232,5291.2,0,0
TXN0006275,CUST00284,315.72,22,UPI,Pune,Android,0,0,0,3,674,898.79,0,0
TXN0006276,CUST00099,1207.7,8,UPI,Noida,Android,0,0,1,3,313,1188.37,0,0
TXN0006277,CUST00197,2744.93,16,UPI,Mumbai,Web,0,0,0,4,197,1562.6,0,0
TXN0006278,CUST00878,789.03,12,UPI,Pune,Android,0,0,1,5,596,2195.01,0,0
TXN0006279,CUST01869,3236.81,19,UPI,Kolkata,iOS,0,0,0,4,1441,1548.69,0,0
TXN0006280,CUST01389,1375.4,7,Debit Card,Gurugram,Android,1,0,3,2,217,3357.29,1,0
TXN0006281,CUST02416,5742.35,13,UPI,Gurugram,Web,0,0,2,3,734,632.69,1,1
TXN0006282,CUST00570,7025.51,18,Credit Card,Mumbai,Web,0,0,1,8,319,7946.29,1,0
TXN0006283,CUST01066,1001.04,12,UPI,Delhi,Android,1,0,0,5,1322,1696.34,0,0
TXN0006284,CUST00422,1943.56,3,UPI,Kolkata,Android,0,0,0,3,518,1149.06,0,0
TXN0006285,CUST01205,2162.45,18,Wallet,Pune,Android,0,1,1,4,300,848.36,0,0
TXN0006286,CUST00545,3343.89,14,UPI,Jaipur,Web,0,0,0,4,960,731.29,0,0
TXN0006287,CUST00071,1826.07,0,UPI,Jaipur,Android,0,1,1,6,438,1213.29,0,0
TXN0006288,CUST01224,2177.11,16,Wallet,Jaipur,Web,1,0,0,3,664,1380.72,1,0
TXN0006289,CUST00768,1411.12,21,Debit Card,Hyderabad,Web,0,1,1,5,718,2195.22,0,0
TXN0006290,CUST02355,2019.86,7,Debit Card,Gurugram,Android,1,0,1,4,1644,1229.91,0,0
TXN0006291,CUST01707,6591.14,16,Debit Card,Delhi,iOS,1,0,0,1,42,1284.13,1,0
TXN0006292,CUST02425,3434.5,18,UPI,Kolkata,Android,0,0,1,1,382,2710.96,0,0
TXN0006293,CUST00655,3629.31,4,Net Banking,Chennai,Android,0,0,2,5,500,712.5,1,0
TXN0006294,CUST02447,3709.35,1,Wallet,Chennai,Android,0,0,0,4,1468,2309.19,1,0
TXN0006295,CUST01797,1543.38,13,UPI,Pune,Android,1,0,0,4,68,4351.68,0,0
TXN0006296,CUST00221,2475.92,19,Debit Card,Mumbai,Android,0,0,3,7,162,1449.3,0,0
TXN0006297,CUST00182,608.12,8,UPI,Bengaluru,Android,0,0,0,2,1649,1036.01,1,0
TXN0006298,CUST00307,6401.9,20,Debit Card,Gurugram,iOS,0,0,0,4,394,1673.7,0,0
TXN0006299,CUST01420,111.34,17,UPI,Hyderabad,iOS,0,0,1,3,650,1275.07,0,0
TXN0006300,CUST01014,1649.77,11,Credit Card,Pune,Web,0,0,0,4,484,869.1,0,0
TXN0006301,CUST02052,5633.23,14,UPI,Bengaluru,iOS,0,1,1,3,1378,2738.88,0,0
TXN0006302,CUST00848,460.21,22,Credit Card,Bengaluru,iOS,0,0,1,6,57,512.13,0,0
TXN0006303,CUST00804,2684.69,9,UPI,Gurugram,Android,0,0,1,4,31,1049.09,0,0
TXN0006304,CUST00215,911.21,14,UPI,Gurugram,Android,0,0,0,2,367,423.17,0,0
TXN0006305,CUST01444,1244.81,16,Debit Card,Bengaluru,Android,0,0,0,2,1378,487.21,0,0
TXN0006306,CUST00101,4635.42,7,Wallet,Bengaluru,Android,0,0,0,3,551,641.31,0,0
TXN0006307,CUST00573,2194.26,2,UPI,Pune,iOS,0,0,1,1,723,3548.11,0,0
TXN0006308,CUST01333,235.38,0,Wallet,Delhi,iOS,0,0,1,4,1318,1578.12,0,0
TXN0006309,CUST00658,677.98,11,UPI,Chennai,Web,0,0,0,5,94,3757.02,0,0
TXN0006310,CUST01534,4773.7,5,Debit Card,Gurugram,Android,0,0,0,1,588,1794.86,0,0
TXN0006311,CUST01657,2819.98,19,Credit Card,Gurugram,iOS,0,0,3,5,118,1827.36,0,0
TXN0006312,CUST00226,10338.99,23,Wallet,Noida,Web,1,0,0,4,925,660.44,0,0
TXN0006313,CUST00105,9683.61,3,Debit Card,Pune,Android,0,0,1,5,875,919.37,1,0
TXN0006314,CUST01998,1278.31,13,Credit Card,Gurugram,Android,1,0,1,8,49,4126.97,0,0
TXN0006315,CUST00772,21999.6,1,UPI,Bengaluru,Web,0,0,2,2,1726,2181.46,0,0
TXN0006316,CUST00429,1844.61,7,Net Banking,Gurugram,iOS,0,0,0,4,302,3436.33,0,0
TXN0006317,CUST00434,687.37,11,Debit Card,Noida,iOS,1,1,1,5,77,1895.42,0,0
TXN0006318,CUST01231,955.18,12,UPI,Delhi,Web,0,0,0,1,162,1366.79,0,0
TXN0006319,CUST00866,188.45,22,UPI,Gurugram,iOS,0,0,2,4,1418,2854.58,0,0
TXN0006320,CUST02416,8978.26,12,Debit Card,Noida,Android,1,0,2,6,402,3092.55,0,0
TXN0006321,CUST00251,8868.88,14,Net Banking,Noida,Web,0,0,0,2,674,806.63,0,0
TXN0006322,CUST00856,651.99,9,UPI,Pune,Web,0,0,1,3,358,2716.96,0,0
TXN0006323,CUST01194,1433.19,0,Wallet,Gurugram,Android,0,0,0,4,62,1630.92,1,0
TXN0006324,CUST00561,1980.59,21,UPI,Noida,Android,0,0,0,4,629,1784.87,0,0
TXN0006325,CUST01470,688.96,5,Net Banking,Mumbai,Android,0,0,1,3,3000,3789.85,1,0
TXN0006326,CUST02342,311.2,22,Debit Card,Pune,Web,0,0,0,3,437,1982.3,0,0
TXN0006327,CUST00919,1458.53,7,UPI,Noida,Android,1,0,1,4,150,995.08,0,0
TXN0006328,CUST01174,1305.66,16,UPI,Pune,Android,0,0,0,4,191,1803.73,0,0
TXN0006329,CUST00433,1220.64,23,Credit Card,Gurugram,iOS,0,0,2,5,170,3070.34,0,0
TXN0006330,CUST02107,2249.04,7,Credit Card,Chennai,Android,0,0,0,2,1734,1683.44,0,0
TXN0006331,CUST00969,7518.05,13,Wallet,Noida,Web,0,0,0,3,1827,1858.04,0,0
TXN0006332,CUST00836,1329.36,19,Debit Card,Jaipur,Web,0,0,0,2,201,2533.44,0,0
TXN0006333,CUST02247,2134.49,1,Credit Card,Mumbai,Android,0,1,2,1,10,2452.23,0,0
TXN0006334,CUST02263,3723.47,17,Wallet,Chennai,Android,1,1,0,3,228,14556.82,0,0
TXN0006335,CUST00898,3132.81,5,Credit Card,Delhi,Android,1,0,0,2,504,1242.34,0,0
TXN0006336,CUST00472,973.71,9,Debit Card,Chennai,Android,0,0,2,3,1025,1226.52,1,0
TXN0006337,CUST00247,1982.11,8,Debit Card,Kolkata,iOS,1,0,2,2,324,3156.65,0,0
TXN0006338,CUST02430,3112.19,21,Wallet,Delhi,Android,0,0,0,6,396,3216.03,1,0
TXN0006339,CUST00991,582.42,8,UPI,Jaipur,Android,1,0,4,4,81,1023.72,0,0
TXN0006340,CUST00927,6368.26,2,Credit Card,Bengaluru,Android,0,0,0,1,510,2111.05,0,0
TXN0006341,CUST01192,7533.62,16,UPI,Pune,Android,0,0,1,3,572,1000.52,0,0
TXN0006342,CUST01075,873.72,11,Credit Card,Delhi,Android,0,0,1,5,89,3821.77,0,0
TXN0006343,CUST01835,2184.65,12,UPI,Bengaluru,iOS,0,0,0,5,228,2249.0,0,0
TXN0006344,CUST00689,3421.45,7,Debit Card,Noida,Android,0,0,0,2,201,1148.49,0,0
TXN0006345,CUST02428,1043.07,18,UPI,Gurugram,Android,0,0,1,8,1292,744.02,0,0
TXN0006346,CUST01485,2913.63,16,UPI,Kolkata,iOS,0,0,0,4,509,618.02,1,0
TXN0006347,CUST00960,2119.21,11,UPI,Hyderabad,Web,0,0,0,5,737,1652.42,0,0
TXN0006348,CUST00478,414.73,8,UPI,Kolkata,Android,0,0,0,8,317,3411.06,0,0
TXN0006349,CUST00707,2848.94,16,Debit Card,Kolkata,Android,1,0,2,3,298,857.25,0,0
TXN0006350,CUST01138,599.08,19,UPI,Kolkata,Android,0,0,0,1,224,3406.49,0,0
TXN0006351,CUST00754,4604.29,10,UPI,Noida,Android,0,0,1,7,172,2554.7,0,0
TXN0006352,CUST01660,919.96,1,Credit Card,Hyderabad,iOS,1,0,2,4,1996,2824.14,0,1
TXN0006353,CUST00588,1531.89,9,UPI,Hyderabad,Android,0,0,0,3,342,870.49,0,0
TXN0006354,CUST01335,7099.79,17,UPI,Gurugram,iOS,0,0,1,6,252,2006.88,0,0
TXN0006355,CUST01493,2956.98,23,Wallet,Noida,Web,0,0,2,6,266,990.35,0,0
TXN0006356,CUST01848,611.59,0,Debit Card,Hyderabad,iOS,1,0,1,3,270,2249.86,0,0
TXN0006357,CUST00207,652.38,10,UPI,Pune,Android,0,0,0,1,117,2423.35,1,0
TXN0006358,CUST02199,988.55,3,UPI,Gurugram,Android,0,0,0,3,137,1609.41,1,0
TXN0006359,CUST00165,2670.94,10,Wallet,Pune,Android,0,0,0,5,657,8123.91,1,0
TXN0006360,CUST01999,2575.61,12,UPI,Chennai,iOS,0,0,0,2,10,2015.13,0,0
TXN0006361,CUST02085,774.67,21,Credit Card,Kolkata,Android,1,0,1,1,786,3748.14,0,0
TXN0006362,CUST00333,560.22,5,Credit Card,Mumbai,Android,0,0,1,4,113,1313.81,0,0
TXN0006363,CUST00403,2385.41,19,Debit Card,Noida,Android,0,0,0,4,928,1675.94,0,0
TXN0006364,CUST00414,1500.69,12,Net Banking,Kolkata,Android,0,0,2,3,252,648.63,0,0
TXN0006365,CUST00045,15564.65,19,UPI,Pune,iOS,0,0,0,4,87,2970.93,0,0
TXN0006366,CUST02254,1867.11,14,UPI,Bengaluru,Web,0,0,0,1,858,1233.7,0,0
TXN0006367,CUST00062,11045.68,2,Debit Card,Gurugram,Web,0,0,1,1,366,593.99,1,0
TXN0006368,CUST02468,558.45,22,Net Banking,Mumbai,iOS,1,0,0,4,115,1365.63,0,0
TXN0006369,CUST00868,373.28,5,Wallet,Hyderabad,Android,0,0,3,3,564,1713.7,0,0
TXN0006370,CUST01492,587.25,16,Debit Card,Mumbai,Android,1,0,0,6,555,2993.45,0,0
TXN0006371,CUST00019,5911.6,20,Debit Card,Pune,Android,0,0,1,1,589,1252.09,0,0
TXN0006372,CUST00365,10421.68,5,UPI,Kolkata,Android,0,0,0,2,195,3252.15,1,0
TXN0006373,CUST02476,823.33,15,UPI,Gurugram,iOS,0,1,1,1,10,1683.2,0,1
TXN0006374,CUST01141,1135.67,19,UPI,Pune,Web,0,0,0,2,841,1812.56,0,0
TXN0006375,CUST00580,559.23,23,UPI,Pune,iOS,0,0,0,3,10,736.48,0,0
TXN0006376,CUST00546,294.09,18,Credit Card,Chennai,Web,0,0,1,3,219,2035.47,0,0
TXN0006377,CUST01730,3692.11,10,Wallet,Jaipur,Android,0,0,0,5,225,2399.92,0,0
TXN0006378,CUST02373,2249.72,18,Credit Card,Jaipur,Android,0,0,2,7,158,2082.66,0,0
TXN0006379,CUST00055,1818.98,18,Debit Card,Hyderabad,Web,0,0,1,2,273,1426.39,1,0
TXN0006380,CUST00778,443.85,18,UPI,Jaipur,iOS,0,0,3,3,874,1113.06,1,0
TXN0006381,CUST00042,9278.9,20,Debit Card,Hyderabad,Android,0,0,0,4,896,282.59,1,0
TXN0006382,CUST01321,1088.1,6,UPI,Hyderabad,Android,0,0,2,7,81,4116.44,0,0
TXN0006383,CUST00231,3069.19,6,Credit Card,Chennai,Android,0,0,1,3,969,1476.34,1,0
TXN0006384,CUST00453,420.3,17,UPI,Delhi,Web,0,0,1,3,81,1365.61,1,0
TXN0006385,CUST02442,1487.74,22,Credit Card,Mumbai,Android,0,0,2,5,956,1188.26,1,0
TXN0006386,CUST01546,2408.88,13,UPI,Bengaluru,Android,0,0,1,5,233,1557.74,1,0
TXN0006387,CUST01382,2496.43,22,Credit Card,Kolkata,iOS,1,0,0,1,36,4631.31,1,0
TXN0006388,CUST01468,2101.05,22,UPI,Delhi,iOS,0,0,1,1,1677,2113.05,1,0
TXN0006389,CUST01152,2951.49,21,UPI,Bengaluru,Android,0,0,0,2,672,1503.5,0,0
TXN0006390,CUST02440,581.16,21,UPI,Kolkata,Android,0,0,2,3,347,626.45,0,0
TXN0006391,CUST01217,2192.76,21,Debit Card,Pune,iOS,0,0,0,3,82,477.91,1,0
TXN0006392,CUST00881,2016.87,19,Debit Card,Mumbai,Android,0,0,3,3,35,984.15,0,0
TXN0006393,CUST00085,2269.27,18,Wallet,Hyderabad,Android,0,0,0,4,787,3028.55,0,0
TXN0006394,CUST01054,1935.05,1,Credit Card,Delhi,Web,0,0,0,3,1701,2660.91,1,0
TXN0006395,CUST00049,503.88,7,UPI,Chennai,iOS,0,1,0,4,1292,2294.09,0,0
TXN0006396,CUST01169,481.9,7,Debit Card,Mumbai,iOS,1,1,0,3,397,1572.31,0,0
TXN0006397,CUST00069,196.62,1,Credit Card,Noida,iOS,0,0,0,3,210,2283.98,0,0
TXN0006398,CUST01702,4076.84,7,UPI,Jaipur,Android,0,0,0,2,92,1704.7,0,0
TXN0006399,CUST01599,4118.32,21,Debit Card,Pune,Web,0,0,2,2,234,3842.0,0,0
TXN0006400,CUST02195,4184.29,17,UPI,Delhi,Web,0,0,1,2,1006,3218.36,1,0
TXN0006401,CUST01870,2446.3,10,UPI,Mumbai,iOS,0,0,2,4,772,812.95,0,0
TXN0006402,CUST01016,213.24,19,Debit Card,Hyderabad,iOS,0,1,0,2,1672,2136.59,1,0
TXN0006403,CUST00446,644.73,14,Debit Card,Bengaluru,iOS,0,0,0,2,127,620.1,0,0
TXN0006404,CUST02269,2134.44,7,Debit Card,Gurugram,iOS,0,0,1,7,108,4754.75,0,0
TXN0006405,CUST01402,2061.23,20,UPI,Delhi,Android,1,0,0,6,535,890.84,0,0
TXN0006406,CUST02143,1440.57,11,Wallet,Kolkata,Android,0,1,0,5,721,3643.58,0,0
TXN0006407,CUST00262,2603.1,18,Debit Card,Gurugram,Android,0,0,0,7,263,1701.37,0,0
TXN0006408,CUST01849,1821.1,10,Debit Card,Gurugram,Android,1,0,0,4,593,820.69,0,0
TXN0006409,CUST00897,2031.06,14,Debit Card,Pune,Android,1,0,0,2,877,806.5,0,0
TXN0006410,CUST01095,950.01,19,Credit Card,Kolkata,Android,0,0,0,4,749,5018.36,0,0
TXN0006411,CUST02267,4805.68,8,UPI,Noida,iOS,0,0,3,2,143,1835.39,0,0
TXN0006412,CUST01557,1170.01,23,Debit Card,Bengaluru,Android,0,0,2,3,520,1787.75,0,0
TXN0006413,CUST00092,475.75,4,Debit Card,Chennai,iOS,0,0,1,4,476,352.13,0,0
TXN0006414,CUST00127,832.59,15,UPI,Hyderabad,Android,0,0,0,3,562,4845.99,0,0
TXN0006415,CUST00080,1270.39,21,Debit Card,Gurugram,Android,0,0,0,3,354,1102.49,0,0
TXN0006416,CUST01848,4863.65,22,Credit Card,Gurugram,iOS,0,0,0,3,510,2011.21,1,0
TXN0006417,CUST00983,1725.5,9,Credit Card,Hyderabad,Android,0,0,1,2,311,626.08,0,0
TXN0006418,CUST00916,1494.27,7,UPI,Mumbai,iOS,1,0,0,3,1130,2346.37,0,0
TXN0006419,CUST00694,516.4,18,UPI,Delhi,iOS,0,0,1,2,179,1712.08,0,0
TXN0006420,CUST00025,3948.24,2,UPI,Bengaluru,Android,1,0,0,3,59,2281.05,0,0
TXN0006421,CUST00156,937.85,14,Debit Card,Mumbai,Android,0,0,2,3,126,1281.27,1,0
TXN0006422,CUST01813,1628.66,19,UPI,Chennai,Android,0,0,0,2,702,2406.51,1,0
TXN0006423,CUST01554,7908.75,15,UPI,Pune,iOS,0,0,0,4,217,595.86,0,0
TXN0006424,CUST01967,2993.82,8,Net Banking,Gurugram,iOS,0,0,0,7,180,1690.13,0,0
TXN0006425,CUST01734,353.29,14,UPI,Hyderabad,iOS,0,0,0,4,185,1468.65,1,0
TXN0006426,CUST01081,306.75,21,Credit Card,Hyderabad,Android,1,0,0,6,43,4269.76,0,0
TXN0006427,CUST01629,1687.88,16,Wallet,Hyderabad,Android,0,0,1,2,1823,1362.18,0,0
TXN0006428,CUST00019,535.29,18,Credit Card,Delhi,Android,1,0,1,3,253,1340.74,1,0
TXN0006429,CUST01408,3442.97,11,Debit Card,Bengaluru,Android,0,0,0,6,620,1455.46,0,0
TXN0006430,CUST01217,1877.7,8,Net Banking,Hyderabad,Android,0,0,1,7,778,1705.55,1,0
TXN0006431,CUST02285,2123.72,9,Wallet,Delhi,Android,0,0,1,4,283,526.97,0,0
TXN0006432,CUST01411,887.85,15,Credit Card,Chennai,iOS,0,0,0,4,1243,1450.14,0,0
TXN0006433,CUST00277,10269.42,10,UPI,Jaipur,Web,0,1,1,2,749,1418.92,1,0
TXN0006434,CUST00745,30888.39,15,Credit Card,Gurugram,Android,0,0,2,4,36,710.21,0,0
TXN0006435,CUST00552,1362.34,18,Debit Card,Delhi,Web,0,0,2,3,1029,3510.64,0,0
TXN0006436,CUST01177,2562.1,18,Debit Card,Kolkata,iOS,0,1,1,2,149,3268.51,0,0
TXN0006437,CUST00639,1984.18,8,Debit Card,Mumbai,Web,0,1,0,4,303,659.8,1,0
TXN0006438,CUST00237,1388.33,18,Credit Card,Jaipur,Android,1,0,1,3,2766,3279.55,1,0
TXN0006439,CUST00998,783.27,17,UPI,Gurugram,Web,0,0,0,3,180,1621.63,0,0
TXN0006440,CUST02103,608.24,0,UPI,Hyderabad,Web,0,0,0,3,1616,1536.74,1,0
TXN0006441,CUST02004,578.21,3,UPI,Bengaluru,Web,0,0,1,3,899,1320.21,0,0
TXN0006442,CUST01460,2699.39,17,Debit Card,Kolkata,iOS,0,0,2,3,774,2440.8,1,0
TXN0006443,CUST02157,1070.49,12,UPI,Pune,Android,0,0,2,1,2826,1182.31,1,0
TXN0006444,CUST01208,136.63,7,UPI,Jaipur,Android,1,0,0,8,1357,941.8,1,0
TXN0006445,CUST01392,2808.48,2,Debit Card,Noida,Web,0,0,1,2,1140,4301.2,1,0
TXN0006446,CUST02007,1732.43,8,UPI,Gurugram,Android,0,0,1,5,33,1963.13,0,0
TXN0006447,CUST01222,6920.3,22,Wallet,Kolkata,Android,0,0,0,4,286,2458.43,0,0
TXN0006448,CUST01395,2614.07,18,UPI,Pune,Android,1,0,0,2,245,5299.34,0,0
TXN0006449,CUST00373,410.29,15,Wallet,Noida,iOS,0,0,0,6,42,1970.83,0,0
TXN0006450,CUST01521,193.61,22,UPI,Gurugram,iOS,1,0,0,4,73,2145.09,0,0
TXN0006451,CUST02249,876.62,16,UPI,Noida,Web,0,0,1,4,692,2430.57,0,0
TXN0006452,CUST00849,963.37,18,Debit Card,Pune,Web,0,0,1,6,993,937.05,0,0
TXN0006453,CUST01346,4622.55,10,Wallet,Noida,Android,0,0,0,4,575,1279.19,0,0
TXN0006454,CUST02323,1784.1,16,UPI,Gurugram,iOS,0,0,1,2,910,1428.84,0,0
TXN0006455,CUST02259,5592.77,7,Debit Card,Pune,Android,0,0,1,6,553,3872.37,0,0
TXN0006456,CUST00504,478.53,12,Net Banking,Pune,Android,0,1,1,3,751,4138.12,0,0
TXN0006457,CUST00703,4725.87,1,UPI,Mumbai,Web,0,0,3,3,772,2537.89,0,0
TXN0006458,CUST02090,3701.64,9,Debit Card,Gurugram,Android,0,0,3,1,997,2360.05,0,0
TXN0006459,CUST00315,239.2,5,UPI,Noida,Android,0,0,0,2,224,974.9,0,0
TXN0006460,CUST02377,6755.82,12,UPI,Chennai,Android,0,0,1,1,936,1091.53,0,0
TXN0006461,CUST01041,1976.34,20,UPI,Jaipur,iOS,0,0,1,1,416,412.52,0,0
TXN0006462,CUST00283,2664.01,12,UPI,Bengaluru,Android,0,0,1,7,1959,2611.67,0,0
TXN0006463,CUST00258,757.97,20,UPI,Gurugram,Android,0,0,0,7,107,1344.53,0,0
TXN0006464,CUST00575,6443.25,17,UPI,Jaipur,Web,1,0,1,4,2603,603.79,1,0
TXN0006465,CUST00574,549.87,14,UPI,Kolkata,Android,0,0,0,5,57,2117.24,0,0
TXN0006466,CUST01043,4136.62,9,Credit Card,Gurugram,Android,0,0,0,1,547,4072.72,0,0
TXN0006467,CUST01553,4089.38,21,Credit Card,Kolkata,iOS,0,0,0,3,688,2126.05,1,0
TXN0006468,CUST00423,679.51,3,Credit Card,Noida,Web,0,0,2,3,1383,2206.7,1,0
TXN0006469,CUST01490,13080.99,17,UPI,Jaipur,Web,0,1,2,3,855,2222.79,1,0
TXN0006470,CUST01397,2268.95,16,Net Banking,Chennai,Web,0,0,1,2,60,4313.21,0,0
TXN0006471,CUST00758,3461.42,13,UPI,Jaipur,Android,0,0,0,1,575,2254.27,0,0
TXN0006472,CUST01105,390.89,9,UPI,Jaipur,Web,0,0,0,3,725,3872.05,1,0
TXN0006473,CUST01575,14962.05,13,Credit Card,Pune,Android,0,0,0,4,136,3072.79,1,0
TXN0006474,CUST02472,529.0,20,Debit Card,Noida,Android,0,0,0,3,643,300.62,0,0
TXN0006475,CUST00429,5016.2,20,UPI,Kolkata,Android,0,0,0,3,57,1973.56,0,0
TXN0006476,CUST02022,665.65,22,UPI,Delhi,Web,0,0,1,4,91,1630.63,0,0
TXN0006477,CUST00204,969.28,10,Debit Card,Jaipur,Android,1,0,0,3,269,4446.43,0,0
TXN0006478,CUST02244,3961.18,12,Credit Card,Hyderabad,Android,0,0,1,1,130,1515.2,0,0
TXN0006479,CUST02333,5029.59,0,UPI,Noida,Android,0,0,1,4,10,999.47,1,0
TXN0006480,CUST01993,504.85,22,Wallet,Gurugram,Android,0,0,0,4,582,7820.29,1,0
TXN0006481,CUST02244,5356.22,11,UPI,Pune,iOS,0,0,1,1,372,1982.46,1,0
TXN0006482,CUST00307,5118.02,12,Credit Card,Hyderabad,Android,0,1,1,7,151,2675.45,1,0
TXN0006483,CUST01688,704.57,21,UPI,Mumbai,iOS,0,0,3,2,143,860.33,0,0
TXN0006484,CUST00014,8903.41,15,UPI,Gurugram,iOS,0,0,3,6,539,2415.14,0,0
TXN0006485,CUST01861,419.34,15,UPI,Delhi,iOS,0,0,0,4,68,1422.06,0,0
TXN0006486,CUST01962,963.69,8,Credit Card,Chennai,Web,0,0,1,3,171,829.07,0,0
TXN0006487,CUST01081,2906.03,14,UPI,Noida,Android,0,0,0,1,25,2152.13,0,0
TXN0006488,CUST00723,766.61,21,Credit Card,Hyderabad,Android,0,0,1,5,871,2004.67,1,0
TXN0006489,CUST00780,2343.41,15,Net Banking,Delhi,iOS,0,0,1,1,2243,1516.33,0,0
TXN0006490,CUST01234,2290.71,9,Debit Card,Hyderabad,Web,1,0,1,5,185,1145.0,0,0
TXN0006491,CUST00529,1492.89,1,UPI,Chennai,Android,0,0,1,2,374,2124.03,0,0
TXN0006492,CUST00798,4137.89,11,UPI,Chennai,Web,1,0,0,2,344,2370.15,0,0
TXN0006493,CUST00344,1432.51,16,UPI,Delhi,Android,0,1,1,3,468,1279.02,0,0
TXN0006494,CUST01303,2268.97,2,UPI,Mumbai,Android,0,0,0,3,282,3370.68,0,0
TXN0006495,CUST00209,5664.73,16,Net Banking,Pune,Android,0,0,1,5,85,1281.88,1,0
TXN0006496,CUST00641,3968.84,15,Net Banking,Jaipur,Android,0,0,0,6,171,834.79,0,0
TXN0006497,CUST01312,3950.35,19,UPI,Chennai,Android,0,0,1,3,956,2400.13,0,0
TXN0006498,CUST02300,570.41,1,UPI,Gurugram,Android,0,0,1,1,546,1439.79,0,0
TXN0006499,CUST02319,3042.19,19,Wallet,Kolkata,Android,0,0,1,7,42,2782.77,0,0
TXN0006500,CUST01948,747.73,15,Debit Card,Chennai,Web,0,0,1,4,146,207.19,0,0
TXN0006501,CUST00920,499.76,12,Credit Card,Gurugram,Android,0,0,1,2,306,1151.22,0,0
TXN0006502,CUST01724,1675.45,22,UPI,Delhi,Android,1,0,1,5,623,996.89,1,0
TXN0006503,CUST02045,728.69,8,UPI,Bengaluru,Web,0,0,0,6,922,2638.03,0,0
TXN0006504,CUST00419,3968.56,15,Wallet,Mumbai,iOS,0,0,1,4,526,1159.44,0,0
TXN0006505,CUST01750,4064.63,11,UPI,Kolkata,iOS,0,0,1,4,1377,538.7,1,0
TXN0006506,CUST01389,268.52,15,Debit Card,Gurugram,Web,0,0,1,1,980,697.98,0,0
TXN0006507,CUST01100,786.22,15,UPI,Mumbai,Android,1,0,1,3,388,559.47,1,0
TXN0006508,CUST02481,418.11,6,Wallet,Pune,Android,0,0,0,3,783,2056.53,0,0
TXN0006509,CUST02157,1133.33,17,Credit Card,Mumbai,Android,0,0,0,3,105,1663.99,0,0
TXN0006510,CUST01546,2837.61,17,UPI,Bengaluru,iOS,0,0,1,4,256,1093.1,0,0
TXN0006511,CUST01071,1412.69,19,UPI,Delhi,Web,0,0,0,4,12,1062.18,0,0
TXN0006512,CUST02427,998.03,6,Credit Card,Pune,Android,0,0,2,2,812,370.82,0,0
TXN0006513,CUST01851,6605.9,10,UPI,Mumbai,Android,0,0,1,8,1607,2766.59,0,0
TXN0006514,CUST01120,179.59,17,Credit Card,Bengaluru,Android,1,0,1,3,284,2031.83,0,0
TXN0006515,CUST00958,6200.68,7,UPI,Pune,iOS,1,0,0,4,221,2639.24,0,0
TXN0006516,CUST00103,1044.46,17,UPI,Pune,Android,0,0,2,1,184,1270.68,0,0
TXN0006517,CUST01170,1664.75,3,Credit Card,Hyderabad,Web,0,0,0,3,10,2298.94,0,0
TXN0006518,CUST01904,1062.29,11,Credit Card,Delhi,Web,0,0,0,1,220,1787.59,1,0
TXN0006519,CUST01756,8420.55,20,UPI,Kolkata,iOS,0,0,3,6,10,4448.52,0,0
TXN0006520,CUST00679,525.61,19,UPI,Mumbai,Web,0,0,0,1,494,2011.19,0,0
TXN0006521,CUST01969,1821.25,17,Credit Card,Pune,Android,0,0,0,2,692,1201.87,0,0
TXN0006522,CUST00989,3050.26,20,Credit Card,Kolkata,Web,0,0,1,1,266,1173.41,1,0
TXN0006523,CUST01106,359.44,18,UPI,Mumbai,iOS,0,0,1,9,309,1889.87,1,0
TXN0006524,CUST02476,717.41,15,UPI,Pune,Android,1,1,1,2,228,1088.52,0,0
TXN0006525,CUST01608,1552.1,23,UPI,Delhi,Android,0,0,0,2,185,659.81,0,0
TXN0006526,CUST01503,741.65,18,Debit Card,Pune,Android,0,0,0,3,234,877.44,1,0
TXN0006527,CUST01790,796.28,16,Credit Card,Noida,iOS,0,0,0,4,495,1171.29,0,0
TXN0006528,CUST01186,1268.61,12,UPI,Noida,Web,0,0,1,4,494,3255.04,1,0
TXN0006529,CUST00932,3446.53,21,Debit Card,Kolkata,iOS,0,0,0,4,798,873.0,1,0
TXN0006530,CUST01426,1277.71,10,UPI,Hyderabad,iOS,0,0,0,1,85,1423.62,0,0
TXN0006531,CUST01062,5292.09,0,Credit Card,Hyderabad,Android,0,0,0,4,1914,1436.04,1,0
TXN0006532,CUST01979,663.67,8,UPI,Chennai,iOS,1,0,0,3,444,1381.82,1,0
TXN0006533,CUST02441,514.72,7,Debit Card,Noida,iOS,0,0,1,4,1124,5212.86,0,0
TXN0006534,CUST02043,12355.88,10,Debit Card,Hyderabad,Android,0,0,0,3,38,2011.23,0,0
TXN0006535,CUST01279,932.23,19,Debit Card,Gurugram,Web,0,1,0,2,268,416.03,1,0
TXN0006536,CUST01203,485.23,17,Wallet,Bengaluru,Android,1,0,1,6,782,522.48,0,0
TXN0006537,CUST00594,315.29,8,Debit Card,Gurugram,iOS,0,0,0,6,61,2186.33,0,0
TXN0006538,CUST02437,5274.53,19,Debit Card,Mumbai,Android,0,0,1,8,110,649.83,0,0
TXN0006539,CUST01422,1279.52,14,UPI,Pune,Web,0,0,0,3,513,2247.29,0,0
TXN0006540,CUST02206,1396.65,14,UPI,Chennai,Android,1,0,0,6,402,1874.97,1,0
TXN0006541,CUST01028,1535.08,11,Net Banking,Chennai,Android,0,0,1,1,302,1445.12,1,0
TXN0006542,CUST02215,4956.65,20,Wallet,Pune,Android,0,0,0,2,108,1097.68,0,0
TXN0006543,CUST00960,1504.19,10,Credit Card,Jaipur,Android,0,0,0,4,10,1847.11,0,0
TXN0006544,CUST02457,18762.13,6,UPI,Kolkata,Android,0,0,0,1,10,1018.24,0,0
TXN0006545,CUST02242,2057.61,10,Wallet,Hyderabad,Android,0,0,0,3,564,1187.38,0,0
TXN0006546,CUST02283,5204.75,18,UPI,Hyderabad,Web,1,1,0,1,336,981.39,0,0
TXN0006547,CUST01174,4027.02,17,UPI,Gurugram,Android,0,0,0,3,916,2460.96,0,0
TXN0006548,CUST00816,1735.58,8,Credit Card,Hyderabad,iOS,1,0,0,2,248,1610.07,0,0
TXN0006549,CUST00404,1000.82,7,UPI,Noida,Web,0,0,0,3,10,1576.09,1,0
TXN0006550,CUST00893,2508.66,17,UPI,Jaipur,iOS,0,0,0,1,425,2536.76,1,0
TXN0006551,CUST00068,2997.82,17,Debit Card,Delhi,Android,1,0,1,3,357,566.68,0,0
TXN0006552,CUST00088,1015.32,11,UPI,Hyderabad,Android,0,0,0,5,130,787.36,0,0
TXN0006553,CUST02265,2125.75,20,Wallet,Mumbai,Android,0,0,1,4,3000,906.34,0,0
TXN0006554,CUST02049,6196.54,23,Net Banking,Jaipur,Android,0,0,1,2,72,1732.09,0,0
TXN0006555,CUST01159,14263.94,8,Debit Card,Chennai,Android,0,0,0,4,292,593.76,0,0
TXN0006556,CUST01721,4229.81,16,Net Banking,Mumbai,iOS,0,0,1,2,451,1222.66,0,0
TXN0006557,CUST01375,11594.68,0,Credit Card,Kolkata,Android,0,0,0,3,251,3833.64,1,0
TXN0006558,CUST02188,959.27,18,Credit Card,Jaipur,Android,0,0,2,7,269,993.39,0,0
TXN0006559,CUST02181,3631.58,12,Debit Card,Kolkata,Android,0,1,1,3,1378,1200.75,0,1
TXN0006560,CUST01644,6864.11,8,Credit Card,Gurugram,iOS,0,0,0,4,314,4914.02,0,0
TXN0006561,CUST00178,734.51,18,UPI,Hyderabad,Web,0,0,0,3,367,653.14,1,0
TXN0006562,CUST01382,1107.6,19,Credit Card,Chennai,Web,0,0,2,3,412,566.4,0,0
TXN0006563,CUST02428,10233.75,7,Credit Card,Bengaluru,iOS,0,0,0,2,549,1248.3,1,0
TXN0006564,CUST00908,678.88,2,Debit Card,Kolkata,Android,0,0,0,1,282,1970.03,0,0
TXN0006565,CUST02498,470.79,11,Debit Card,Chennai,iOS,0,0,2,2,1605,1393.39,1,0
TXN0006566,CUST00586,8295.96,16,Debit Card,Gurugram,iOS,0,0,0,2,49,5829.8,0,0
TXN0006567,CUST00990,5956.9,19,Debit Card,Kolkata,Android,0,0,0,1,165,1435.33,0,0
TXN0006568,CUST01132,2772.94,15,Credit Card,Hyderabad,iOS,0,0,1,6,1935,815.65,0,0
TXN0006569,CUST02170,1719.57,16,UPI,Kolkata,Android,0,0,0,4,165,1243.17,1,0
TXN0006570,CUST02065,1160.98,19,Debit Card,Delhi,Web,0,0,0,1,1166,500.72,1,0
TXN0006571,CUST01220,2386.28,15,UPI,Mumbai,Android,0,0,0,5,727,1568.65,0,0
TXN0006572,CUST02375,8737.23,16,Net Banking,Bengaluru,Android,0,0,0,2,1023,1641.69,0,0
TXN0006573,CUST00318,2284.97,14,Debit Card,Chennai,Android,1,0,1,3,664,2813.64,0,0
TXN0006574,CUST01503,15717.05,20,Debit Card,Chennai,iOS,0,0,2,2,323,1113.79,1,0
TXN0006575,CUST02035,733.33,9,Net Banking,Kolkata,Android,0,0,1,3,2310,756.54,0,0
TXN0006576,CUST02043,1764.92,9,Credit Card,Gurugram,Android,0,0,1,2,10,2073.08,1,0
TXN0006577,CUST00503,1239.52,7,UPI,Jaipur,iOS,1,0,0,2,478,1577.46,0,0
TXN0006578,CUST02023,608.14,19,Credit Card,Gurugram,iOS,1,0,3,5,248,2661.16,0,0
TXN0006579,CUST00119,1544.5,12,UPI,Pune,Android,1,0,0,3,509,572.52,0,0
TXN0006580,CUST00710,2732.22,11,UPI,Kolkata,Android,0,0,0,7,1653,461.23,0,0
TXN0006581,CUST00045,3040.48,23,UPI,Noida,iOS,0,0,2,5,2021,773.37,0,0
TXN0006582,CUST00314,15772.04,21,Debit Card,Hyderabad,iOS,1,0,0,10,227,905.9,1,0
TXN0006583,CUST00418,2864.1,23,Credit Card,Kolkata,Web,1,0,0,2,1664,2150.92,0,0
TXN0006584,CUST01102,5685.52,7,UPI,Pune,iOS,0,0,0,8,2598,678.32,0,0
TXN0006585,CUST00326,1922.99,21,UPI,Noida,Android,0,0,0,5,391,2206.84,0,0
TXN0006586,CUST01440,9639.24,11,Credit Card,Delhi,iOS,1,1,2,1,85,545.55,1,0
TXN0006587,CUST01987,19810.97,0,UPI,Chennai,Android,1,0,0,4,2132,1620.24,1,0
TXN0006588,CUST02262,3061.4,12,UPI,Bengaluru,Android,0,0,0,3,1362,5730.0,1,0
TXN0006589,CUST00074,667.06,14,Debit Card,Gurugram,Android,0,0,0,6,643,4523.2,0,0
TXN0006590,CUST01603,1039.75,6,UPI,Gurugram,Web,0,0,0,3,16,4900.95,0,0
TXN0006591,CUST00509,2386.24,15,UPI,Bengaluru,Android,0,0,2,3,265,1098.39,0,0
TXN0006592,CUST02380,2841.37,19,UPI,Jaipur,iOS,0,0,0,2,100,5075.8,0,0
TXN0006593,CUST00688,3619.05,12,Credit Card,Mumbai,Android,0,0,0,2,126,2367.74,0,0
TXN0006594,CUST00657,2851.9,11,Debit Card,Chennai,Web,0,0,2,9,696,2017.37,0,0
TXN0006595,CUST01543,1812.62,11,Net Banking,Hyderabad,Android,0,0,0,6,297,844.15,0,0
TXN0006596,CUST01293,952.74,21,Debit Card,Kolkata,iOS,0,0,0,9,248,786.63,0,0
TXN0006597,CUST01400,2688.34,2,UPI,Noida,iOS,0,0,0,4,377,724.25,0,0
TXN0006598,CUST01553,11504.91,13,UPI,Hyderabad,Android,0,0,0,9,104,1148.17,1,0
TXN0006599,CUST01076,4991.39,9,UPI,Bengaluru,Web,0,0,0,1,346,1588.88,0,0
TXN0006600,CUST00325,3072.5,21,Credit Card,Gurugram,iOS,0,0,1,6,1650,2260.63,0,0
TXN0006601,CUST00992,5039.74,6,Credit Card,Noida,Android,0,0,1,2,953,2750.45,0,0
TXN0006602,CUST01994,1242.0,12,Debit Card,Kolkata,Android,0,0,0,8,25,555.48,0,0
TXN0006603,CUST00717,1082.77,12,UPI,Noida,Web,0,0,1,6,338,1012.68,0,0
TXN0006604,CUST00277,852.15,21,UPI,Noida,Android,0,0,1,7,1175,3298.75,0,0
TXN0006605,CUST00152,1588.04,9,UPI,Jaipur,Android,0,0,1,2,173,1176.78,0,0
TXN0006606,CUST00955,1180.31,17,Debit Card,Noida,Web,1,0,1,2,1095,1581.32,0,0
TXN0006607,CUST01507,6025.87,7,UPI,Delhi,Android,0,0,0,2,536,972.5,0,0
TXN0006608,CUST00259,1119.03,22,Credit Card,Hyderabad,iOS,0,0,0,1,10,2916.66,1,0
TXN0006609,CUST02372,806.59,16,UPI,Jaipur,Android,0,0,1,1,1289,1121.92,0,0
TXN0006610,CUST00869,12558.07,16,Credit Card,Kolkata,Android,0,0,1,7,1362,2800.14,1,0
TXN0006611,CUST01192,1146.15,13,UPI,Pune,iOS,0,0,0,2,1047,3279.98,0,0
TXN0006612,CUST00688,2098.69,11,UPI,Bengaluru,Web,0,0,0,3,449,276.78,0,0
TXN0006613,CUST00310,2826.7,9,UPI,Bengaluru,Android,0,0,0,11,782,3733.09,1,0
TXN0006614,CUST01503,577.58,16,UPI,Hyderabad,Android,0,0,0,4,83,2975.32,0,0
TXN0006615,CUST00473,6192.08,22,UPI,Jaipur,Android,1,0,1,6,1182,4229.71,1,0
TXN0006616,CUST00814,3403.85,11,Debit Card,Pune,Web,0,0,0,3,1784,901.71,0,0
TXN0006617,CUST00846,8552.05,20,UPI,Delhi,Android,0,0,0,3,239,1749.36,0,0
TXN0006618,CUST01165,912.62,7,UPI,Jaipur,Android,0,0,0,3,181,1529.73,0,0
TXN0006619,CUST00667,1987.57,22,Credit Card,Hyderabad,Web,0,0,0,4,170,1133.39,1,0
TXN0006620,CUST02310,1872.25,11,Debit Card,Gurugram,Web,1,0,0,1,247,4246.2,0,0
TXN0006621,CUST01809,2343.57,12,UPI,Kolkata,iOS,1,0,0,3,48,2735.66,1,0
TXN0006622,CUST01444,420.28,13,Credit Card,Pune,Android,0,0,3,4,941,2277.9,1,0
TXN0006623,CUST01768,2010.98,18,Debit Card,Chennai,Android,0,0,0,3,233,1263.6,0,0
TXN0006624,CUST01265,432.28,18,UPI,Mumbai,Android,1,0,2,3,50,6478.26,0,0
TXN0006625,CUST00355,2575.7,14,Credit Card,Mumbai,iOS,0,1,1,3,2703,1100.48,1,0
TXN0006626,CUST01873,214.2,15,UPI,Pune,Android,0,0,0,2,144,1305.76,0,0
TXN0006627,CUST02025,282.58,1,UPI,Gurugram,Android,0,0,0,2,1023,972.11,0,0
TXN0006628,CUST00180,4080.97,10,Net Banking,Gurugram,Android,0,0,1,6,406,326.84,0,0
TXN0006629,CUST00066,1041.8,11,UPI,Delhi,Web,1,0,1,4,282,1765.92,1,0
TXN0006630,CUST00820,670.27,15,UPI,Kolkata,iOS,1,0,0,3,661,2303.68,0,0
TXN0006631,CUST01372,6414.96,15,Net Banking,Kolkata,iOS,1,0,1,5,1187,1952.5,0,0
TXN0006632,CUST00171,2497.81,18,Debit Card,Jaipur,Android,0,0,0,6,34,3344.02,0,0
TXN0006633,CUST01391,4305.43,18,Credit Card,Mumbai,Web,0,0,0,6,27,444.09,0,0
TXN0006634,CUST01131,1524.31,9,Debit Card,Jaipur,Android,1,0,2,4,2517,2817.31,0,0
TXN0006635,CUST02487,26243.42,19,Debit Card,Hyderabad,Android,0,0,0,3,186,2689.06,1,0
TXN0006636,CUST00835,983.41,0,Debit Card,Noida,Web,0,0,1,3,33,2247.65,1,0
TXN0006637,CUST00227,10301.42,18,UPI,Pune,Android,0,1,0,1,239,1468.85,0,0
TXN0006638,CUST00442,1692.86,6,UPI,Kolkata,iOS,0,0,0,6,119,2932.22,0,0
TXN0006639,CUST02444,344.13,18,UPI,Jaipur,iOS,1,0,0,1,360,3380.34,0,0
TXN0006640,CUST00728,2917.23,15,UPI,Pune,Android,0,1,1,1,1279,3011.86,0,0
TXN0006641,CUST01605,2465.88,13,UPI,Gurugram,Android,0,0,0,6,1356,1327.61,0,0
TXN0006642,CUST02132,629.06,17,Credit Card,Jaipur,Web,0,0,0,5,224,3767.35,0,0
TXN0006643,CUST01037,715.74,1,UPI,Jaipur,Android,0,0,0,2,387,1424.16,0,0
TXN0006644,CUST01833,1756.09,9,UPI,Gurugram,Android,0,0,1,6,467,2150.4,0,0
TXN0006645,CUST01849,2553.68,16,Credit Card,Pune,iOS,0,0,0,2,174,5238.91,0,0
TXN0006646,CUST00493,152.15,20,Credit Card,Pune,Android,1,0,0,2,110,2778.09,0,0
TXN0006647,CUST01549,5159.85,12,Wallet,Gurugram,Android,1,0,0,4,386,1725.22,1,0
TXN0006648,CUST01144,1097.78,9,Debit Card,Jaipur,Android,0,0,1,3,311,1257.81,0,0
TXN0006649,CUST00970,475.23,15,Net Banking,Gurugram,Android,0,0,0,2,1373,2867.02,0,0
TXN0006650,CUST02401,4612.88,16,Credit Card,Bengaluru,Web,1,0,1,4,1125,2255.74,0,0
TXN0006651,CUST02088,1757.99,13,Debit Card,Kolkata,Web,0,0,1,4,653,3487.33,0,0
TXN0006652,CUST00640,6073.61,20,Wallet,Bengaluru,Android,0,0,1,5,200,866.39,0,0
TXN0006653,CUST00173,2789.16,15,Debit Card,Hyderabad,Android,1,0,1,2,279,2130.69,0,1
TXN0006654,CUST01571,1797.28,1,Debit Card,Gurugram,Android,0,0,1,3,117,2132.51,1,0
TXN0006655,CUST00259,1545.05,9,Credit Card,Jaipur,Android,0,0,2,2,188,2924.76,1,0
TXN0006656,CUST00517,2916.84,13,UPI,Noida,iOS,0,0,0,6,2472,3264.34,0,0
TXN0006657,CUST00523,1190.36,18,Wallet,Pune,Android,0,0,1,2,480,2294.1,0,0
TXN0006658,CUST01918,767.37,9,Debit Card,Pune,Web,1,0,0,5,1021,2373.41,0,0
TXN0006659,CUST02165,3312.48,23,Debit Card,Noida,Android,0,0,1,4,192,2184.49,1,0
TXN0006660,CUST02232,1557.84,10,UPI,Mumbai,Web,1,0,1,3,317,682.17,0,0
TXN0006661,CUST01930,1861.45,15,UPI,Chennai,Android,0,0,1,2,546,2281.13,0,0
TXN0006662,CUST01140,5350.37,0,UPI,Kolkata,iOS,1,0,0,3,31,3084.96,1,0
TXN0006663,CUST02210,1606.26,20,Debit Card,Bengaluru,Web,0,0,0,1,1373,558.42,0,0
TXN0006664,CUST00839,1827.27,19,Wallet,Noida,Android,0,0,1,2,1123,2321.75,0,0
TXN0006665,CUST01090,988.21,8,UPI,Bengaluru,iOS,0,0,2,5,2382,3190.04,1,0
TXN0006666,CUST01094,2769.11,21,Debit Card,Hyderabad,iOS,0,0,0,2,292,2583.12,0,0
TXN0006667,CUST02495,2553.88,10,UPI,Jaipur,Android,0,0,0,2,78,1758.29,0,0
TXN0006668,CUST02464,4430.72,17,UPI,Jaipur,Android,0,0,2,4,684,1894.05,0,0
TXN0006669,CUST02489,1008.7,19,Credit Card,Pune,Android,0,0,0,5,84,642.11,0,0
TXN0006670,CUST01970,1138.79,18,Debit Card,Pune,Android,0,0,0,1,222,1721.19,1,1
TXN0006671,CUST02444,3974.6,21,Wallet,Mumbai,Android,0,0,1,2,145,937.72,0,0
TXN0006672,CUST01575,2316.37,20,UPI,Mumbai,Android,0,0,0,3,607,1399.45,0,0
TXN0006673,CUST01581,727.29,23,Credit Card,Bengaluru,Web,0,0,1,4,625,759.78,0,0
TXN0006674,CUST02443,6648.16,8,Credit Card,Bengaluru,iOS,0,1,0,1,241,1413.38,0,0
TXN0006675,CUST02374,329.34,10,UPI,Hyderabad,Android,0,1,1,5,816,1255.99,1,0
TXN0006676,CUST01115,3943.51,17,Net Banking,Hyderabad,Android,1,0,0,4,915,1213.34,1,0
TXN0006677,CUST00750,507.92,18,Wallet,Hyderabad,iOS,0,0,0,4,696,799.06,0,0
TXN0006678,CUST01094,11864.79,15,UPI,Jaipur,Android,0,0,0,4,35,3157.8,0,0
TXN0006679,CUST01190,384.12,5,Credit Card,Jaipur,iOS,0,0,0,7,94,3154.29,0,0
TXN0006680,CUST02262,5697.56,20,UPI,Bengaluru,Android,0,0,2,4,285,2431.23,0,0
TXN0006681,CUST01876,1658.9,22,Credit Card,Delhi,iOS,0,0,0,1,343,1550.0,1,0
TXN0006682,CUST01788,1247.55,12,Debit Card,Gurugram,Android,0,1,0,3,238,1302.77,0,0
TXN0006683,CUST02417,2166.65,9,UPI,Mumbai,iOS,0,0,0,4,486,1199.62,0,0
TXN0006684,CUST01608,3386.13,0,Wallet,Bengaluru,Android,0,0,2,4,215,1096.46,0,0
TXN0006685,CUST00049,728.61,9,Credit Card,Mumbai,Android,0,1,0,4,324,1542.54,1,0
TXN0006686,CUST01076,796.12,18,Net Banking,Pune,Android,0,0,1,3,12,1438.2,0,0
TXN0006687,CUST01313,3446.61,21,UPI,Pune,Android,0,0,2,9,262,664.13,0,0
TXN0006688,CUST01650,326.42,6,Debit Card,Delhi,Android,0,1,1,3,710,7322.68,0,0
TXN0006689,CUST02181,1003.56,15,Debit Card,Hyderabad,Android,0,0,1,4,419,2308.34,1,0
TXN0006690,CUST01190,37655.3,18,UPI,Jaipur,Android,0,0,1,3,769,1139.12,0,0
TXN0006691,CUST01398,683.71,10,UPI,Chennai,iOS,1,0,0,2,563,686.98,0,0
TXN0006692,CUST02421,5672.27,15,Wallet,Pune,iOS,1,0,1,2,2392,373.06,0,0
TXN0006693,CUST01829,1001.84,18,Credit Card,Chennai,Web,1,0,0,4,188,2769.29,1,0
TXN0006694,CUST00479,2994.66,20,UPI,Bengaluru,Android,0,0,1,4,67,2097.24,0,0
TXN0006695,CUST00832,3463.02,13,Wallet,Bengaluru,Android,0,0,1,6,86,1420.61,1,0
TXN0006696,CUST01615,5566.37,18,UPI,Bengaluru,iOS,0,0,0,1,187,1807.36,0,0
TXN0006697,CUST00682,1473.34,10,UPI,Pune,Android,1,0,0,1,513,2143.14,0,0
TXN0006698,CUST01324,13153.28,9,Credit Card,Hyderabad,iOS,0,0,0,3,890,1015.31,0,0
TXN0006699,CUST00082,998.45,8,Credit Card,Hyderabad,Web,0,1,2,1,23,3719.99,0,0
TXN0006700,CUST00087,2275.06,11,UPI,Bengaluru,Android,0,0,0,2,2022,1895.82,0,0
TXN0006701,CUST02273,2300.36,1,Credit Card,Hyderabad,Android,0,0,0,6,261,2307.72,0,0
TXN0006702,CUST02064,586.15,10,Debit Card,Noida,iOS,1,0,0,4,1042,1586.86,0,0
TXN0006703,CUST00822,1352.45,17,Credit Card,Bengaluru,iOS,0,0,1,3,667,2139.55,0,0
TXN0006704,CUST00163,2115.52,17,Debit Card,Jaipur,Android,0,0,0,3,537,2746.18,1,0
TXN0006705,CUST02398,1168.44,4,UPI,Bengaluru,Android,0,0,1,9,54,1045.96,1,0
TXN0006706,CUST01933,20670.56,10,Debit Card,Pune,Web,0,0,0,1,1353,3166.28,0,0
TXN0006707,CUST01851,778.15,15,UPI,Delhi,Android,0,0,0,4,284,2737.15,0,0
TXN0006708,CUST01861,5854.5,10,Net Banking,Jaipur,Android,0,0,0,3,1336,2121.64,1,0
TXN0006709,CUST01116,4238.66,12,UPI,Pune,Web,1,0,0,6,127,2892.17,1,0
TXN0006710,CUST02229,1775.22,18,UPI,Gurugram,Web,0,0,2,5,2047,2133.96,0,0
TXN0006711,CUST01883,757.73,0,UPI,Bengaluru,Android,0,0,1,3,584,1003.08,0,0
TXN0006712,CUST00923,834.88,10,Credit Card,Mumbai,Android,1,0,1,6,1086,3685.52,0,0
TXN0006713,CUST02176,1072.31,7,UPI,Bengaluru,iOS,0,0,1,2,419,1484.18,0,0
TXN0006714,CUST01450,301.81,7,Debit Card,Bengaluru,Android,0,0,0,1,544,5999.57,1,0
TXN0006715,CUST01583,659.89,22,Wallet,Mumbai,Android,0,0,1,1,230,1494.3,0,0
TXN0006716,CUST00565,408.73,12,UPI,Hyderabad,Web,0,0,1,5,813,2522.16,0,0
TXN0006717,CUST00471,6914.78,15,UPI,Noida,iOS,0,0,0,4,1399,4011.61,0,0
TXN0006718,CUST00988,3340.93,18,Wallet,Kolkata,iOS,0,0,0,5,757,1396.35,0,0
TXN0006719,CUST01935,3950.18,2,UPI,Jaipur,iOS,0,0,2,2,381,917.92,0,0
TXN0006720,CUST00224,3243.39,9,UPI,Gurugram,iOS,0,0,0,5,1082,1241.83,0,0
TXN0006721,CUST02202,2127.09,20,UPI,Noida,Web,0,0,2,3,414,2045.77,1,0
TXN0006722,CUST00351,7756.0,20,UPI,Kolkata,Android,0,0,1,3,347,3263.61,1,0
TXN0006723,CUST01929,977.29,12,UPI,Pune,iOS,0,1,0,5,655,1729.32,1,0
TXN0006724,CUST00349,2002.62,12,Debit Card,Bengaluru,iOS,0,0,1,5,156,1425.03,0,0
TXN0006725,CUST00182,3799.41,18,Credit Card,Jaipur,Web,1,0,2,1,387,2620.9,1,0
TXN0006726,CUST00637,480.26,10,Debit Card,Hyderabad,iOS,0,1,1,3,24,549.93,0,0
TXN0006727,CUST01018,39820.25,7,UPI,Noida,Web,0,0,1,2,2498,3396.0,0,0
TXN0006728,CUST02227,1852.16,9,Credit Card,Mumbai,Android,0,0,0,3,1953,1201.59,0,0
TXN0006729,CUST00772,2074.62,12,UPI,Pune,Android,0,0,0,3,2551,1466.69,0,0
TXN0006730,CUST01016,6325.98,3,Wallet,Delhi,Android,1,0,1,2,1265,3012.91,0,0
TXN0006731,CUST02112,4493.99,14,Credit Card,Kolkata,Android,0,0,0,8,1388,987.35,0,0
TXN0006732,CUST00029,1869.86,18,UPI,Hyderabad,Android,0,0,1,2,53,679.93,1,0
TXN0006733,CUST02420,2050.16,14,UPI,Delhi,Android,0,0,1,3,143,2719.48,1,0
TXN0006734,CUST02145,399.97,4,UPI,Chennai,Web,0,0,0,4,660,811.81,0,0
TXN0006735,CUST01894,1031.82,13,UPI,Chennai,Android,0,0,1,5,135,2132.21,0,0
TXN0006736,CUST01466,3019.22,18,Credit Card,Pune,Android,1,0,0,6,30,1337.37,0,0
TXN0006737,CUST01227,2805.77,3,UPI,Noida,Web,0,0,6,4,314,1295.41,0,0
TXN0006738,CUST02069,6104.05,3,Net Banking,Hyderabad,Android,0,0,0,1,1581,2921.98,0,0
TXN0006739,CUST01126,1595.66,12,UPI,Kolkata,Android,1,0,0,2,3000,2323.84,1,0
TXN0006740,CUST00066,449.55,8,Debit Card,Hyderabad,Android,0,0,0,6,401,699.39,0,0
TXN0006741,CUST01135,5178.51,21,UPI,Mumbai,Android,0,0,1,2,565,1322.26,0,0
TXN0006742,CUST00338,7567.6,16,UPI,Noida,Web,0,0,0,3,255,2995.92,0,0
TXN0006743,CUST02171,4419.52,10,Net Banking,Chennai,Web,0,1,2,6,198,2222.07,1,0
TXN0006744,CUST01729,1528.3,18,Debit Card,Jaipur,Web,0,0,0,5,1590,915.71,1,0
TXN0006745,CUST00447,5114.98,12,Credit Card,Hyderabad,Web,0,0,2,1,762,7988.01,0,0
TXN0006746,CUST00281,55517.44,7,Debit Card,Mumbai,Android,1,0,1,1,150,2264.34,0,0
TXN0006747,CUST00596,2019.68,9,Net Banking,Kolkata,iOS,0,0,1,4,170,536.4,1,0
TXN0006748,CUST01987,484.83,17,Credit Card,Chennai,iOS,0,0,0,6,761,2039.09,0,0
TXN0006749,CUST01075,1001.5,2,UPI,Gurugram,Web,0,0,1,5,304,1943.46,1,0
TXN0006750,CUST00210,3364.44,10,UPI,Kolkata,Android,0,0,0,5,409,2620.34,1,0
TXN0006751,CUST00126,361.67,9,Debit Card,Gurugram,Android,0,0,1,1,994,455.91,0,0
TXN0006752,CUST00492,2132.28,8,Credit Card,Jaipur,Android,0,1,0,4,698,2573.15,0,0
TXN0006753,CUST00970,2633.0,17,Debit Card,Jaipur,Android,0,1,1,5,1751,3631.31,1,0
TXN0006754,CUST00581,8355.4,19,UPI,Chennai,iOS,0,0,0,4,1062,393.66,0,0
TXN0006755,CUST02306,6672.41,18,Net Banking,Pune,Android,0,0,0,2,184,5883.74,0,0
TXN0006756,CUST01212,4273.24,17,Credit Card,Noida,Android,1,0,1,3,483,827.71,1,0
TXN0006757,CUST00230,207.03,21,Credit Card,Jaipur,iOS,0,0,0,1,184,1768.5,0,0
TXN0006758,CUST00189,4521.48,3,UPI,Pune,Android,0,0,1,2,225,1805.47,0,0
TXN0006759,CUST02058,3644.79,8,Net Banking,Hyderabad,Android,0,0,1,5,819,1071.71,1,0
TXN0006760,CUST00502,2325.03,12,Credit Card,Mumbai,Web,0,0,0,3,291,667.48,0,0
TXN0006761,CUST02133,319.04,12,Credit Card,Pune,iOS,0,0,0,4,391,1350.06,0,0
TXN0006762,CUST00049,827.8,12,Net Banking,Gurugram,iOS,0,0,0,3,666,691.94,0,0
TXN0006763,CUST00689,560.44,8,Wallet,Noida,Web,0,0,1,5,320,1871.18,0,0
TXN0006764,CUST00387,239.97,7,UPI,Bengaluru,Android,1,0,2,1,342,2613.57,0,0
TXN0006765,CUST00970,1794.76,14,Wallet,Chennai,Android,0,0,0,5,255,789.69,0,0
TXN0006766,CUST01006,810.56,21,Debit Card,Pune,Android,0,0,0,2,362,2769.06,0,0
TXN0006767,CUST02266,24855.83,12,UPI,Kolkata,Android,1,0,0,2,932,3103.19,0,0
TXN0006768,CUST01725,1520.46,2,UPI,Mumbai,iOS,0,0,0,2,541,829.08,0,0
TXN0006769,CUST02005,6563.6,18,UPI,Pune,Android,0,0,0,7,41,968.45,0,0
TXN0006770,CUST02303,374.82,10,Credit Card,Mumbai,Android,0,0,0,1,63,2037.0,1,0
TXN0006771,CUST02284,1059.39,9,Debit Card,Noida,Web,0,0,1,4,10,877.97,0,0
TXN0006772,CUST01608,1983.15,11,UPI,Kolkata,Android,0,1,0,2,136,1829.4,0,0
TXN0006773,CUST01790,725.88,18,Debit Card,Mumbai,Web,0,0,0,2,151,2425.41,0,0
TXN0006774,CUST00271,1180.08,19,Debit Card,Hyderabad,Android,0,0,0,1,44,335.57,1,0
TXN0006775,CUST00123,1447.5,16,Credit Card,Kolkata,iOS,0,1,0,6,702,1349.77,1,0
TXN0006776,CUST01281,1424.58,11,Wallet,Gurugram,Web,0,0,1,4,721,1804.64,0,0
TXN0006777,CUST01445,11506.42,10,Debit Card,Bengaluru,Web,1,1,0,3,451,1230.88,0,0
TXN0006778,CUST00259,2627.45,7,UPI,Jaipur,Android,0,0,2,2,622,407.24,0,0
TXN0006779,CUST00948,2907.51,21,Debit Card,Jaipur,Android,0,0,1,1,1331,1024.7,0,0
TXN0006780,CUST02095,3087.75,17,Net Banking,Noida,Android,0,0,0,4,159,1356.62,1,0
TXN0006781,CUST00863,3321.49,1,UPI,Gurugram,iOS,0,0,1,4,362,543.4,0,0
TXN0006782,CUST00525,1656.82,17,Net Banking,Noida,Android,1,1,0,4,316,1641.91,1,0
TXN0006783,CUST00888,1306.09,13,UPI,Hyderabad,iOS,0,0,0,1,1036,2171.73,0,0
TXN0006784,CUST00208,2126.77,23,Credit Card,Hyderabad,Android,0,1,3,5,220,1798.75,1,0
TXN0006785,CUST00149,5723.56,19,Debit Card,Kolkata,Android,1,0,2,2,281,876.64,1,0
TXN0006786,CUST00438,5551.26,8,Debit Card,Hyderabad,Android,0,0,0,10,127,2002.16,0,0
TXN0006787,CUST02203,1415.37,18,Debit Card,Jaipur,Web,0,0,1,2,19,823.01,0,0
TXN0006788,CUST01722,3879.21,14,Credit Card,Jaipur,iOS,0,0,0,7,1330,1388.37,0,0
TXN0006789,CUST00358,1481.72,8,Credit Card,Kolkata,Android,0,0,0,6,986,2440.25,0,0
TXN0006790,CUST01241,1862.01,18,Debit Card,Gurugram,iOS,0,0,0,4,958,1532.06,0,0
TXN0006791,CUST01931,1121.05,15,Credit Card,Gurugram,Android,0,1,0,3,182,1195.86,0,0
TXN0006792,CUST00456,1501.01,1,Credit Card,Gurugram,iOS,0,0,2,4,87,1398.62,1,0
TXN0006793,CUST01633,6883.43,17,Debit Card,Jaipur,Android,0,0,1,8,550,3172.18,0,0
TXN0006794,CUST00629,1974.29,17,UPI,Jaipur,iOS,0,0,1,2,383,1485.82,1,0
TXN0006795,CUST00486,2060.75,7,Credit Card,Pune,iOS,0,0,1,2,168,2092.45,0,0
TXN0006796,CUST00200,423.4,11,UPI,Delhi,Android,0,1,1,2,897,1063.76,0,0
TXN0006797,CUST00371,1321.2,16,Debit Card,Noida,Android,0,0,2,2,95,716.83,1,0
TXN0006798,CUST01014,1414.07,7,UPI,Pune,Android,0,0,0,3,1036,381.06,1,0
TXN0006799,CUST01983,785.56,20,Credit Card,Kolkata,Android,0,1,1,3,1664,998.47,0,0
TXN0006800,CUST01472,1839.42,1,UPI,Mumbai,Web,0,1,0,4,814,568.33,0,0
TXN0006801,CUST00248,1171.87,6,UPI,Bengaluru,Android,0,0,0,5,669,1431.18,0,0
TXN0006802,CUST00788,1949.91,7,Credit Card,Pune,Android,0,0,0,5,259,1148.13,0,0
TXN0006803,CUST02312,2032.55,15,UPI,Bengaluru,iOS,0,0,3,5,111,2671.98,0,0
TXN0006804,CUST02079,692.14,16,UPI,Chennai,Android,1,0,1,4,150,933.31,0,0
TXN0006805,CUST01522,1208.14,12,UPI,Hyderabad,Android,0,1,1,3,257,788.9,0,0
TXN0006806,CUST01273,1944.8,10,Net Banking,Chennai,Android,0,0,1,3,366,3538.82,0,0
TXN0006807,CUST00605,5883.11,19,UPI,Noida,iOS,0,0,0,3,1437,3253.28,0,0
TXN0006808,CUST01690,2326.83,4,Wallet,Hyderabad,iOS,1,0,0,3,341,2137.27,0,0
TXN0006809,CUST01418,928.53,10,Debit Card,Gurugram,Web,0,0,0,5,1439,2093.29,0,0
TXN0006810,CUST01821,2682.61,2,UPI,Bengaluru,Android,0,0,0,4,165,2198.19,0,0
TXN0006811,CUST00502,9927.77,0,UPI,Kolkata,Android,0,0,1,1,1007,1325.95,1,0
TXN0006812,CUST00549,4501.87,11,Net Banking,Kolkata,Web,0,0,0,2,607,384.23,1,0
TXN0006813,CUST01366,3112.15,8,Credit Card,Delhi,iOS,0,0,0,5,131,710.76,1,0
TXN0006814,CUST00839,3718.71,10,UPI,Bengaluru,Web,0,0,0,6,81,4247.66,1,0
TXN0006815,CUST01431,7596.9,19,UPI,Jaipur,Android,0,0,1,5,10,3344.73,1,0
TXN0006816,CUST01449,5277.29,8,UPI,Delhi,Android,1,0,0,1,248,2469.47,0,0
TXN0006817,CUST00848,3172.59,19,Debit Card,Noida,Android,0,0,0,5,172,1401.66,0,0
TXN0006818,CUST00614,5240.56,17,Wallet,Jaipur,Android,0,0,1,1,1740,934.78,0,0
TXN0006819,CUST00412,610.26,11,UPI,Chennai,Android,1,0,0,2,816,683.03,0,0
TXN0006820,CUST02480,400.73,15,UPI,Hyderabad,Android,0,0,3,7,53,5038.4,0,0
TXN0006821,CUST00678,2106.2,13,UPI,Bengaluru,Android,0,0,1,5,767,3574.1,0,0
TXN0006822,CUST00159,1927.97,7,Net Banking,Kolkata,Web,0,0,1,1,183,6255.93,1,0
TXN0006823,CUST02062,1044.85,21,Credit Card,Noida,Android,0,0,1,3,950,1686.61,0,0
TXN0006824,CUST00373,4110.89,15,Wallet,Noida,Android,0,0,1,1,364,3023.1,0,0
TXN0006825,CUST02273,279.41,20,UPI,Delhi,Web,0,0,0,2,146,746.54,0,0
TXN0006826,CUST01097,1054.44,19,Debit Card,Kolkata,Android,0,0,3,2,1098,6266.01,0,0
TXN0006827,CUST00603,1108.3,5,UPI,Chennai,Android,0,1,0,5,1940,1559.37,0,0
TXN0006828,CUST00216,350.46,8,Wallet,Mumbai,Web,0,0,0,6,402,4123.19,1,0
TXN0006829,CUST01997,8024.65,7,UPI,Noida,Android,1,0,0,2,316,960.56,0,0
TXN0006830,CUST01565,462.36,20,Debit Card,Mumbai,Web,1,0,1,3,627,2957.54,0,0
TXN0006831,CUST01841,999.45,20,UPI,Pune,iOS,1,0,0,3,167,1270.89,0,0
TXN0006832,CUST01963,4462.76,15,Debit Card,Chennai,Android,0,0,0,5,1653,1703.52,1,0
TXN0006833,CUST00727,3434.36,6,UPI,Pune,Web,0,0,0,3,616,2121.52,1,0
TXN0006834,CUST01245,594.29,7,UPI,Jaipur,iOS,0,0,0,2,800,1079.15,1,0
TXN0006835,CUST01066,3561.84,19,UPI,Noida,iOS,0,0,0,2,925,976.21,1,0
TXN0006836,CUST00676,2405.05,21,Credit Card,Gurugram,Android,0,0,2,3,966,1010.85,0,0
TXN0006837,CUST00283,18556.54,8,UPI,Bengaluru,Android,0,0,1,3,825,2142.93,0,0
TXN0006838,CUST01082,2695.89,0,UPI,Bengaluru,Android,0,1,0,2,199,1598.57,0,0
TXN0006839,CUST01909,1562.9,11,UPI,Kolkata,Android,0,0,2,3,650,5164.38,1,0
TXN0006840,CUST01153,764.36,1,UPI,Bengaluru,Android,0,1,2,3,561,2692.85,0,0
TXN0006841,CUST00948,855.17,20,UPI,Jaipur,Android,0,0,2,2,1495,2117.26,0,0
TXN0006842,CUST00665,788.22,14,UPI,Chennai,Android,0,0,2,4,818,1981.33,0,0
TXN0006843,CUST01718,7091.42,17,UPI,Jaipur,Android,0,0,1,8,491,2068.78,0,0
TXN0006844,CUST01149,1832.64,12,UPI,Hyderabad,Android,1,0,1,4,1536,2385.86,0,0
TXN0006845,CUST00067,3167.79,11,Debit Card,Gurugram,iOS,1,0,1,5,1188,3340.85,1,0
TXN0006846,CUST02054,8182.8,9,UPI,Noida,Android,0,0,0,3,208,1145.52,0,0
TXN0006847,CUST00637,170.22,19,Debit Card,Gurugram,Android,1,1,1,2,1548,3327.84,0,0
TXN0006848,CUST00314,6466.66,18,UPI,Pune,Android,0,0,0,3,374,666.74,0,0
TXN0006849,CUST00565,1902.53,11,Net Banking,Mumbai,Web,0,0,0,1,192,2956.75,0,0
TXN0006850,CUST01602,2781.07,11,UPI,Noida,iOS,0,1,1,1,111,1563.2,0,0
TXN0006851,CUST00826,786.14,0,Debit Card,Delhi,Web,0,0,1,2,692,1483.84,0,0
TXN0006852,CUST01106,845.91,4,Credit Card,Chennai,iOS,0,0,1,3,620,1203.5,0,0
TXN0006853,CUST01026,2934.78,16,UPI,Mumbai,Android,0,0,1,1,547,991.27,0,0
TXN0006854,CUST02252,19538.45,14,UPI,Kolkata,Android,0,1,2,2,1047,915.46,0,0
TXN0006855,CUST00662,4909.15,13,UPI,Chennai,iOS,0,0,0,4,2428,1291.38,1,0
TXN0006856,CUST00805,6380.9,19,UPI,Jaipur,Android,0,1,1,2,85,1308.25,0,0
TXN0006857,CUST02452,1485.55,14,UPI,Bengaluru,Android,0,0,0,6,1051,2605.59,0,0
TXN0006858,CUST00536,987.66,12,Wallet,Kolkata,iOS,0,0,2,1,761,8676.38,1,0
TXN0006859,CUST01392,824.47,8,UPI,Bengaluru,Android,1,0,0,1,371,693.32,0,0
TXN0006860,CUST01236,1104.63,19,UPI,Pune,Web,1,1,1,3,254,1907.77,0,0
TXN0006861,CUST01921,231.08,16,Debit Card,Hyderabad,Android,0,0,2,2,585,1447.57,0,0
TXN0006862,CUST02165,871.85,6,Debit Card,Jaipur,iOS,0,0,0,3,769,1601.5,0,0
TXN0006863,CUST00628,1027.81,17,UPI,Mumbai,Web,0,0,0,3,411,5619.44,0,0
TXN0006864,CUST00749,1510.48,13,Debit Card,Gurugram,iOS,0,0,4,7,175,1006.3,0,0
TXN0006865,CUST00105,2053.48,19,Credit Card,Pune,Android,0,0,1,2,764,774.2,0,0
TXN0006866,CUST00046,2586.32,21,UPI,Chennai,Web,0,0,1,7,82,2721.42,0,0
TXN0006867,CUST01355,1773.33,16,UPI,Chennai,iOS,0,0,1,4,128,679.15,0,0
TXN0006868,CUST01240,1006.36,18,UPI,Noida,Android,0,0,1,4,549,1887.83,0,0
TXN0006869,CUST00982,252.7,3,UPI,Chennai,Web,0,0,2,3,359,4046.75,0,0
TXN0006870,CUST00960,1012.56,15,UPI,Noida,Android,0,0,0,6,562,831.3,0,0
TXN0006871,CUST01516,680.68,18,UPI,Noida,Android,1,0,1,1,992,800.93,0,0
TXN0006872,CUST01837,2868.68,14,Credit Card,Delhi,Android,0,0,0,3,951,3000.67,1,0
TXN0006873,CUST02497,4468.6,16,Debit Card,Hyderabad,iOS,0,0,1,2,523,1760.05,1,0
TXN0006874,CUST01482,4601.39,21,Credit Card,Gurugram,Android,0,0,1,2,1201,2042.9,0,0
TXN0006875,CUST01560,3837.19,8,Debit Card,Mumbai,iOS,0,0,1,3,237,2672.03,0,0
TXN0006876,CUST01508,1575.01,6,Wallet,Hyderabad,Android,0,0,1,3,447,1895.82,0,0
TXN0006877,CUST02064,1068.05,17,Wallet,Hyderabad,Android,0,0,1,1,621,1233.94,0,0
TXN0006878,CUST02001,852.73,19,Wallet,Delhi,Web,0,0,4,6,353,1402.39,0,0
TXN0006879,CUST02291,398.63,20,UPI,Jaipur,Android,1,0,1,1,1514,752.24,0,0
TXN0006880,CUST01974,4853.21,17,UPI,Jaipur,Android,0,0,1,1,2407,2000.81,1,0
TXN0006881,CUST00912,1511.46,20,Credit Card,Kolkata,Android,0,0,1,2,10,840.72,0,0
TXN0006882,CUST01295,517.6,18,UPI,Delhi,iOS,0,0,1,5,1004,702.49,0,0
TXN0006883,CUST01803,787.65,6,UPI,Chennai,iOS,0,0,1,4,3000,3682.33,0,0
TXN0006884,CUST01754,756.4,19,UPI,Noida,Web,1,0,0,3,1211,1983.23,0,0
TXN0006885,CUST00115,1879.13,8,Net Banking,Hyderabad,Android,0,0,2,4,1295,352.16,1,0
TXN0006886,CUST01604,5234.41,9,UPI,Chennai,Android,0,0,1,7,1258,1214.12,0,0
TXN0006887,CUST01323,1270.99,12,UPI,Jaipur,iOS,0,0,0,4,49,707.41,0,0
TXN0006888,CUST01861,189.24,10,UPI,Bengaluru,iOS,0,0,0,3,112,2220.26,0,0
TXN0006889,CUST02445,1489.75,11,Debit Card,Chennai,iOS,0,0,0,1,251,1322.79,0,0
TXN0006890,CUST02442,1539.71,8,UPI,Bengaluru,iOS,1,0,1,7,140,2220.47,1,0
TXN0006891,CUST01099,1437.44,10,UPI,Hyderabad,Android,0,0,0,2,461,2874.0,0,0
TXN0006892,CUST00978,961.1,0,Net Banking,Bengaluru,Android,0,0,1,2,181,2641.6,1,0
TXN0006893,CUST01506,2237.2,14,Debit Card,Chennai,iOS,0,0,0,7,106,2339.09,0,0
TXN0006894,CUST01127,1923.08,19,Debit Card,Mumbai,Android,0,0,1,2,124,2403.15,0,0
TXN0006895,CUST00297,1755.86,20,Net Banking,Gurugram,Android,0,0,1,2,816,2371.03,0,0
TXN0006896,CUST02226,2719.45,19,UPI,Bengaluru,Android,0,1,0,7,120,4591.7,0,0
TXN0006897,CUST02363,1171.11,12,Debit Card,Jaipur,Android,0,0,1,5,413,888.71,0,0
TXN0006898,CUST01063,1106.5,18,UPI,Delhi,iOS,0,0,3,6,1350,1626.22,1,0
TXN0006899,CUST00259,7155.71,10,Debit Card,Chennai,Android,1,0,0,4,468,641.14,0,0
TXN0006900,CUST02055,3149.18,3,UPI,Hyderabad,iOS,1,0,1,2,130,1518.4,0,0
TXN0006901,CUST02097,4115.39,17,UPI,Mumbai,Android,0,1,2,1,331,1133.73,1,0
TXN0006902,CUST02209,6134.27,17,UPI,Noida,iOS,0,0,0,3,727,929.83,0,0
TXN0006903,CUST01893,3045.7,19,UPI,Gurugram,iOS,0,0,0,5,446,539.57,1,0
TXN0006904,CUST00176,4554.77,16,UPI,Pune,iOS,0,1,0,3,872,3798.45,0,0
TXN0006905,CUST01001,371.0,8,Credit Card,Noida,Android,0,0,1,3,60,734.24,1,0
TXN0006906,CUST01919,2207.68,20,Credit Card,Mumbai,Android,0,0,0,3,249,1056.68,0,0
TXN0006907,CUST01668,1499.4,16,UPI,Pune,Android,0,0,1,3,103,4214.88,0,0
TXN0006908,CUST00276,9635.66,19,UPI,Delhi,Android,1,0,0,2,1658,1461.54,0,0
TXN0006909,CUST00676,4551.39,19,Credit Card,Jaipur,Android,0,1,0,2,149,835.62,0,0
TXN0006910,CUST01824,958.24,10,Credit Card,Bengaluru,iOS,0,0,0,5,960,1292.53,0,0
TXN0006911,CUST01052,2613.21,5,UPI,Kolkata,Web,0,0,2,5,127,3702.43,1,0
TXN0006912,CUST01357,2128.61,8,Credit Card,Delhi,Android,0,0,1,5,1370,1941.73,1,0
TXN0006913,CUST02104,2835.22,6,Debit Card,Pune,Android,0,0,0,5,57,1124.49,0,0
TXN0006914,CUST00547,649.82,9,UPI,Kolkata,Web,1,0,0,4,212,1700.81,0,0
TXN0006915,CUST01136,2580.04,13,UPI,Bengaluru,iOS,0,0,1,1,84,610.15,0,0
TXN0006916,CUST02084,1432.81,21,UPI,Noida,Android,0,0,2,3,235,1705.91,0,0
TXN0006917,CUST02041,2387.48,20,Wallet,Noida,Web,0,1,2,2,441,422.29,1,0
TXN0006918,CUST00439,872.32,18,UPI,Chennai,iOS,0,0,0,6,2113,1484.68,0,0
TXN0006919,CUST01753,1002.73,1,UPI,Mumbai,iOS,0,0,0,2,228,1025.42,1,0
TXN0006920,CUST01616,5821.91,11,Wallet,Mumbai,iOS,1,0,1,4,172,840.27,0,0
TXN0006921,CUST01850,628.91,17,UPI,Chennai,Android,0,0,1,1,615,1987.79,1,0
TXN0006922,CUST01601,677.08,7,Credit Card,Hyderabad,Android,1,0,0,3,237,1039.68,0,0
TXN0006923,CUST01664,1709.51,19,UPI,Hyderabad,Android,0,0,0,3,230,1229.79,1,0
TXN0006924,CUST00307,831.85,21,Net Banking,Chennai,Android,0,0,0,2,1935,1326.27,1,0
TXN0006925,CUST00619,742.86,11,Debit Card,Delhi,Android,0,0,0,2,146,303.35,0,0
TXN0006926,CUST01133,1999.43,18,Credit Card,Kolkata,Android,0,0,0,3,79,1881.28,1,0
TXN0006927,CUST01396,399.6,7,UPI,Bengaluru,Android,0,0,1,5,1417,1100.01,0,0
TXN0006928,CUST02405,656.93,17,UPI,Jaipur,Android,0,0,3,3,602,630.93,0,0
TXN0006929,CUST02229,14039.6,0,Credit Card,Jaipur,Android,0,0,0,3,619,1207.21,0,0
TXN0006930,CUST01380,2849.84,8,UPI,Noida,iOS,0,0,1,1,717,1303.43,0,0
TXN0006931,CUST01700,853.19,18,Credit Card,Gurugram,Android,0,0,0,3,311,2963.38,0,0
TXN0006932,CUST02116,2734.65,18,Credit Card,Noida,Web,0,0,1,3,441,1430.24,0,0
TXN0006933,CUST02340,3174.4,17,Debit Card,Mumbai,Web,0,0,2,8,858,3853.69,0,0
TXN0006934,CUST00181,4865.65,14,UPI,Kolkata,Android,0,1,0,3,488,6146.98,0,0
TXN0006935,CUST02482,1585.07,17,Credit Card,Hyderabad,Android,0,0,1,5,538,1104.65,0,0
TXN0006936,CUST01488,4779.25,19,Debit Card,Chennai,iOS,0,0,0,4,1775,5678.06,1,0
TXN0006937,CUST00914,234.42,22,Credit Card,Jaipur,Android,0,1,0,1,315,1201.1,0,0
TXN0006938,CUST01558,625.93,21,Debit Card,Chennai,Web,0,1,1,2,221,2838.73,0,0
TXN0006939,CUST02114,2120.51,19,UPI,Gurugram,iOS,0,0,0,7,67,762.79,0,0
TXN0006940,CUST01045,2502.83,18,Debit Card,Mumbai,iOS,0,0,2,2,60,987.24,1,0
TXN0006941,CUST01636,723.25,16,Net Banking,Mumbai,iOS,0,0,0,2,347,1354.24,0,0
TXN0006942,CUST02432,2333.12,7,UPI,Bengaluru,Android,1,0,1,2,225,1079.62,0,0
TXN0006943,CUST01639,964.59,8,UPI,Chennai,iOS,1,0,0,4,438,2188.89,1,0
TXN0006944,CUST01583,1364.55,19,UPI,Hyderabad,Android,1,0,1,2,34,2309.11,1,0
TXN0006945,CUST02087,5015.64,19,Credit Card,Jaipur,Android,0,0,0,4,687,1788.67,1,0
TXN0006946,CUST01309,4467.03,16,Credit Card,Jaipur,Android,0,0,1,4,10,2717.13,0,0
TXN0006947,CUST00822,664.13,13,UPI,Gurugram,iOS,0,1,1,1,10,1025.61,0,0
TXN0006948,CUST00602,625.34,1,Debit Card,Bengaluru,Web,0,0,1,2,62,896.64,0,0
TXN0006949,CUST01621,1193.17,11,Debit Card,Delhi,Android,0,0,0,4,15,5252.06,0,0
TXN0006950,CUST00785,1752.49,13,Wallet,Chennai,iOS,0,0,1,5,205,1572.96,0,0
TXN0006951,CUST01212,932.29,14,Credit Card,Noida,Android,0,0,3,3,1166,2857.49,0,0
TXN0006952,CUST00671,5095.86,21,UPI,Delhi,Android,0,0,1,1,97,2618.24,0,0
TXN0006953,CUST01267,2547.66,6,Wallet,Delhi,Web,0,0,0,2,1054,1385.78,1,0
TXN0006954,CUST01097,2701.67,15,UPI,Pune,Android,1,0,0,2,485,888.43,1,0
TXN0006955,CUST01998,507.25,11,Credit Card,Kolkata,Android,1,1,0,7,83,876.85,1,0
TXN0006956,CUST00101,5783.9,23,Credit Card,Noida,Android,0,0,1,6,1364,2128.88,1,0
TXN0006957,CUST01780,107.27,20,UPI,Noida,Android,0,0,0,4,435,400.71,0,0
TXN0006958,CUST00176,4144.75,13,UPI,Bengaluru,Android,0,0,1,1,505,1700.3,0,0
TXN0006959,CUST00238,4581.83,23,UPI,Hyderabad,Android,0,1,0,9,472,2639.65,0,0
TXN0006960,CUST01123,1168.11,14,UPI,Gurugram,Android,0,0,2,4,1142,1636.08,0,0
TXN0006961,CUST01978,6428.21,8,Credit Card,Chennai,Android,0,0,1,7,981,4743.87,0,0
TXN0006962,CUST02004,1689.93,15,Debit Card,Gurugram,iOS,0,0,0,3,66,3379.51,0,0
TXN0006963,CUST01538,1915.96,9,UPI,Chennai,Web,0,0,0,4,581,1664.43,0,0
TXN0006964,CUST00755,2527.71,17,UPI,Chennai,Android,0,0,0,3,2121,1136.13,0,0
TXN0006965,CUST02259,43569.68,22,UPI,Gurugram,Android,0,0,0,4,672,2105.4,0,0
TXN0006966,CUST01147,6904.83,19,UPI,Pune,Android,0,0,0,7,1171,1032.6,0,0
TXN0006967,CUST01412,3628.86,10,UPI,Bengaluru,Android,0,0,1,4,144,871.12,0,0
TXN0006968,CUST00140,722.51,10,UPI,Chennai,Web,0,0,0,6,665,2161.37,0,1
TXN0006969,CUST00541,2077.94,4,UPI,Delhi,iOS,0,0,0,5,671,3455.08,1,0
TXN0006970,CUST01415,798.25,10,UPI,Gurugram,Android,0,0,0,4,58,615.32,0,0
TXN0006971,CUST00270,4095.54,6,UPI,Jaipur,Android,0,0,2,1,291,759.64,0,1
TXN0006972,CUST01036,2071.46,14,Debit Card,Jaipur,Android,0,0,1,4,303,1071.29,0,0
TXN0006973,CUST01891,584.65,18,UPI,Kolkata,Web,0,0,1,5,826,1514.11,1,0
TXN0006974,CUST00506,1952.11,18,UPI,Delhi,iOS,0,0,0,4,491,661.11,0,0
TXN0006975,CUST01130,769.8,3,Net Banking,Hyderabad,Android,0,0,0,3,110,637.02,0,0
TXN0006976,CUST02080,2093.85,11,Credit Card,Mumbai,Android,0,0,0,4,251,764.0,0,0
TXN0006977,CUST01873,762.39,10,UPI,Bengaluru,Android,0,0,2,2,23,1616.56,1,0
TXN0006978,CUST01093,1850.16,6,UPI,Hyderabad,Web,1,1,1,5,251,2151.66,0,0
TXN0006979,CUST00813,3812.39,11,Credit Card,Mumbai,Android,0,0,3,1,20,3854.84,0,0
TXN0006980,CUST00362,1707.0,10,Credit Card,Jaipur,Android,0,0,1,1,2501,1712.0,0,0
TXN0006981,CUST01457,1217.62,17,UPI,Delhi,Android,0,0,1,3,955,1111.04,0,0
TXN0006982,CUST00929,2205.74,20,UPI,Hyderabad,Android,0,0,0,4,1910,1614.44,1,0
TXN0006983,CUST00100,3614.56,13,Wallet,Gurugram,Android,0,0,0,4,355,2566.71,1,0
TXN0006984,CUST01682,594.88,18,Credit Card,Gurugram,iOS,0,0,1,2,272,2843.84,1,0
TXN0006985,CUST02057,2336.01,7,UPI,Gurugram,Android,0,0,1,6,2322,1053.93,0,0
TXN0006986,CUST01053,6721.61,21,UPI,Bengaluru,Web,1,0,1,5,1165,1455.23,0,0
TXN0006987,CUST00921,3194.54,8,UPI,Delhi,iOS,0,0,1,1,711,3457.69,0,0
TXN0006988,CUST02438,1907.02,8,UPI,Delhi,Android,1,0,1,3,269,2241.51,0,0
TXN0006989,CUST00632,3412.77,6,Wallet,Bengaluru,iOS,0,0,1,5,167,1654.26,0,0
TXN0006990,CUST00682,2830.02,10,UPI,Jaipur,Android,0,0,0,6,406,658.58,0,0
TXN0006991,CUST02205,3824.35,15,Net Banking,Noida,Android,0,1,0,1,160,390.91,0,0
TXN0006992,CUST02383,237.84,23,UPI,Hyderabad,Web,0,0,0,4,116,2273.17,1,0
TXN0006993,CUST02308,380.73,19,UPI,Noida,iOS,0,0,0,4,231,7708.34,1,0
TXN0006994,CUST02130,4916.59,12,UPI,Kolkata,Android,0,0,0,1,71,634.98,0,0
TXN0006995,CUST00754,399.52,16,Credit Card,Noida,Android,1,0,1,2,413,1761.62,0,0
TXN0006996,CUST01465,2689.42,16,Credit Card,Mumbai,Android,1,0,1,3,983,1053.78,0,0
TXN0006997,CUST00720,1265.84,19,Debit Card,Noida,Android,0,0,0,1,1771,1114.12,1,0
TXN0006998,CUST00075,664.71,18,Credit Card,Gurugram,Android,0,0,0,4,326,263.82,0,0
TXN0006999,CUST01294,2553.43,15,UPI,Jaipur,Android,0,0,1,3,1964,893.48,0,0
TXN0007000,CUST01923,2200.8,17,Debit Card,Pune,iOS,0,0,0,4,738,532.7,1,0
TXN0007001,CUST00062,14851.92,18,UPI,Bengaluru,Web,0,0,1,4,36,5444.65,0,0
TXN0007002,CUST00874,963.65,7,Credit Card,Kolkata,Android,0,0,3,4,327,1751.65,0,0
TXN0007003,CUST00320,7598.09,8,UPI,Gurugram,Android,0,0,2,8,1928,1654.88,0,0
TXN0007004,CUST02150,2560.52,17,UPI,Noida,Android,0,0,2,3,169,1579.82,0,0
TXN0007005,CUST01453,929.38,20,Debit Card,Noida,Android,0,0,0,2,56,569.93,0,0
TXN0007006,CUST00874,4002.96,12,UPI,Kolkata,iOS,0,0,1,2,204,1194.89,0,0
TXN0007007,CUST01746,3169.35,23,Wallet,Chennai,Web,0,0,0,1,554,3139.44,1,0
TXN0007008,CUST02303,1865.69,9,Wallet,Mumbai,Android,0,0,0,3,1040,1081.43,1,0
TXN0007009,CUST01556,2349.22,12,UPI,Chennai,Android,0,0,0,3,400,248.26,0,0
TXN0007010,CUST00112,990.84,12,UPI,Chennai,Web,0,0,0,4,592,1421.25,0,0
TXN0007011,CUST00461,788.2,21,Debit Card,Mumbai,iOS,0,0,0,5,1320,2223.37,1,0
TXN0007012,CUST00887,3846.75,10,Wallet,Jaipur,Android,1,0,1,5,588,1787.54,0,0
TXN0007013,CUST01116,1438.85,14,UPI,Delhi,Android,0,0,0,3,454,1897.62,0,0
TXN0007014,CUST01076,1661.47,8,Wallet,Chennai,Web,0,1,0,2,36,5240.71,0,0
TXN0007015,CUST00520,2381.21,15,Wallet,Pune,Android,0,0,1,1,660,3746.26,0,0
TXN0007016,CUST00812,2346.85,20,UPI,Kolkata,Android,0,0,1,3,474,1147.14,0,0
TXN0007017,CUST02284,431.05,10,Debit Card,Mumbai,Android,0,0,0,4,1064,3343.9,0,0
TXN0007018,CUST01925,6514.55,19,UPI,Pune,Android,0,0,0,5,447,1154.52,0,0
TXN0007019,CUST01605,2031.89,21,Credit Card,Noida,Android,0,0,0,5,199,1411.67,1,0
TXN0007020,CUST00927,1469.81,4,UPI,Pune,iOS,1,0,0,2,117,2475.7,0,0
TXN0007021,CUST00557,2769.41,18,UPI,Bengaluru,Android,1,0,0,6,696,582.95,0,0
TXN0007022,CUST02282,2280.35,9,Debit Card,Bengaluru,iOS,1,0,0,6,361,1247.06,0,0
TXN0007023,CUST01056,3876.18,8,UPI,Kolkata,Android,0,0,0,3,639,804.7,0,0
TXN0007024,CUST00579,3082.59,16,Credit Card,Mumbai,Android,0,0,2,1,1059,477.98,0,0
TXN0007025,CUST00542,3690.02,18,Wallet,Bengaluru,iOS,0,0,1,7,234,1488.23,0,0
TXN0007026,CUST02162,6950.27,12,UPI,Kolkata,Web,0,0,0,4,595,1789.29,1,0
TXN0007027,CUST02252,4355.38,2,UPI,Gurugram,Web,0,0,0,2,1592,1078.89,0,0
TXN0007028,CUST01053,1533.11,21,Credit Card,Delhi,Android,0,0,0,4,142,3619.65,1,0
TXN0007029,CUST00474,585.6,18,UPI,Chennai,Android,0,0,1,1,1168,679.32,0,0
TXN0007030,CUST02301,9540.87,10,Debit Card,Mumbai,iOS,0,1,1,4,120,730.03,0,1
TXN0007031,CUST00905,1419.16,14,UPI,Chennai,iOS,1,0,0,7,268,2622.34,0,0
TXN0007032,CUST01946,1121.51,1,Credit Card,Pune,iOS,0,0,1,3,336,1388.69,1,0
TXN0007033,CUST00386,316.97,11,UPI,Noida,Web,0,0,1,4,552,2057.1,0,0
TXN0007034,CUST00062,2525.05,15,UPI,Kolkata,Android,0,1,5,2,116,2271.29,0,0
TXN0007035,CUST00515,2088.97,14,UPI,Chennai,iOS,0,0,2,4,402,1777.14,1,0
TXN0007036,CUST00430,395.61,8,UPI,Chennai,Android,0,0,3,5,1717,844.85,0,0
TXN0007037,CUST00580,2832.22,19,UPI,Mumbai,Web,1,0,1,6,247,1821.81,0,0
TXN0007038,CUST01561,1093.73,10,Credit Card,Pune,iOS,0,0,0,5,150,4677.35,1,0
TXN0007039,CUST01165,26525.37,16,UPI,Bengaluru,Android,0,0,0,1,28,2615.97,0,0
TXN0007040,CUST01324,1018.6,10,UPI,Pune,Web,0,0,0,3,734,990.52,0,0
TXN0007041,CUST02359,1164.85,13,Credit Card,Bengaluru,iOS,0,0,1,2,420,531.02,1,0
TXN0007042,CUST00471,750.52,8,Debit Card,Mumbai,iOS,1,0,0,7,450,2388.86,0,0
TXN0007043,CUST01417,6460.22,17,Credit Card,Noida,Web,0,0,1,2,2247,4563.89,1,0
TXN0007044,CUST01666,1239.88,13,UPI,Hyderabad,Android,0,0,0,3,170,5428.83,1,0
TXN0007045,CUST01469,871.86,0,Wallet,Chennai,Web,1,0,0,4,1091,2048.89,0,1
TXN0007046,CUST00809,3650.05,1,Wallet,Gurugram,Android,0,0,0,5,114,1602.75,0,0
TXN0007047,CUST00172,452.68,14,UPI,Hyderabad,Android,1,0,0,4,366,746.3,0,0
TXN0007048,CUST00031,3363.21,8,Credit Card,Delhi,Android,0,1,1,3,637,601.78,0,0
TXN0007049,CUST00047,10688.69,16,Credit Card,Pune,Android,0,1,0,9,1138,3548.41,0,0
TXN0007050,CUST00130,3172.1,12,Net Banking,Chennai,iOS,0,0,0,4,770,1725.75,0,0
TXN0007051,CUST02400,3406.5,17,Credit Card,Jaipur,Android,0,0,1,3,589,4930.68,0,0
TXN0007052,CUST00978,4296.7,22,Net Banking,Bengaluru,Web,0,0,0,4,10,1521.44,0,0
TXN0007053,CUST01646,9949.23,15,UPI,Chennai,Android,0,0,1,5,492,1283.91,1,0
TXN0007054,CUST01605,6035.63,19,UPI,Noida,Android,0,0,1,1,275,2935.41,0,0
TXN0007055,CUST00058,2793.95,18,Debit Card,Delhi,Web,0,0,1,4,2059,1798.24,0,0
TXN0007056,CUST01130,4444.55,21,Debit Card,Hyderabad,iOS,0,0,1,4,237,2271.22,1,0
TXN0007057,CUST01354,742.19,9,Debit Card,Bengaluru,iOS,1,0,0,1,65,1220.56,0,0
TXN0007058,CUST00768,3912.12,19,Debit Card,Hyderabad,Android,0,0,1,5,93,1574.74,0,0
TXN0007059,CUST00683,658.51,21,Debit Card,Mumbai,iOS,0,0,0,5,704,3800.87,0,0
TXN0007060,CUST02009,1247.03,12,Credit Card,Mumbai,Android,0,0,1,2,319,1132.41,0,0
TXN0007061,CUST02334,82.51,10,UPI,Mumbai,Web,0,0,0,4,303,4160.29,0,0
TXN0007062,CUST01791,2689.13,22,UPI,Bengaluru,iOS,0,0,0,3,286,7284.49,0,0
TXN0007063,CUST01478,945.46,16,UPI,Gurugram,Web,0,0,2,2,1924,2419.21,0,0
TXN0007064,CUST00886,5468.1,12,Credit Card,Chennai,iOS,0,0,0,3,93,1101.19,0,0
TXN0007065,CUST00397,2659.08,19,UPI,Hyderabad,iOS,1,0,0,3,1112,1146.6,0,0
TXN0007066,CUST01539,5539.38,10,UPI,Hyderabad,iOS,0,1,1,1,1160,2174.73,0,0
TXN0007067,CUST02074,609.08,8,UPI,Bengaluru,iOS,0,0,1,3,644,892.88,0,0
TXN0007068,CUST00313,5084.38,15,Wallet,Gurugram,Android,0,0,1,2,184,3136.84,0,0
TXN0007069,CUST02174,14785.44,15,UPI,Jaipur,Android,0,0,1,2,581,1911.7,0,0
TXN0007070,CUST01589,3864.94,19,UPI,Delhi,Android,0,0,2,4,43,740.66,1,0
TXN0007071,CUST01222,3967.5,13,UPI,Pune,iOS,0,0,1,1,1620,1460.94,0,0
TXN0007072,CUST00811,2132.69,19,UPI,Hyderabad,iOS,0,0,2,3,660,1789.35,0,0
TXN0007073,CUST02236,1065.15,10,UPI,Noida,iOS,0,0,1,4,92,779.17,0,0
TXN0007074,CUST02033,3853.49,16,UPI,Kolkata,Web,0,1,0,3,906,523.05,0,0
TXN0007075,CUST01508,399.2,9,UPI,Bengaluru,Android,0,0,0,3,225,2640.52,0,0
TXN0007076,CUST00450,1185.34,12,Debit Card,Chennai,Android,0,0,1,4,24,2341.05,0,0
TXN0007077,CUST01895,306.28,20,Debit Card,Hyderabad,Android,1,0,2,8,157,676.85,0,0
TXN0007078,CUST01378,890.59,9,UPI,Hyderabad,Android,1,0,0,2,629,1300.32,0,0
TXN0007079,CUST00597,3420.65,19,Debit Card,Jaipur,Android,0,1,1,1,632,11571.19,1,0
TXN0007080,CUST02148,2983.75,10,Credit Card,Noida,Android,0,0,0,3,1862,2882.82,0,0
TXN0007081,CUST00616,1894.02,1,Debit Card,Gurugram,iOS,0,0,0,1,283,939.01,1,0
TXN0007082,CUST00948,2134.4,7,UPI,Hyderabad,Android,0,0,1,3,909,2480.83,0,0
TXN0007083,CUST01582,273.06,18,UPI,Mumbai,Android,0,0,0,2,396,928.66,1,0
TXN0007084,CUST00556,1240.14,9,Debit Card,Delhi,Web,0,0,1,4,826,3089.0,0,0
TXN0007085,CUST00278,910.68,17,UPI,Jaipur,Web,0,0,1,5,418,1337.45,1,0
TXN0007086,CUST02014,931.21,18,UPI,Hyderabad,iOS,1,0,0,4,378,1059.4,1,0
TXN0007087,CUST00491,3278.43,11,UPI,Noida,Android,1,0,1,5,290,1014.05,0,0
TXN0007088,CUST00255,761.31,14,Debit Card,Chennai,Web,0,0,1,2,21,3663.75,1,0
TXN0007089,CUST02429,983.25,12,UPI,Mumbai,Android,0,0,0,5,1113,472.98,0,0
TXN0007090,CUST00892,223.29,22,UPI,Hyderabad,Android,0,0,0,2,598,815.55,0,0
TXN0007091,CUST00542,1341.33,10,Debit Card,Hyderabad,iOS,1,0,1,5,392,1361.57,0,0
TXN0007092,CUST01288,606.5,8,Wallet,Jaipur,Android,0,0,0,1,477,1340.26,1,0
TXN0007093,CUST01634,1948.36,11,UPI,Chennai,Web,0,0,0,6,132,2310.28,0,0
TXN0007094,CUST00825,695.36,17,UPI,Mumbai,Web,0,0,0,1,1819,1065.51,0,0
TXN0007095,CUST01353,1998.36,18,Credit Card,Kolkata,Android,0,0,0,4,188,827.69,0,0
TXN0007096,CUST00281,1557.53,21,UPI,Chennai,Android,1,0,0,1,10,1771.23,1,0
TXN0007097,CUST01299,9581.45,20,Debit Card,Hyderabad,Android,0,0,1,2,546,1626.72,0,0
TXN0007098,CUST00773,2959.45,10,Debit Card,Noida,Web,0,0,0,4,1039,475.75,0,0
TXN0007099,CUST00328,285.97,13,UPI,Mumbai,Android,0,0,0,1,596,1285.37,0,0
TXN0007100,CUST02259,508.09,18,UPI,Delhi,Android,0,0,0,1,198,2025.25,0,0
TXN0007101,CUST00923,1902.17,21,UPI,Pune,Android,0,0,2,6,323,1798.97,0,0
TXN0007102,CUST00552,710.3,11,Credit Card,Jaipur,Android,0,0,0,4,736,1588.0,1,0
TXN0007103,CUST02074,92.5,13,UPI,Jaipur,Web,0,0,1,1,689,1285.6,0,0
TXN0007104,CUST02075,6940.22,21,UPI,Noida,Web,0,0,1,1,367,1061.04,1,0
TXN0007105,CUST00702,3698.81,11,UPI,Kolkata,Android,0,0,2,3,10,2008.42,1,0
TXN0007106,CUST01920,3030.61,14,UPI,Gurugram,Android,0,0,0,2,491,1290.12,1,0
TXN0007107,CUST02461,980.65,21,Credit Card,Delhi,Android,1,0,0,2,347,1891.89,0,0
TXN0007108,CUST00167,2760.64,19,UPI,Bengaluru,iOS,0,0,0,1,225,1246.24,0,0
TXN0007109,CUST00169,889.96,9,Credit Card,Gurugram,Android,0,0,1,5,761,3358.28,0,0
TXN0007110,CUST00229,2209.23,11,UPI,Chennai,Android,0,1,0,2,304,1549.28,0,0
TXN0007111,CUST02003,716.92,11,UPI,Pune,Android,1,0,0,6,474,1643.63,0,0
TXN0007112,CUST00367,8199.52,21,Debit Card,Kolkata,Android,0,0,0,1,115,3426.2,0,0
TXN0007113,CUST00528,374.39,23,Debit Card,Bengaluru,iOS,0,0,1,2,90,773.52,0,0
TXN0007114,CUST00791,6172.29,19,Debit Card,Kolkata,Android,1,0,1,2,379,796.0,0,0
TXN0007115,CUST00524,1871.43,14,UPI,Bengaluru,Android,0,0,0,5,94,1542.76,1,0
TXN0007116,CUST01096,1103.32,0,UPI,Pune,iOS,0,0,0,1,1551,308.22,0,0
TXN0007117,CUST01669,2127.16,18,Credit Card,Noida,iOS,0,0,0,6,456,473.87,1,0
TXN0007118,CUST02154,3747.67,12,Debit Card,Kolkata,Android,1,0,0,1,482,1822.74,0,0
TXN0007119,CUST01909,7060.62,17,Wallet,Chennai,Android,0,0,1,5,709,3515.58,1,0
TXN0007120,CUST01306,2461.89,16,Debit Card,Pune,Web,1,0,0,2,429,1867.3,1,0
TXN0007121,CUST00133,738.67,14,UPI,Hyderabad,Android,0,0,0,2,598,2862.0,0,0
TXN0007122,CUST02317,1902.97,22,Debit Card,Mumbai,iOS,0,0,1,4,171,652.43,0,0
TXN0007123,CUST01643,11073.78,1,Wallet,Kolkata,Android,0,0,0,3,148,539.35,0,0
TXN0007124,CUST01889,6927.26,18,UPI,Hyderabad,Android,1,0,0,3,40,1908.06,0,0
TXN0007125,CUST01771,4466.25,12,UPI,Pune,Android,0,0,0,4,365,2187.58,1,0
TXN0007126,CUST00018,3988.73,18,Credit Card,Jaipur,Android,1,0,0,1,339,1754.52,0,0
TXN0007127,CUST01778,3622.76,17,UPI,Mumbai,Android,0,0,1,1,1405,1059.31,1,0
TXN0007128,CUST00117,5734.73,0,Credit Card,Mumbai,Web,0,0,1,3,86,752.24,1,0
TXN0007129,CUST00798,1140.15,10,Wallet,Pune,Android,0,0,1,3,583,2065.01,0,0
TXN0007130,CUST01712,464.27,8,Wallet,Noida,iOS,1,0,0,6,170,3260.68,0,0
TXN0007131,CUST00753,1928.59,8,Wallet,Delhi,iOS,1,0,3,4,982,2620.22,0,0
TXN0007132,CUST02470,794.7,18,Credit Card,Jaipur,Android,1,1,0,6,99,5985.11,0,0
TXN0007133,CUST01393,626.73,9,UPI,Kolkata,iOS,0,0,1,4,45,1238.71,0,0
TXN0007134,CUST02098,875.91,14,Debit Card,Pune,iOS,1,0,1,1,257,1316.01,0,0
TXN0007135,CUST00678,21608.8,9,UPI,Chennai,Android,0,0,0,3,928,1679.76,0,0
TXN0007136,CUST00106,2062.48,16,UPI,Jaipur,Android,0,1,0,6,138,635.08,0,0
TXN0007137,CUST00658,2584.92,18,Debit Card,Noida,Web,0,0,1,3,201,2112.81,0,0
TXN0007138,CUST01947,530.16,11,UPI,Delhi,iOS,1,0,0,3,627,2019.75,0,0
TXN0007139,CUST01449,284.8,16,UPI,Chennai,iOS,0,0,1,6,262,1365.23,1,0
TXN0007140,CUST01096,793.53,19,UPI,Pune,iOS,0,0,1,2,619,730.75,1,0
TXN0007141,CUST00988,7583.56,6,Wallet,Hyderabad,iOS,0,0,1,4,788,1144.82,0,0
TXN0007142,CUST01809,2514.47,18,UPI,Jaipur,Android,0,0,0,3,167,1306.97,1,0
TXN0007143,CUST01783,3275.21,11,UPI,Jaipur,Web,0,0,1,4,355,685.11,0,0
TXN0007144,CUST00446,3767.28,7,Net Banking,Mumbai,iOS,0,0,0,2,179,1134.42,0,0
TXN0007145,CUST01949,996.44,15,UPI,Noida,Web,0,0,0,2,773,357.1,0,0
TXN0007146,CUST02118,7212.04,9,UPI,Chennai,Android,0,0,0,5,427,657.66,0,0
TXN0007147,CUST01998,955.98,19,Credit Card,Jaipur,Web,0,0,1,3,43,2181.83,1,0
TXN0007148,CUST02198,7344.99,2,UPI,Pune,iOS,0,0,0,7,830,1718.29,0,0
TXN0007149,CUST00774,2801.31,6,UPI,Gurugram,iOS,0,0,1,3,936,2330.03,1,0
TXN0007150,CUST01562,300.82,15,Debit Card,Mumbai,Android,0,0,1,3,198,1284.43,0,0
TXN0007151,CUST01676,851.95,16,UPI,Chennai,iOS,0,0,0,1,592,1799.5,0,0
TXN0007152,CUST01123,302.05,18,Debit Card,Delhi,Android,0,0,1,1,1773,1139.97,0,0
TXN0007153,CUST01302,5760.76,9,Credit Card,Bengaluru,iOS,0,0,0,4,256,955.01,0,0
TXN0007154,CUST01587,1756.02,20,UPI,Pune,iOS,0,0,1,3,1222,1948.01,0,0
TXN0007155,CUST01687,193.87,22,Credit Card,Noida,Android,0,0,0,4,1908,808.69,0,0
TXN0007156,CUST00944,2620.94,14,UPI,Chennai,Android,0,0,2,1,402,1848.29,0,0
TXN0007157,CUST00455,1051.93,19,UPI,Hyderabad,Android,0,1,2,2,162,1561.81,0,0
TXN0007158,CUST01128,408.19,15,Credit Card,Chennai,iOS,0,0,0,3,99,2322.25,0,0
TXN0007159,CUST00946,9638.37,4,UPI,Hyderabad,Android,0,0,1,6,417,1567.38,1,0
TXN0007160,CUST00601,2003.85,11,Debit Card,Mumbai,Android,0,0,0,4,1389,3939.51,0,0
TXN0007161,CUST00725,1342.26,6,UPI,Delhi,iOS,0,0,1,3,640,1432.25,0,0
TXN0007162,CUST02281,1207.27,23,Credit Card,Noida,iOS,0,0,0,2,885,1462.25,0,0
TXN0007163,CUST01418,396.34,9,Debit Card,Delhi,Web,0,0,0,5,349,2216.89,0,0
TXN0007164,CUST01525,488.33,17,UPI,Mumbai,Android,0,0,1,2,228,1425.25,0,0
TXN0007165,CUST00251,6505.86,10,Wallet,Chennai,iOS,0,0,0,5,2223,1497.21,0,0
TXN0007166,CUST01545,1120.64,17,Credit Card,Noida,Android,0,0,2,7,140,1325.71,0,0
TXN0007167,CUST00079,1840.16,9,Net Banking,Jaipur,Web,0,0,1,1,1645,7703.82,0,0
TXN0007168,CUST00898,233.04,19,UPI,Bengaluru,iOS,1,0,0,6,1303,9134.26,1,0
TXN0007169,CUST00781,481.76,7,Wallet,Gurugram,iOS,0,0,1,6,76,1169.36,1,0
TXN0007170,CUST00226,3312.16,21,Credit Card,Pune,Android,0,0,1,3,207,662.57,0,0
TXN0007171,CUST01075,2626.1,20,Debit Card,Bengaluru,Web,0,0,2,3,1087,1625.99,1,0
TXN0007172,CUST01210,10393.31,17,Wallet,Jaipur,Web,1,0,0,5,219,2625.55,0,0
TXN0007173,CUST01058,6894.63,4,Credit Card,Kolkata,Android,0,0,1,4,489,2384.03,0,0
TXN0007174,CUST00803,1429.14,9,Wallet,Kolkata,iOS,0,1,0,2,504,3999.74,0,0
TXN0007175,CUST00742,2888.51,20,Credit Card,Kolkata,Web,0,0,0,7,780,2971.54,0,0
TXN0007176,CUST02179,1311.52,7,Credit Card,Hyderabad,Android,0,0,1,1,1717,1038.31,0,0
TXN0007177,CUST00704,14049.64,8,UPI,Pune,iOS,0,0,0,1,10,2622.62,0,0
TXN0007178,CUST01427,5679.15,15,UPI,Bengaluru,iOS,1,0,0,4,1623,1524.86,0,0
TXN0007179,CUST02371,2132.88,10,Credit Card,Hyderabad,iOS,0,0,0,3,1074,555.75,1,0
TXN0007180,CUST00615,2199.39,9,Net Banking,Bengaluru,iOS,0,0,0,2,76,3134.67,0,0
TXN0007181,CUST00329,7634.19,16,Debit Card,Bengaluru,Android,0,0,1,4,677,1918.58,0,0
TXN0007182,CUST01396,3213.51,12,Debit Card,Delhi,Android,0,0,0,4,668,2871.02,0,0
TXN0007183,CUST01484,8554.13,7,Credit Card,Chennai,Web,0,0,3,5,195,4294.62,0,0
TXN0007184,CUST00133,200.72,15,UPI,Bengaluru,Web,0,0,2,3,886,957.03,0,0
TXN0007185,CUST00835,2854.84,12,UPI,Delhi,iOS,1,0,0,6,1234,841.81,0,0
TXN0007186,CUST00121,1075.03,18,UPI,Gurugram,Android,0,0,0,3,170,1000.47,0,0
TXN0007187,CUST01476,10424.56,6,UPI,Hyderabad,iOS,0,0,0,1,1067,2906.59,0,0
TXN0007188,CUST00965,8450.16,16,Debit Card,Gurugram,Android,0,0,0,4,856,1164.53,0,0
TXN0007189,CUST00129,1860.09,13,Debit Card,Mumbai,iOS,0,0,1,3,47,494.91,0,0
TXN0007190,CUST01599,8359.66,12,UPI,Mumbai,iOS,0,0,1,3,693,885.9,0,0
TXN0007191,CUST02077,10707.04,9,UPI,Hyderabad,Android,1,0,0,2,103,581.72,0,0
TXN0007192,CUST01548,1939.04,1,UPI,Hyderabad,Android,1,0,0,2,134,2210.32,1,0
TXN0007193,CUST00333,21321.6,20,UPI,Chennai,Web,0,0,1,3,72,1359.69,0,0
TXN0007194,CUST01154,1744.46,11,UPI,Delhi,Web,0,1,1,2,781,1689.44,0,0
TXN0007195,CUST01317,1452.47,17,UPI,Chennai,Android,0,0,1,1,1674,1377.78,0,0
TXN0007196,CUST01197,4278.74,22,UPI,Jaipur,Android,0,0,0,5,205,388.89,1,0
TXN0007197,CUST01430,1263.64,15,Wallet,Mumbai,Android,0,0,2,1,421,995.99,1,0
TXN0007198,CUST00356,1960.36,12,UPI,Chennai,Android,0,0,0,1,411,1649.57,0,0
TXN0007199,CUST00139,7368.55,10,Debit Card,Jaipur,Web,0,0,0,1,10,1242.51,1,0
TXN0007200,CUST01527,1834.93,21,Credit Card,Jaipur,Android,0,0,3,1,223,3343.05,0,0
TXN0007201,CUST01198,330.47,17,UPI,Pune,Web,0,0,1,3,146,2352.47,0,0
TXN0007202,CUST00029,2598.95,17,Debit Card,Bengaluru,iOS,0,0,3,1,10,1531.5,1,0
TXN0007203,CUST00931,897.17,13,Credit Card,Hyderabad,Android,0,0,0,5,88,3093.92,0,0
TXN0007204,CUST01014,4276.17,20,UPI,Chennai,iOS,0,0,0,4,496,3170.95,0,0
TXN0007205,CUST00828,3610.97,18,UPI,Pune,iOS,0,0,0,3,710,2343.15,0,0
TXN0007206,CUST00351,7839.59,10,Debit Card,Gurugram,iOS,0,0,0,5,3000,1681.24,0,0
TXN0007207,CUST02025,4460.76,16,UPI,Gurugram,Android,0,0,2,5,737,1347.92,1,0
TXN0007208,CUST00299,5355.0,13,UPI,Pune,Android,0,0,0,5,56,1652.39,0,0
TXN0007209,CUST01744,921.91,0,UPI,Delhi,iOS,1,0,1,4,351,2135.49,0,0
TXN0007210,CUST01866,4021.98,19,UPI,Pune,Android,0,0,1,7,656,1972.56,0,0
TXN0007211,CUST01216,12887.24,7,Debit Card,Jaipur,Web,1,0,0,8,408,712.39,0,0
TXN0007212,CUST01696,904.06,14,Debit Card,Bengaluru,Android,0,1,1,1,224,1860.94,0,0
TXN0007213,CUST02112,10886.52,11,Credit Card,Chennai,Android,0,0,1,3,33,5096.84,0,0
TXN0007214,CUST00755,1039.18,11,UPI,Chennai,iOS,0,0,0,3,311,749.6,0,0
TXN0007215,CUST00770,767.83,14,Wallet,Jaipur,Android,0,0,1,4,248,1975.18,0,0
TXN0007216,CUST01239,2420.53,23,Credit Card,Hyderabad,Android,0,0,1,1,1179,2918.21,1,0
TXN0007217,CUST00834,3682.89,12,Debit Card,Bengaluru,Android,0,0,0,4,112,1662.89,0,0
TXN0007218,CUST02214,4479.61,8,UPI,Delhi,Android,0,0,0,2,2034,5079.58,0,0
TXN0007219,CUST01907,687.99,16,UPI,Kolkata,Android,0,0,1,4,1085,619.28,0,0
TXN0007220,CUST01565,2779.65,9,Wallet,Noida,iOS,0,0,0,3,179,1737.54,0,0
TXN0007221,CUST01219,906.86,6,UPI,Chennai,iOS,0,0,3,3,21,537.39,0,0
TXN0007222,CUST00506,406.11,2,Debit Card,Noida,Android,0,0,0,3,380,352.76,0,0
TXN0007223,CUST01358,711.09,1,Credit Card,Hyderabad,iOS,0,0,2,3,623,1069.46,0,0
TXN0007224,CUST01461,849.49,13,UPI,Noida,Web,0,0,0,5,219,1792.45,0,0
TXN0007225,CUST01417,3032.48,13,Debit Card,Bengaluru,iOS,1,0,0,1,10,1791.15,0,0
TXN0007226,CUST01173,5697.35,8,UPI,Noida,iOS,0,0,0,2,1851,2708.07,0,0
TXN0007227,CUST00761,412.54,19,Debit Card,Pune,Android,0,0,0,5,249,753.98,0,0
TXN0007228,CUST00833,2559.34,7,Net Banking,Gurugram,Android,0,0,0,4,1615,1276.52,0,0
TXN0007229,CUST01429,554.93,21,Net Banking,Chennai,Android,0,0,1,4,232,1017.22,0,0
TXN0007230,CUST00283,3376.61,16,Debit Card,Delhi,iOS,0,0,1,2,612,519.18,1,0
TXN0007231,CUST00379,965.66,1,Credit Card,Noida,iOS,1,0,2,1,534,2569.72,0,0
TXN0007232,CUST00198,629.05,22,Debit Card,Bengaluru,Web,0,0,1,1,1004,1790.97,0,0
TXN0007233,CUST00556,4004.63,10,Debit Card,Chennai,iOS,0,0,2,4,1446,2710.49,0,0
TXN0007234,CUST00356,1000.86,13,UPI,Mumbai,Android,0,0,0,1,370,1090.97,0,0
TXN0007235,CUST01564,1312.35,10,UPI,Kolkata,iOS,0,0,1,2,332,5503.13,0,0
TXN0007236,CUST01041,195.5,18,Credit Card,Chennai,Android,1,1,2,2,972,1070.13,0,1
TXN0007237,CUST00379,4638.25,14,UPI,Kolkata,Web,0,0,1,5,86,1320.44,1,0
TXN0007238,CUST00680,4090.61,7,Wallet,Kolkata,Android,0,1,1,2,180,1715.33,0,0
TXN0007239,CUST01780,1809.85,6,Credit Card,Chennai,Android,0,0,0,2,75,2341.64,0,0
TXN0007240,CUST00899,390.71,18,UPI,Chennai,Android,0,0,2,7,213,1333.84,0,0
TXN0007241,CUST00076,6032.47,9,UPI,Gurugram,Web,0,0,1,3,470,2051.73,0,0
TXN0007242,CUST00231,924.52,7,Debit Card,Bengaluru,iOS,0,1,2,7,698,1842.2,0,0
TXN0007243,CUST01740,1143.89,14,Wallet,Noida,Android,0,0,1,5,191,4879.32,0,0
TXN0007244,CUST00962,18171.07,19,UPI,Delhi,Android,0,0,0,2,723,3010.15,1,0
TXN0007245,CUST02350,890.61,10,Debit Card,Hyderabad,Android,0,0,0,2,323,2819.18,0,0
TXN0007246,CUST02263,3781.03,10,Credit Card,Mumbai,Android,0,0,0,2,817,559.33,0,0
TXN0007247,CUST02117,3157.81,20,Credit Card,Bengaluru,Android,0,0,2,2,461,1278.02,0,0
TXN0007248,CUST00393,2659.02,7,Debit Card,Pune,iOS,0,0,1,2,1213,2307.9,0,0
TXN0007249,CUST01109,2386.4,16,UPI,Hyderabad,iOS,0,1,1,2,1132,2649.81,0,0
TXN0007250,CUST00267,2622.62,22,Credit Card,Delhi,Web,0,0,0,4,333,777.24,0,1
TXN0007251,CUST01093,2362.52,20,UPI,Chennai,Android,0,0,0,3,985,1279.2,1,0
TXN0007252,CUST00611,1708.93,3,UPI,Bengaluru,Web,0,0,0,4,517,1443.77,0,0
TXN0007253,CUST01371,8158.58,10,UPI,Mumbai,Android,0,0,0,6,165,813.81,1,0
TXN0007254,CUST01009,484.39,7,UPI,Hyderabad,Android,0,0,0,3,74,711.2,0,0
TXN0007255,CUST00962,4999.03,22,Credit Card,Hyderabad,Android,0,0,0,2,29,2145.73,0,0
TXN0007256,CUST00673,4096.48,23,UPI,Bengaluru,Web,0,0,0,1,171,2161.28,0,0
TXN0007257,CUST02471,3618.96,9,Credit Card,Chennai,Web,1,0,2,4,52,1193.63,0,0
TXN0007258,CUST01701,5500.1,17,Credit Card,Chennai,Web,0,1,0,3,125,1228.21,0,0
TXN0007259,CUST02163,1640.81,20,Wallet,Noida,Android,0,0,1,7,328,607.06,0,0
TXN0007260,CUST02268,277.71,9,Credit Card,Jaipur,Web,0,0,1,6,103,2585.72,1,0
TXN0007261,CUST00031,1674.47,8,Net Banking,Kolkata,iOS,0,0,0,5,783,1571.67,1,0
TXN0007262,CUST01367,668.04,0,UPI,Gurugram,Android,0,0,0,5,10,1231.17,0,0
TXN0007263,CUST01401,865.82,12,Debit Card,Kolkata,Android,0,0,1,2,1567,1652.42,0,0
TXN0007264,CUST01154,519.63,21,UPI,Mumbai,iOS,0,0,0,4,291,2098.39,0,0
TXN0007265,CUST00617,1116.77,21,Debit Card,Bengaluru,Web,0,0,1,7,67,1793.99,0,0
TXN0007266,CUST00539,991.2,7,UPI,Pune,Web,1,0,0,1,10,4074.01,1,0
TXN0007267,CUST00871,167.0,8,Credit Card,Delhi,Android,0,0,0,3,1500,1025.11,1,0
TXN0007268,CUST00101,3625.56,12,UPI,Noida,Android,0,1,0,1,369,2205.87,0,0
TXN0007269,CUST01413,16578.53,19,UPI,Kolkata,iOS,0,0,1,3,1229,3145.19,1,0
TXN0007270,CUST00941,3300.33,16,Debit Card,Pune,iOS,0,0,1,3,470,2301.82,0,0
TXN0007271,CUST00341,1469.41,14,Wallet,Chennai,Android,0,0,1,3,75,891.34,1,0
TXN0007272,CUST01044,1704.11,16,UPI,Jaipur,iOS,0,0,0,3,632,3292.74,0,0
TXN0007273,CUST00038,1181.52,6,Wallet,Chennai,Android,0,0,0,1,800,1634.75,1,0
TXN0007274,CUST00660,1969.6,14,UPI,Noida,Android,1,0,0,5,447,2720.32,0,0
TXN0007275,CUST02034,1734.6,23,Debit Card,Noida,Android,0,0,0,7,197,2963.58,1,0
TXN0007276,CUST01561,776.26,6,Net Banking,Bengaluru,iOS,0,0,0,1,1078,2348.38,0,0
TXN0007277,CUST01657,9685.94,15,UPI,Gurugram,Android,0,0,1,4,59,993.94,0,0
TXN0007278,CUST01050,406.83,10,UPI,Bengaluru,Web,0,0,1,4,461,1766.16,0,0
TXN0007279,CUST00454,3691.82,15,UPI,Jaipur,iOS,1,0,0,4,1082,3522.09,1,0
TXN0007280,CUST01705,1626.76,16,UPI,Noida,Web,0,0,0,2,303,1512.61,1,0
TXN0007281,CUST01347,12044.62,16,Debit Card,Kolkata,Android,0,0,1,6,306,1631.72,1,0
TXN0007282,CUST00819,2531.09,20,Debit Card,Gurugram,iOS,0,0,0,6,204,422.66,1,0
TXN0007283,CUST00773,1255.94,12,Net Banking,Gurugram,Web,1,0,1,5,270,2272.39,1,0
TXN0007284,CUST00013,1405.06,14,UPI,Delhi,Android,0,0,1,8,249,1162.59,0,0
TXN0007285,CUST00921,1873.28,0,Credit Card,Delhi,Android,0,0,1,3,271,2437.6,1,0
TXN0007286,CUST00825,574.07,19,UPI,Bengaluru,iOS,0,0,0,3,47,952.73,0,0
TXN0007287,CUST02419,836.04,9,Wallet,Kolkata,Android,1,0,2,4,231,2318.2,0,0
TXN0007288,CUST01315,302.05,19,UPI,Bengaluru,Android,1,0,2,4,1711,1801.22,1,0
TXN0007289,CUST02380,715.2,9,Net Banking,Bengaluru,Web,1,0,0,3,285,4739.68,0,0
TXN0007290,CUST02309,1977.22,0,UPI,Hyderabad,iOS,0,0,0,6,1630,2651.91,0,0
TXN0007291,CUST02018,2430.17,8,Credit Card,Noida,Android,0,0,1,1,22,996.0,1,0
TXN0007292,CUST01229,248.69,23,UPI,Delhi,Android,0,0,1,2,605,724.33,0,0
TXN0007293,CUST00697,1569.21,10,Debit Card,Hyderabad,Android,1,0,2,8,299,1357.89,0,0
TXN0007294,CUST00950,3161.97,6,Credit Card,Hyderabad,Android,1,0,1,4,255,5598.53,0,0
TXN0007295,CUST02435,1529.4,7,Debit Card,Noida,Android,0,0,2,3,510,1976.44,1,0
TXN0007296,CUST01439,955.04,10,Credit Card,Kolkata,Android,0,0,1,7,71,1691.58,0,0
TXN0007297,CUST00069,1191.99,1,UPI,Hyderabad,Android,0,0,0,3,785,6001.25,0,0
TXN0007298,CUST01782,1048.15,14,UPI,Noida,Web,0,0,1,6,1039,2182.67,0,0
TXN0007299,CUST02248,952.23,9,Debit Card,Bengaluru,Android,0,0,0,5,23,1175.86,0,0
TXN0007300,CUST02264,2141.72,15,UPI,Jaipur,Android,0,0,0,3,100,881.42,0,0
TXN0007301,CUST01970,18092.09,7,Debit Card,Kolkata,iOS,0,0,1,8,74,3924.35,0,0
TXN0007302,CUST00212,855.63,13,Credit Card,Gurugram,Android,0,0,1,3,1678,2333.92,1,0
TXN0007303,CUST00508,1309.5,16,UPI,Pune,iOS,1,0,0,2,705,727.6,0,0
TXN0007304,CUST02064,1709.31,3,Credit Card,Hyderabad,iOS,0,0,0,3,203,822.71,1,0
TXN0007305,CUST01522,905.23,12,Credit Card,Hyderabad,Web,1,0,0,5,61,2489.33,1,0
TXN0007306,CUST00332,5397.97,10,Debit Card,Delhi,Android,0,0,0,4,659,983.71,0,0
TXN0007307,CUST00551,168.12,9,Debit Card,Pune,Android,0,0,1,3,55,1001.71,0,0
TXN0007308,CUST01625,1058.37,16,UPI,Bengaluru,Android,1,0,3,3,1529,3211.97,0,0
TXN0007309,CUST00942,4080.01,16,Net Banking,Bengaluru,Android,0,0,2,2,184,2835.94,0,0
TXN0007310,CUST02304,1341.37,17,UPI,Delhi,Web,1,0,2,6,185,4129.24,1,0
TXN0007311,CUST00728,792.11,8,Wallet,Kolkata,iOS,0,0,0,3,368,2074.78,0,0
TXN0007312,CUST00880,2796.99,10,UPI,Gurugram,Web,0,0,0,6,1731,884.88,0,0
TXN0007313,CUST00649,4455.46,9,UPI,Bengaluru,Android,1,0,0,4,296,1601.7,0,0
TXN0007314,CUST01000,2222.03,15,Credit Card,Kolkata,Web,0,0,2,1,253,2605.32,1,0
TXN0007315,CUST01522,807.81,13,UPI,Gurugram,Android,0,0,3,5,527,6506.15,0,0
TXN0007316,CUST01613,2840.53,11,Net Banking,Bengaluru,Web,0,0,2,8,2268,2201.85,0,0
TXN0007317,CUST01010,1204.11,19,UPI,Gurugram,Android,1,0,1,6,168,2703.35,0,0
TXN0007318,CUST01551,3792.3,6,UPI,Mumbai,iOS,0,0,2,3,1213,2271.66,1,0
TXN0007319,CUST00804,7933.11,23,UPI,Bengaluru,Android,0,0,0,3,410,1140.72,0,0
TXN0007320,CUST00214,132.95,7,UPI,Hyderabad,Android,0,0,0,3,930,1454.47,0,0
TXN0007321,CUST00169,2011.45,19,Credit Card,Kolkata,iOS,0,0,0,5,275,878.44,0,0
TXN0007322,CUST00978,317.29,11,Credit Card,Gurugram,Web,0,0,1,4,359,2636.22,0,0
TXN0007323,CUST01329,20688.44,20,UPI,Delhi,iOS,0,1,0,2,295,636.61,0,0
TXN0007324,CUST00146,1127.12,5,UPI,Gurugram,Android,1,1,1,5,431,940.12,0,0
TXN0007325,CUST01799,3796.8,12,UPI,Jaipur,Android,0,0,1,6,105,1602.0,0,0
TXN0007326,CUST00516,1737.54,11,UPI,Chennai,Android,0,0,0,1,1056,1366.49,1,0
TXN0007327,CUST00453,806.3,23,Debit Card,Hyderabad,Web,0,0,1,3,296,1915.36,0,0
TXN0007328,CUST00060,715.86,23,Debit Card,Pune,Android,0,1,0,3,240,300.42,1,0
TXN0007329,CUST00528,8788.69,8,Debit Card,Jaipur,Web,0,0,1,1,1093,956.51,0,0
TXN0007330,CUST01024,4682.0,16,Net Banking,Chennai,iOS,0,0,0,3,146,2481.56,0,0
TXN0007331,CUST01565,12570.73,15,Wallet,Chennai,iOS,0,0,0,2,780,5948.08,0,0
TXN0007332,CUST01103,1902.64,8,Credit Card,Chennai,Web,0,0,2,4,249,1457.25,0,0
TXN0007333,CUST00433,2400.57,8,UPI,Noida,iOS,1,0,0,4,508,785.71,0,0
TXN0007334,CUST01177,1377.95,23,Wallet,Jaipur,Android,0,0,1,4,436,2033.46,1,0
TXN0007335,CUST00401,1350.81,13,Credit Card,Noida,Android,0,0,2,1,520,506.17,0,0
TXN0007336,CUST02105,635.02,7,UPI,Jaipur,Android,0,0,0,5,524,1128.44,1,0
TXN0007337,CUST02234,1957.75,9,Credit Card,Hyderabad,Android,0,0,0,7,698,1863.08,1,0
TXN0007338,CUST02446,817.54,10,Net Banking,Gurugram,Android,1,1,2,2,378,1266.4,0,0
TXN0007339,CUST00605,2800.21,14,Debit Card,Noida,iOS,0,0,1,1,406,1711.78,1,0
TXN0007340,CUST02206,2133.57,11,UPI,Pune,Android,0,0,0,4,852,3255.74,1,0
TXN0007341,CUST01811,2400.0,13,Net Banking,Mumbai,Web,0,0,0,3,140,4837.39,0,0
TXN0007342,CUST01464,9611.08,8,Net Banking,Gurugram,iOS,0,0,2,1,905,5835.58,0,0
TXN0007343,CUST02494,1733.37,11,UPI,Pune,Web,0,0,1,4,10,1962.66,1,0
TXN0007344,CUST01774,3836.32,4,Wallet,Noida,Android,0,0,2,4,516,384.21,0,1
TXN0007345,CUST01554,14003.34,21,Wallet,Pune,iOS,0,0,1,4,343,3311.66,0,0
TXN0007346,CUST01097,6648.58,8,UPI,Chennai,Web,1,0,0,2,600,1046.04,0,1
TXN0007347,CUST00929,5702.79,18,Debit Card,Kolkata,Android,0,1,0,2,402,860.09,1,0
TXN0007348,CUST01952,1324.58,11,UPI,Hyderabad,Web,0,0,1,3,935,798.95,0,0
TXN0007349,CUST01974,2264.67,14,Debit Card,Jaipur,Android,0,0,1,3,132,3629.96,1,0
TXN0007350,CUST02065,481.67,10,Wallet,Bengaluru,Android,0,0,2,6,188,1244.02,1,0
TXN0007351,CUST01555,2964.48,18,Credit Card,Kolkata,Android,0,0,0,5,517,317.42,1,0
TXN0007352,CUST00326,2368.48,20,UPI,Mumbai,Android,0,0,1,5,161,3798.98,1,0
TXN0007353,CUST00995,1842.59,10,Wallet,Jaipur,Web,1,0,0,2,1739,2215.09,0,0
TXN0007354,CUST00613,5027.79,9,Net Banking,Bengaluru,Android,0,0,1,5,1179,2492.92,0,0
TXN0007355,CUST00596,537.95,17,UPI,Delhi,Android,0,0,1,3,856,1785.1,0,0
TXN0007356,CUST00921,9231.76,8,Wallet,Delhi,iOS,0,0,0,10,836,1570.0,0,0
TXN0007357,CUST00842,4435.11,17,UPI,Mumbai,iOS,1,0,1,4,624,1232.69,1,0
TXN0007358,CUST01226,1677.25,6,UPI,Delhi,Android,0,0,1,6,795,3772.27,1,0
TXN0007359,CUST00344,1551.24,16,Debit Card,Mumbai,iOS,0,0,0,2,20,1910.0,0,0
TXN0007360,CUST01877,2910.71,14,Debit Card,Delhi,Android,1,0,0,3,521,3751.09,0,0
TXN0007361,CUST00859,8237.01,7,Debit Card,Bengaluru,iOS,0,0,0,7,182,1716.82,1,0
TXN0007362,CUST01424,1992.51,17,UPI,Gurugram,Web,1,0,0,3,61,1389.01,0,0
TXN0007363,CUST00445,2078.86,13,UPI,Gurugram,Android,0,0,1,2,2141,4323.0,1,0
TXN0007364,CUST01789,1832.91,9,Wallet,Noida,Android,0,0,2,4,1750,1018.03,0,0
TXN0007365,CUST00222,10695.37,11,UPI,Gurugram,iOS,0,0,0,1,1418,491.44,0,0
TXN0007366,CUST00592,1244.71,14,UPI,Hyderabad,Android,0,0,2,7,624,1362.3,0,0
TXN0007367,CUST01031,1747.66,6,Debit Card,Noida,Android,0,0,2,1,10,907.35,0,0
TXN0007368,CUST01296,7777.4,22,Credit Card,Chennai,Android,0,0,0,5,211,1117.32,0,0
TXN0007369,CUST01018,2085.06,17,UPI,Hyderabad,Android,1,1,0,2,10,1191.64,0,0
TXN0007370,CUST02064,5611.65,6,UPI,Hyderabad,Android,1,1,0,4,240,1839.39,0,0
TXN0007371,CUST01448,723.62,19,Wallet,Mumbai,Android,0,0,0,8,211,947.08,0,0
TXN0007372,CUST02046,1465.94,11,Net Banking,Jaipur,Android,0,0,0,3,509,1577.02,0,0
TXN0007373,CUST00524,7942.44,16,UPI,Gurugram,iOS,1,0,1,4,92,1497.97,0,0
TXN0007374,CUST02069,915.25,10,Credit Card,Gurugram,Web,0,0,3,4,234,1557.75,0,0
TXN0007375,CUST02276,1547.26,18,UPI,Delhi,Android,0,0,0,2,1371,1237.27,0,0
TXN0007376,CUST01809,2326.75,18,Debit Card,Hyderabad,Android,0,0,0,5,157,1394.05,0,0
TXN0007377,CUST01312,669.4,15,UPI,Gurugram,Android,0,0,0,4,408,1231.52,0,0
TXN0007378,CUST01307,1190.03,9,Debit Card,Hyderabad,iOS,0,0,3,4,75,1134.37,1,0
TXN0007379,CUST02452,2014.61,9,Credit Card,Mumbai,Web,0,0,0,7,838,782.16,0,0
TXN0007380,CUST01090,1886.02,12,Credit Card,Mumbai,iOS,0,1,1,5,50,1433.46,0,0
TXN0007381,CUST01673,6476.23,7,Debit Card,Jaipur,Android,0,0,0,7,110,1915.8,0,0
TXN0007382,CUST00437,8408.51,11,UPI,Gurugram,Web,0,1,1,1,2565,1060.15,0,0
TXN0007383,CUST00829,764.68,17,Debit Card,Hyderabad,iOS,0,0,1,3,211,716.83,0,0
TXN0007384,CUST00259,2011.85,20,UPI,Delhi,Android,0,0,0,5,10,2026.7,0,0
TXN0007385,CUST02004,3532.6,11,UPI,Delhi,iOS,0,0,0,3,162,565.87,0,0
TXN0007386,CUST01990,8200.0,9,UPI,Delhi,Android,0,0,2,3,338,1659.46,0,0
TXN0007387,CUST00103,3692.4,20,Credit Card,Noida,Android,0,0,0,3,381,1867.99,1,0
TXN0007388,CUST00993,2407.77,21,UPI,Delhi,Android,0,0,0,5,313,1189.45,0,0
TXN0007389,CUST00769,3505.49,12,Debit Card,Chennai,Android,0,0,0,4,87,7657.69,0,0
TXN0007390,CUST01125,3530.91,1,Credit Card,Gurugram,iOS,0,0,0,1,124,2373.45,0,0
TXN0007391,CUST01222,711.82,18,Wallet,Hyderabad,Web,0,0,0,1,659,2147.05,0,0
TXN0007392,CUST02274,2182.75,19,Credit Card,Gurugram,Android,1,1,3,4,2167,1063.26,0,0
TXN0007393,CUST00237,7744.23,0,UPI,Chennai,Android,0,0,0,7,829,1595.87,1,0
TXN0007394,CUST01145,1462.91,16,UPI,Gurugram,Android,0,0,0,1,882,4457.46,1,0
TXN0007395,CUST00767,2048.76,16,Wallet,Mumbai,Web,0,1,1,3,344,5162.02,0,0
TXN0007396,CUST00991,1412.37,12,UPI,Noida,Android,1,0,0,2,266,1101.31,1,0
TXN0007397,CUST01760,177.98,18,UPI,Kolkata,Web,0,0,0,3,968,687.3,0,0
TXN0007398,CUST02321,1837.45,13,UPI,Kolkata,Web,0,0,3,4,709,1608.83,0,0
TXN0007399,CUST02280,2434.1,17,UPI,Bengaluru,iOS,0,0,0,7,356,3206.62,1,0
TXN0007400,CUST00496,1078.2,14,Credit Card,Jaipur,Android,0,0,0,1,851,2441.33,0,0
TXN0007401,CUST01048,567.31,9,UPI,Mumbai,Android,1,0,0,1,44,1151.87,0,0
TXN0007402,CUST01727,746.16,16,Credit Card,Jaipur,Android,0,0,0,4,40,859.33,0,0
TXN0007403,CUST02073,3865.05,18,UPI,Delhi,Android,0,0,0,1,741,3048.34,1,0
TXN0007404,CUST02336,12939.85,23,Debit Card,Delhi,Web,0,0,0,3,2364,1461.54,0,0
TXN0007405,CUST00338,7172.25,12,Debit Card,Kolkata,Android,0,0,0,5,104,2480.06,1,0
TXN0007406,CUST01938,469.28,4,Debit Card,Gurugram,Android,0,0,0,3,1791,1865.9,1,0
TXN0007407,CUST01818,4230.9,23,UPI,Delhi,Android,0,0,0,5,2118,2090.91,0,0
TXN0007408,CUST00137,927.39,16,UPI,Jaipur,Web,0,0,0,2,61,5240.11,1,0
TXN0007409,CUST02275,1005.53,22,Debit Card,Hyderabad,Android,0,0,1,5,363,6316.89,1,0
TXN0007410,CUST00320,1134.07,6,UPI,Mumbai,iOS,0,0,2,4,342,1827.45,0,0
TXN0007411,CUST01864,3646.81,11,UPI,Noida,iOS,0,0,0,2,144,4162.82,1,0
TXN0007412,CUST00916,4697.55,7,Wallet,Gurugram,iOS,1,0,0,3,348,1790.34,0,0
TXN0007413,CUST01206,1631.92,20,Net Banking,Bengaluru,Web,0,0,0,4,1086,3781.92,1,0
TXN0007414,CUST01898,1659.83,20,Wallet,Bengaluru,Android,0,0,3,1,1488,506.91,0,0
TXN0007415,CUST02134,2863.52,14,Net Banking,Kolkata,Android,0,0,1,3,242,3057.28,0,0
TXN0007416,CUST00926,3176.5,8,Wallet,Gurugram,iOS,0,0,0,2,150,2648.47,1,0
TXN0007417,CUST02101,5835.81,7,Debit Card,Kolkata,Web,0,0,0,2,442,935.28,0,0
TXN0007418,CUST01259,498.28,16,UPI,Kolkata,Android,0,0,0,2,209,1043.32,0,0
TXN0007419,CUST01983,1836.41,14,Net Banking,Mumbai,Android,0,0,1,4,460,1089.18,0,0
TXN0007420,CUST00433,618.64,18,Wallet,Delhi,Android,0,0,0,6,587,2436.18,0,0
TXN0007421,CUST00999,1710.6,10,UPI,Mumbai,Web,0,0,0,3,952,1842.63,0,0
TXN0007422,CUST02148,1435.64,12,Credit Card,Pune,Web,0,0,5,3,634,4450.85,1,0
TXN0007423,CUST00990,1717.79,0,UPI,Jaipur,Android,0,0,0,4,457,392.27,0,0
TXN0007424,CUST00599,809.0,16,Net Banking,Noida,Android,0,0,0,5,672,1598.49,0,0
TXN0007425,CUST02451,406.77,13,Credit Card,Noida,Android,0,0,2,3,152,1681.83,0,0
TXN0007426,CUST00396,221.65,21,UPI,Pune,iOS,0,0,0,6,1628,1050.4,0,0
TXN0007427,CUST00415,1578.71,17,UPI,Mumbai,Web,0,0,0,2,627,1795.39,0,0
TXN0007428,CUST00939,1169.74,12,Net Banking,Gurugram,Web,1,0,0,1,1122,885.46,0,0
TXN0007429,CUST01637,915.62,9,Credit Card,Jaipur,iOS,1,0,0,5,146,6080.18,1,0
TXN0007430,CUST00541,6755.35,21,UPI,Hyderabad,Android,0,1,0,2,687,1893.26,1,0
TXN0007431,CUST01650,762.12,0,Credit Card,Chennai,Web,0,0,0,4,14,1271.16,0,0
TXN0007432,CUST01946,7423.28,11,UPI,Delhi,Web,0,0,1,2,95,2889.09,0,0
TXN0007433,CUST00084,9130.59,22,UPI,Gurugram,Android,0,0,0,3,87,1709.39,0,0
TXN0007434,CUST00271,255.86,17,Credit Card,Jaipur,iOS,0,0,1,3,1302,8706.33,1,0
TXN0007435,CUST02292,1974.21,15,Credit Card,Delhi,Android,1,0,1,3,374,1229.18,1,0
TXN0007436,CUST00388,1206.94,8,UPI,Kolkata,iOS,0,1,0,3,682,748.42,1,0
TXN0007437,CUST00214,97.88,20,Credit Card,Gurugram,Web,0,0,0,3,2207,923.29,0,0
TXN0007438,CUST00059,424.5,8,UPI,Bengaluru,Android,1,0,0,2,1246,1628.02,0,0
TXN0007439,CUST01626,3906.82,9,Net Banking,Mumbai,iOS,1,0,0,4,565,1369.26,0,0
TXN0007440,CUST00843,13558.12,8,UPI,Jaipur,iOS,0,0,1,4,178,628.61,0,0
TXN0007441,CUST01528,4439.16,8,UPI,Noida,Web,0,0,1,4,102,3979.85,0,0
TXN0007442,CUST01730,2487.85,22,UPI,Hyderabad,Android,0,0,4,3,687,4176.05,0,1
TXN0007443,CUST00123,1762.01,16,UPI,Delhi,iOS,1,0,2,4,249,1353.27,0,0
TXN0007444,CUST01437,9683.75,17,UPI,Noida,Android,1,0,0,2,331,521.32,0,0
TXN0007445,CUST01163,15425.56,22,UPI,Pune,Android,0,0,3,2,675,400.04,1,0
TXN0007446,CUST02487,1000.94,9,Debit Card,Pune,Android,0,0,0,4,975,2318.59,0,0
TXN0007447,CUST00562,243.61,0,UPI,Hyderabad,Android,0,0,1,4,488,391.54,1,0
TXN0007448,CUST02166,220.82,16,UPI,Pune,Web,0,0,3,4,1168,2733.88,0,0
TXN0007449,CUST01738,6750.84,14,Wallet,Mumbai,Android,0,1,1,2,1107,8588.01,1,0
TXN0007450,CUST00905,1717.26,14,UPI,Pune,Android,1,0,1,4,482,1961.08,0,0
TXN0007451,CUST00395,2161.99,3,Debit Card,Mumbai,Android,0,0,3,3,51,2005.99,0,0
TXN0007452,CUST01727,300.33,13,UPI,Pune,Android,0,0,1,5,697,1057.04,1,0
TXN0007453,CUST01717,847.55,10,UPI,Gurugram,Android,0,0,3,2,284,1303.07,0,0
TXN0007454,CUST00935,1339.51,10,UPI,Kolkata,Web,1,0,0,6,907,1803.8,0,0
TXN0007455,CUST01102,2215.83,9,UPI,Hyderabad,iOS,0,0,1,2,46,1471.13,1,0
TXN0007456,CUST01436,1208.28,11,Wallet,Delhi,Web,0,0,0,5,364,2239.22,1,0
TXN0007457,CUST00075,637.92,11,UPI,Gurugram,iOS,0,0,0,1,323,2100.29,1,0
TXN0007458,CUST00295,821.37,10,Credit Card,Delhi,iOS,0,0,1,4,124,684.67,0,0
TXN0007459,CUST00021,6026.16,23,Credit Card,Chennai,Web,0,0,0,2,482,2335.94,0,0
TXN0007460,CUST01039,2299.22,21,UPI,Kolkata,Web,0,1,1,8,452,1627.93,0,0
TXN0007461,CUST01235,3319.93,16,Debit Card,Jaipur,Android,0,1,1,2,390,856.23,0,0
TXN0007462,CUST00560,732.65,23,UPI,Jaipur,Web,0,0,1,2,240,713.66,0,0
TXN0007463,CUST01110,93.85,23,Debit Card,Pune,Android,0,0,2,1,1498,725.59,0,0
TXN0007464,CUST01173,1066.82,11,Debit Card,Bengaluru,Android,0,0,2,4,926,1572.58,0,0
TXN0007465,CUST00372,756.7,13,UPI,Noida,iOS,0,0,1,3,1118,1131.14,1,0
TXN0007466,CUST02028,2551.8,22,Credit Card,Kolkata,Android,0,0,2,9,199,1848.66,0,0
TXN0007467,CUST00818,48110.98,16,UPI,Gurugram,Android,0,0,1,2,1920,614.52,0,0
TXN0007468,CUST01175,3607.28,9,UPI,Delhi,Web,1,0,1,3,236,1828.08,0,0
TXN0007469,CUST01165,27764.18,17,UPI,Noida,Android,0,0,1,4,65,3713.66,0,0
TXN0007470,CUST01093,3178.97,8,Net Banking,Hyderabad,Android,0,0,1,2,1027,5939.13,0,0
TXN0007471,CUST01284,958.77,11,UPI,Kolkata,Web,0,1,0,3,22,2502.37,0,0
TXN0007472,CUST02012,2549.0,9,UPI,Kolkata,Android,1,0,0,1,2137,3052.09,0,0
TXN0007473,CUST00846,10680.56,9,UPI,Hyderabad,Android,1,0,2,2,73,1626.62,0,0
TXN0007474,CUST01992,11216.09,0,UPI,Noida,Web,0,0,0,3,90,1058.9,0,0
TXN0007475,CUST00521,1012.53,20,UPI,Delhi,Web,0,0,1,3,15,507.47,0,0
TXN0007476,CUST00371,2318.62,10,UPI,Chennai,Android,0,0,0,6,70,992.06,1,0
TXN0007477,CUST01443,431.07,5,UPI,Hyderabad,Android,0,0,0,3,158,2152.05,0,0
TXN0007478,CUST00101,4106.02,5,UPI,Hyderabad,Web,0,1,1,9,949,2179.14,1,0
TXN0007479,CUST00661,8509.14,15,Debit Card,Bengaluru,Android,0,0,2,2,10,1554.65,0,0
TXN0007480,CUST01682,1873.08,23,Wallet,Delhi,iOS,0,1,1,3,1156,1617.95,0,0
TXN0007481,CUST00243,923.49,7,UPI,Chennai,Android,0,0,2,1,216,549.42,0,0
TXN0007482,CUST00512,2580.33,6,Debit Card,Noida,iOS,1,0,1,2,1321,2325.09,1,0
TXN0007483,CUST02274,2732.58,13,UPI,Jaipur,Android,0,0,1,2,323,553.96,0,0
TXN0007484,CUST01542,1952.15,15,Debit Card,Pune,iOS,1,0,2,3,734,2668.75,0,0
TXN0007485,CUST02262,2152.22,10,UPI,Delhi,Android,0,0,0,5,94,832.55,0,0
TXN0007486,CUST02115,1512.81,10,Debit Card,Chennai,Android,1,0,1,4,470,903.73,0,0
TXN0007487,CUST00396,4873.16,13,Wallet,Pune,Android,0,1,0,5,239,618.09,0,0
TXN0007488,CUST00612,3758.48,10,Debit Card,Gurugram,Android,1,0,0,7,181,645.67,0,1
TXN0007489,CUST01261,673.47,21,Debit Card,Gurugram,Web,0,0,1,2,679,1342.78,0,0
TXN0007490,CUST01858,655.21,2,Credit Card,Chennai,Web,1,0,4,6,1409,3134.03,1,0
TXN0007491,CUST00770,1395.72,9,UPI,Bengaluru,iOS,1,0,1,2,603,674.18,0,0
TXN0007492,CUST01423,3760.77,19,Credit Card,Pune,iOS,0,1,0,2,1292,992.65,1,0
TXN0007493,CUST00407,2087.24,20,UPI,Noida,Android,0,0,0,5,282,411.24,1,0
TXN0007494,CUST01873,946.14,7,UPI,Chennai,Android,1,0,0,3,655,2525.54,0,0
TXN0007495,CUST01504,2338.02,23,UPI,Noida,Android,0,0,0,2,62,1574.22,0,0
TXN0007496,CUST02270,1293.01,18,Credit Card,Delhi,iOS,1,0,1,1,1807,2091.47,0,0
TXN0007497,CUST01180,4341.73,10,UPI,Noida,Android,0,0,1,4,743,1135.91,0,0
TXN0007498,CUST00654,2511.41,13,Credit Card,Mumbai,Web,0,0,0,4,454,781.21,1,0
TXN0007499,CUST02476,1313.25,10,Credit Card,Kolkata,iOS,0,0,1,2,1210,939.79,1,0
TXN0007500,CUST01182,2268.92,8,UPI,Mumbai,Web,0,0,1,4,748,1001.26,1,0
TXN0007501,CUST00977,6704.87,10,UPI,Bengaluru,Android,0,0,0,5,353,3657.74,0,1
TXN0007502,CUST01440,1018.32,16,Net Banking,Chennai,iOS,0,0,0,6,505,676.82,0,0
TXN0007503,CUST02419,2692.43,19,Wallet,Jaipur,Android,0,1,0,4,491,1039.54,1,0
TXN0007504,CUST01368,1677.54,11,UPI,Kolkata,iOS,0,0,2,5,650,1190.22,0,0
TXN0007505,CUST00229,2758.73,11,UPI,Gurugram,Web,0,0,1,5,863,2229.07,1,0
TXN0007506,CUST02328,935.4,13,UPI,Chennai,Android,0,0,3,2,291,2286.33,0,0
TXN0007507,CUST01894,2009.97,17,UPI,Delhi,Android,0,1,1,1,872,412.73,0,0
TXN0007508,CUST01314,5449.97,18,UPI,Bengaluru,Android,0,0,3,5,197,1194.8,0,0
TXN0007509,CUST01071,705.24,11,Net Banking,Chennai,Web,1,0,1,5,286,1386.61,0,0
TXN0007510,CUST00975,476.34,16,Net Banking,Bengaluru,Android,0,0,0,2,280,604.29,0,0
TXN0007511,CUST01739,494.77,12,Debit Card,Noida,Web,0,0,2,6,50,2358.94,1,0
TXN0007512,CUST00758,558.29,18,UPI,Noida,Android,1,0,0,3,129,2961.47,0,0
TXN0007513,CUST00321,3264.51,8,UPI,Delhi,Web,0,0,3,3,2409,12775.04,0,0
TXN0007514,CUST02322,441.28,9,Credit Card,Noida,Android,1,0,2,7,421,1168.66,0,0
TXN0007515,CUST00556,1336.28,13,Credit Card,Hyderabad,Android,1,0,0,3,149,4266.28,0,0
TXN0007516,CUST00844,3340.35,21,UPI,Pune,iOS,1,0,3,4,290,2085.1,1,0
TXN0007517,CUST01337,2730.39,16,Debit Card,Jaipur,Web,0,0,0,4,354,1653.82,0,0
TXN0007518,CUST01387,1224.13,22,Debit Card,Noida,Android,0,0,1,2,382,822.77,0,0
TXN0007519,CUST00668,2178.66,6,Debit Card,Mumbai,iOS,0,0,1,2,345,1792.27,0,0
TXN0007520,CUST02428,2003.57,13,Credit Card,Noida,Android,0,0,0,1,932,1479.33,0,0
TXN0007521,CUST01943,1438.42,12,Debit Card,Kolkata,Web,0,1,2,4,266,2050.2,1,0
TXN0007522,CUST02005,1457.83,16,UPI,Hyderabad,Android,0,0,0,5,538,2370.74,0,0
TXN0007523,CUST01931,16830.86,19,Debit Card,Chennai,Android,0,0,1,1,362,4919.32,0,0
TXN0007524,CUST00746,4043.45,20,UPI,Pune,Android,0,0,0,5,373,1641.42,0,0
TXN0007525,CUST00675,21508.27,17,UPI,Bengaluru,Android,0,0,1,2,1707,1367.97,0,0
TXN0007526,CUST02164,1095.08,17,UPI,Mumbai,Android,0,0,1,4,236,1655.16,0,0
TXN0007527,CUST01066,1653.38,22,UPI,Mumbai,Android,0,0,0,5,84,670.6,0,0
TXN0007528,CUST02427,475.05,12,Net Banking,Hyderabad,Android,0,0,1,4,287,508.72,0,0
TXN0007529,CUST02328,801.09,20,UPI,Kolkata,Android,1,0,0,2,84,2039.48,0,0
TXN0007530,CUST00618,12057.66,21,Wallet,Delhi,Android,0,0,0,2,1029,2390.79,1,0
TXN0007531,CUST02166,1067.96,14,UPI,Delhi,Web,1,0,1,2,160,750.37,0,0
TXN0007532,CUST02357,12268.9,18,UPI,Hyderabad,Web,0,0,1,5,496,934.46,0,0
TXN0007533,CUST02148,519.14,12,Credit Card,Gurugram,Android,0,0,0,1,130,2394.29,0,0
TXN0007534,CUST02309,627.71,8,UPI,Chennai,Android,0,0,1,3,34,3062.82,0,0
TXN0007535,CUST00993,1279.61,16,Credit Card,Delhi,Android,0,1,2,4,233,1898.19,0,0
TXN0007536,CUST01329,1688.83,8,UPI,Bengaluru,Web,0,0,0,4,2915,753.1,0,0
TXN0007537,CUST01378,4530.69,13,Debit Card,Pune,Web,0,0,1,2,2206,1743.41,0,0
TXN0007538,CUST00286,2825.14,20,UPI,Bengaluru,Android,0,1,2,3,384,2408.97,0,0
TXN0007539,CUST02376,1187.05,5,Credit Card,Pune,iOS,0,0,1,4,288,3899.61,0,0
TXN0007540,CUST02111,1575.34,1,UPI,Pune,Android,0,0,0,6,2221,1402.89,0,0
TXN0007541,CUST00687,1308.29,16,Debit Card,Chennai,Android,0,0,1,7,340,1239.7,1,0
TXN0007542,CUST01306,721.18,11,Credit Card,Jaipur,iOS,0,0,1,3,10,3274.38,0,0
TXN0007543,CUST01465,740.69,12,UPI,Chennai,Android,0,0,0,7,1879,2110.58,1,0
TXN0007544,CUST00738,5031.26,12,UPI,Gurugram,iOS,0,0,0,4,1114,1214.88,0,0
TXN0007545,CUST01959,289.27,5,Credit Card,Bengaluru,iOS,1,0,0,1,699,2539.89,0,0
TXN0007546,CUST01895,9071.57,0,Net Banking,Jaipur,Web,0,0,1,2,1205,3199.75,0,0
TXN0007547,CUST01486,1277.36,21,UPI,Kolkata,Android,0,0,2,4,95,703.81,1,0
TXN0007548,CUST02101,831.34,9,Debit Card,Hyderabad,Android,0,0,0,4,156,1423.2,0,0
TXN0007549,CUST00486,3771.78,13,Credit Card,Mumbai,Android,0,1,1,5,51,1027.65,1,0
TXN0007550,CUST01514,7948.66,23,Credit Card,Jaipur,Android,0,0,2,1,1552,2445.74,0,0
TXN0007551,CUST02002,5503.69,19,Net Banking,Bengaluru,iOS,0,0,0,5,240,1020.9,0,0
TXN0007552,CUST01388,2973.2,6,Credit Card,Bengaluru,Web,1,0,2,1,1588,1153.93,0,0
TXN0007553,CUST02457,5336.93,14,Debit Card,Bengaluru,Android,0,0,0,2,394,1565.22,1,0
TXN0007554,CUST01031,323.45,18,Credit Card,Bengaluru,Web,0,0,1,4,770,3132.14,0,0
TXN0007555,CUST01766,1068.18,18,UPI,Jaipur,iOS,0,0,0,1,837,1971.86,0,0
TXN0007556,CUST00668,723.7,19,Debit Card,Pune,iOS,0,0,1,4,217,1184.75,0,0
TXN0007557,CUST01221,6125.29,13,Wallet,Pune,Web,0,0,2,3,364,4422.45,1,0
TXN0007558,CUST00835,1226.68,8,Debit Card,Gurugram,Android,0,0,1,1,1387,1960.04,0,0
TXN0007559,CUST00876,4192.06,13,UPI,Noida,Android,0,0,1,3,920,3415.76,0,0
TXN0007560,CUST02415,3076.04,17,UPI,Jaipur,iOS,0,0,0,7,501,2552.38,0,0
TXN0007561,CUST01002,759.94,16,Credit Card,Kolkata,Web,1,0,1,3,316,4206.62,0,0
TXN0007562,CUST00250,1000.83,4,Credit Card,Mumbai,Android,0,0,1,2,2261,1611.47,0,0
TXN0007563,CUST01940,6564.03,4,UPI,Jaipur,Android,0,1,1,5,25,3266.96,0,0
TXN0007564,CUST01619,828.87,22,UPI,Mumbai,Android,0,0,0,3,876,2391.22,0,0
TXN0007565,CUST01264,2039.4,8,Debit Card,Delhi,Android,0,0,1,5,527,1294.03,0,0
TXN0007566,CUST02428,823.04,10,Debit Card,Kolkata,Web,1,1,0,4,1552,1503.04,1,0
TXN0007567,CUST00872,1315.0,19,Debit Card,Kolkata,Android,0,0,0,4,815,1279.34,1,0
TXN0007568,CUST00835,1718.8,12,Wallet,Delhi,Web,0,0,1,5,94,1059.2,0,0
TXN0007569,CUST00919,822.77,8,UPI,Pune,Web,1,1,0,7,930,1813.31,1,0
TXN0007570,CUST01725,688.9,13,Debit Card,Kolkata,Web,0,0,1,1,236,2003.02,1,0
TXN0007571,CUST02414,2396.62,15,Debit Card,Delhi,Android,0,0,0,2,250,2767.15,0,0
TXN0007572,CUST01314,773.41,13,Net Banking,Pune,iOS,0,0,0,4,402,1839.8,0,0
TXN0007573,CUST01898,800.22,21,UPI,Jaipur,Web,0,0,0,2,604,1606.93,0,0
TXN0007574,CUST00403,703.8,10,UPI,Gurugram,Android,0,0,0,9,10,1436.57,0,0
TXN0007575,CUST02106,1665.09,17,Debit Card,Delhi,Android,0,0,0,2,1874,2854.92,0,0
TXN0007576,CUST01328,4625.06,7,Wallet,Mumbai,Web,0,0,1,2,600,3634.25,0,0
TXN0007577,CUST01139,8119.88,12,Debit Card,Mumbai,iOS,0,0,0,3,318,2149.48,0,0
TXN0007578,CUST00210,870.98,18,Debit Card,Jaipur,iOS,0,0,0,5,639,1716.95,0,0
TXN0007579,CUST01065,15457.55,9,UPI,Bengaluru,Web,0,0,2,2,685,396.45,0,0
TXN0007580,CUST00816,659.07,16,Debit Card,Hyderabad,iOS,0,0,1,3,11,4021.27,0,0
TXN0007581,CUST02221,5319.27,8,Debit Card,Kolkata,Android,0,1,0,2,65,812.37,0,1
TXN0007582,CUST00234,874.67,6,Debit Card,Bengaluru,Android,0,0,1,3,491,999.99,0,0
TXN0007583,CUST00793,753.42,15,Debit Card,Kolkata,Android,1,0,0,5,313,4295.79,1,0
TXN0007584,CUST01908,854.73,17,UPI,Chennai,Android,1,0,3,1,382,1627.48,0,0
TXN0007585,CUST01614,1708.03,7,Credit Card,Chennai,Android,1,0,0,4,142,3345.04,0,0
TXN0007586,CUST02167,3214.78,21,UPI,Kolkata,Android,0,0,0,1,1657,1207.15,0,0
TXN0007587,CUST00335,3517.16,9,Net Banking,Kolkata,Web,0,0,0,2,258,552.48,0,0
TXN0007588,CUST01360,700.33,7,Credit Card,Kolkata,Android,0,0,0,3,36,1584.57,0,0
TXN0007589,CUST01640,669.07,8,Credit Card,Gurugram,iOS,0,0,1,3,611,2417.29,1,0
TXN0007590,CUST01098,719.75,8,Net Banking,Delhi,iOS,0,0,0,4,522,1783.74,1,0
TXN0007591,CUST01215,1610.32,6,UPI,Delhi,iOS,0,0,1,3,523,1632.49,1,0
TXN0007592,CUST00324,1458.82,19,UPI,Bengaluru,iOS,0,0,1,7,45,701.48,0,0
TXN0007593,CUST01791,696.01,14,Credit Card,Pune,Android,0,0,2,1,883,1432.46,0,0
TXN0007594,CUST00284,2357.0,12,UPI,Mumbai,Web,1,0,0,4,243,1825.44,0,0
TXN0007595,CUST00213,17293.93,22,UPI,Gurugram,Android,0,0,0,2,1832,4847.26,1,0
TXN0007596,CUST01659,1086.62,12,Wallet,Delhi,iOS,0,0,0,5,583,3095.49,1,0
TXN0007597,CUST01742,1166.81,8,Credit Card,Chennai,Web,0,0,0,3,674,1368.97,0,0
TXN0007598,CUST00929,3150.14,10,UPI,Kolkata,Android,0,0,0,5,526,1369.8,0,0
TXN0007599,CUST00752,1029.39,9,UPI,Jaipur,Web,1,0,2,5,361,1239.95,0,0
TXN0007600,CUST01418,3513.99,14,UPI,Bengaluru,iOS,0,0,0,3,248,991.65,1,0
TXN0007601,CUST02387,877.43,10,Credit Card,Mumbai,iOS,0,0,3,7,103,4523.59,0,0
TXN0007602,CUST01822,11244.81,14,UPI,Bengaluru,Android,0,0,0,5,577,1690.77,0,0
TXN0007603,CUST01046,2541.01,17,Debit Card,Kolkata,Web,0,1,2,3,3000,2915.58,0,0
TXN0007604,CUST01795,968.28,19,Credit Card,Delhi,Android,0,0,0,2,317,926.34,0,0
TXN0007605,CUST01893,999.1,18,UPI,Noida,Android,0,0,2,5,169,4193.76,0,0
TXN0007606,CUST00105,1076.79,8,UPI,Bengaluru,iOS,0,1,1,1,959,756.27,1,0
TXN0007607,CUST01490,7103.14,7,Credit Card,Chennai,Web,0,1,0,3,1640,2968.38,0,0
TXN0007608,CUST01483,506.13,15,UPI,Jaipur,Android,0,0,0,4,2549,1386.75,0,0
TXN0007609,CUST01456,922.97,8,Credit Card,Chennai,Android,0,0,0,3,1157,3490.98,0,0
TXN0007610,CUST00770,1026.47,5,Wallet,Pune,Web,1,0,0,7,426,861.7,0,0
TXN0007611,CUST01960,1771.98,15,UPI,Kolkata,Android,0,0,2,5,1150,3562.5,0,0
TXN0007612,CUST02028,1372.56,11,UPI,Delhi,Android,0,0,1,2,45,2051.75,1,0
TXN0007613,CUST00379,405.17,18,Debit Card,Pune,Android,0,1,1,5,991,636.02,0,0
TXN0007614,CUST00713,1206.79,10,UPI,Mumbai,iOS,0,0,0,4,59,3105.34,0,0
TXN0007615,CUST01373,1629.44,23,UPI,Jaipur,iOS,0,0,0,3,562,1203.7,0,0
TXN0007616,CUST00225,960.49,18,UPI,Bengaluru,Web,1,0,2,1,244,1164.67,1,0
TXN0007617,CUST01738,3577.13,3,Net Banking,Chennai,Android,0,0,0,3,493,1592.7,0,0
TXN0007618,CUST00738,4514.05,14,Wallet,Delhi,Web,1,0,0,3,218,2595.11,1,0
TXN0007619,CUST00236,1664.29,15,UPI,Kolkata,Web,0,0,1,6,35,614.78,0,0
TXN0007620,CUST00183,2266.71,18,Credit Card,Delhi,Android,0,0,0,3,945,1260.26,1,0
TXN0007621,CUST00712,207.37,14,UPI,Noida,Android,0,0,2,4,77,1963.6,0,0
TXN0007622,CUST01893,1181.38,14,Debit Card,Pune,Web,0,0,2,1,575,1599.43,0,0
TXN0007623,CUST02492,4916.56,11,UPI,Delhi,Android,0,0,2,2,215,1029.7,1,0
TXN0007624,CUST01889,1178.63,10,UPI,Kolkata,iOS,0,0,1,4,597,880.85,0,0
TXN0007625,CUST00623,861.16,22,Debit Card,Jaipur,Android,0,0,1,1,333,4362.82,0,0
TXN0007626,CUST01260,17557.4,10,UPI,Bengaluru,Web,0,1,0,4,1249,1757.13,0,1
TXN0007627,CUST01151,11099.1,4,UPI,Kolkata,Android,0,0,1,3,779,726.52,0,0
TXN0007628,CUST00749,2873.01,8,Debit Card,Noida,Android,0,0,0,1,171,1805.21,0,0
TXN0007629,CUST02203,5622.06,20,Debit Card,Jaipur,Web,0,0,0,1,2001,2105.85,1,0
TXN0007630,CUST02305,194.34,16,Debit Card,Bengaluru,Web,0,0,0,6,176,2533.51,1,0
TXN0007631,CUST02283,818.92,19,Wallet,Chennai,Android,0,0,0,6,102,1287.42,0,0
TXN0007632,CUST02337,1125.05,19,Credit Card,Jaipur,Android,0,0,1,3,2218,1480.07,1,0
TXN0007633,CUST00510,1421.63,19,UPI,Mumbai,Web,0,0,1,3,51,3712.62,1,0
TXN0007634,CUST01576,1102.79,15,UPI,Mumbai,Web,0,0,0,4,265,3991.05,0,0
TXN0007635,CUST01824,140.54,8,UPI,Delhi,Android,0,0,2,6,600,3177.05,0,0
TXN0007636,CUST00785,2648.02,7,UPI,Bengaluru,iOS,0,0,2,7,1842,656.77,0,0
TXN0007637,CUST02346,3100.12,16,Credit Card,Hyderabad,Android,0,0,0,5,205,825.53,0,0
TXN0007638,CUST00137,8932.4,11,UPI,Bengaluru,iOS,0,0,4,5,641,1237.2,0,1
TXN0007639,CUST02424,818.3,15,UPI,Noida,Web,1,0,0,7,14,1309.8,1,0
TXN0007640,CUST02135,753.99,14,UPI,Delhi,Android,1,0,0,2,752,3046.42,0,0
TXN0007641,CUST01778,123.42,16,UPI,Chennai,Android,0,0,0,5,1486,3089.13,0,0
TXN0007642,CUST01223,1342.08,1,Debit Card,Kolkata,Android,0,0,1,4,106,4349.19,1,0
TXN0007643,CUST02485,4432.21,1,UPI,Gurugram,Web,0,0,0,2,905,1310.41,0,0
TXN0007644,CUST01334,976.3,18,UPI,Delhi,iOS,0,1,0,4,416,735.42,0,0
TXN0007645,CUST01778,15351.78,8,Net Banking,Gurugram,Android,0,0,1,4,548,1198.43,0,0
TXN0007646,CUST01305,1392.63,17,Debit Card,Gurugram,Android,1,0,0,3,733,2179.98,0,0
TXN0007647,CUST00764,2085.02,15,Credit Card,Hyderabad,iOS,0,0,1,2,732,14892.53,0,0
TXN0007648,CUST00702,460.56,23,Credit Card,Jaipur,Android,0,0,2,5,387,1161.9,0,0
TXN0007649,CUST00152,2398.89,20,Credit Card,Chennai,iOS,1,0,0,1,368,1892.21,1,0
TXN0007650,CUST01326,248.69,12,UPI,Pune,iOS,0,0,0,2,206,2904.2,1,0
TXN0007651,CUST01302,3601.98,16,UPI,Hyderabad,iOS,0,0,0,3,106,916.93,1,0
TXN0007652,CUST01712,3714.39,7,Credit Card,Pune,iOS,1,0,0,5,1147,1471.21,0,0
TXN0007653,CUST01032,7008.18,12,UPI,Chennai,Web,0,0,1,1,1050,801.17,1,0
TXN0007654,CUST00807,649.09,18,UPI,Bengaluru,Web,0,0,0,9,1172,1731.11,0,0
TXN0007655,CUST00235,2113.51,16,UPI,Bengaluru,Android,0,0,1,3,2221,2302.68,1,0
TXN0007656,CUST00561,3163.26,14,UPI,Gurugram,iOS,0,1,0,3,265,931.44,0,0
TXN0007657,CUST01326,2801.26,8,Wallet,Chennai,Android,0,0,1,3,353,1217.39,0,0
TXN0007658,CUST00038,757.67,19,UPI,Bengaluru,Android,0,0,0,2,1505,5118.82,0,0
TXN0007659,CUST01160,164.61,10,UPI,Noida,iOS,0,0,0,2,127,1549.73,0,0
TXN0007660,CUST00421,2546.57,19,Credit Card,Noida,Android,0,0,1,4,552,988.3,0,0
TXN0007661,CUST01243,1545.41,16,Credit Card,Bengaluru,iOS,0,0,0,4,697,1225.81,1,0
TXN0007662,CUST00348,1021.34,12,Credit Card,Kolkata,Android,0,0,1,1,831,1777.5,0,0
TXN0007663,CUST01832,3864.11,2,UPI,Gurugram,Android,0,0,0,4,1100,1344.45,0,0
TXN0007664,CUST01570,1720.93,9,UPI,Bengaluru,Android,0,1,1,4,183,2425.77,1,0
TXN0007665,CUST01919,481.23,21,Debit Card,Noida,iOS,0,0,0,4,548,2137.55,0,0
TXN0007666,CUST02321,260.89,19,UPI,Delhi,Web,0,0,2,5,1654,1238.33,0,0
TXN0007667,CUST01902,582.06,16,UPI,Bengaluru,iOS,1,0,1,3,1382,3205.59,0,0
TXN0007668,CUST02356,19703.55,13,Net Banking,Hyderabad,iOS,0,1,0,5,537,1353.83,0,0
TXN0007669,CUST01398,3708.26,17,UPI,Bengaluru,Android,0,0,1,5,190,2557.41,0,0
TXN0007670,CUST01825,2173.63,13,UPI,Gurugram,Android,0,0,2,5,451,534.08,0,0
TXN0007671,CUST02492,1500.99,17,UPI,Jaipur,Android,0,0,3,1,263,1551.35,0,0
TXN0007672,CUST01229,1405.5,10,UPI,Chennai,Android,0,0,2,3,687,1777.16,0,0
TXN0007673,CUST00405,5783.35,20,UPI,Bengaluru,iOS,0,0,0,5,522,3956.88,0,0
TXN0007674,CUST01722,1102.07,18,UPI,Bengaluru,Android,1,0,0,4,98,1604.98,0,0
TXN0007675,CUST01221,3204.98,11,UPI,Mumbai,iOS,0,0,1,4,306,3544.79,1,0
TXN0007676,CUST00115,1270.43,20,UPI,Jaipur,Android,0,0,0,2,1811,2313.14,0,0
TXN0007677,CUST01677,12527.71,14,UPI,Pune,Web,0,0,1,4,938,792.99,1,0
TXN0007678,CUST00065,3781.33,8,Debit Card,Gurugram,Android,0,1,1,1,323,500.22,0,0
TXN0007679,CUST01300,6254.76,5,Debit Card,Kolkata,Android,0,0,1,2,1198,5800.18,1,0
TXN0007680,CUST00825,1003.38,18,UPI,Mumbai,Web,0,1,1,6,393,5220.29,0,0
TXN0007681,CUST02287,5185.79,20,Net Banking,Gurugram,Android,0,0,1,3,403,2558.14,0,0
TXN0007682,CUST02350,1316.81,19,Debit Card,Bengaluru,iOS,0,0,0,3,1018,1311.05,0,0
TXN0007683,CUST01416,2009.37,17,Debit Card,Kolkata,Android,0,0,2,4,790,1339.46,0,0
TXN0007684,CUST00969,9233.46,7,UPI,Jaipur,iOS,0,0,0,1,10,1740.52,0,0
TXN0007685,CUST00369,634.46,6,Debit Card,Kolkata,iOS,0,0,2,3,298,1115.2,0,0
TXN0007686,CUST00233,2205.68,11,Net Banking,Hyderabad,iOS,0,0,0,3,10,430.49,0,0
TXN0007687,CUST02243,2789.3,20,UPI,Hyderabad,Android,0,0,1,2,478,3835.65,0,0
TXN0007688,CUST00907,3027.66,22,Debit Card,Mumbai,Web,0,0,0,1,351,3374.02,0,0
TXN0007689,CUST00921,1146.83,9,Debit Card,Mumbai,Android,0,0,2,3,172,418.03,1,0
TXN0007690,CUST00689,14498.58,19,UPI,Mumbai,Android,0,0,2,3,2596,1623.31,0,0
TXN0007691,CUST00177,493.05,16,UPI,Chennai,Android,0,0,3,1,83,4659.71,1,0
TXN0007692,CUST02265,7742.09,1,UPI,Bengaluru,Web,0,0,0,5,1313,2849.57,1,0
TXN0007693,CUST01035,6066.93,15,UPI,Jaipur,Web,0,0,0,3,1667,2563.45,1,0
TXN0007694,CUST01470,12045.31,19,UPI,Kolkata,Android,0,0,0,3,1297,567.62,0,0
TXN0007695,CUST00630,367.72,10,Credit Card,Kolkata,iOS,0,0,1,3,361,971.49,0,0
TXN0007696,CUST00164,754.99,21,Credit Card,Pune,Android,0,0,1,4,2155,1605.92,0,0
TXN0007697,CUST02101,8002.31,9,Wallet,Noida,Web,0,0,0,5,10,3618.82,1,0
TXN0007698,CUST02266,275.48,5,Credit Card,Hyderabad,Android,0,0,0,1,213,2138.74,1,0
TXN0007699,CUST00824,361.07,8,UPI,Gurugram,Android,0,0,0,2,91,2357.29,0,0
TXN0007700,CUST02433,1104.6,20,UPI,Jaipur,Android,0,0,1,7,100,8119.74,0,0
TXN0007701,CUST00056,2180.99,12,Wallet,Jaipur,iOS,0,0,1,2,816,3345.05,0,0
TXN0007702,CUST00118,8846.41,19,UPI,Chennai,Android,0,0,1,3,188,4758.66,1,0
TXN0007703,CUST00798,1495.59,15,Debit Card,Hyderabad,Android,0,0,1,4,300,2789.7,0,0
TXN0007704,CUST00780,979.76,14,UPI,Bengaluru,iOS,0,0,2,1,554,4213.66,0,0
TXN0007705,CUST01439,2457.58,19,Credit Card,Gurugram,Android,0,0,1,2,920,1681.29,1,0
TXN0007706,CUST01894,2878.83,13,UPI,Hyderabad,Android,0,0,1,3,203,1933.1,0,0
TXN0007707,CUST00708,2798.34,19,UPI,Gurugram,iOS,1,0,0,2,1062,1105.93,0,0
TXN0007708,CUST01104,1506.52,6,Debit Card,Delhi,Web,0,0,1,5,460,1493.59,0,0
TXN0007709,CUST00022,254.79,17,Credit Card,Chennai,iOS,0,0,1,3,738,1204.01,0,0
TXN0007710,CUST01501,719.05,18,UPI,Delhi,Android,0,0,2,5,709,1930.48,0,0
TXN0007711,CUST00843,7448.84,21,Debit Card,Gurugram,Android,0,0,1,3,1348,1392.34,0,0
TXN0007712,CUST01761,2170.28,9,UPI,Kolkata,Web,0,0,0,3,1033,1624.92,1,0
TXN0007713,CUST01117,1303.78,16,UPI,Jaipur,Android,1,0,1,4,1245,912.13,0,0
TXN0007714,CUST00192,5506.64,13,Net Banking,Gurugram,Android,0,0,0,4,671,2338.13,0,0
TXN0007715,CUST01019,581.39,12,UPI,Chennai,Android,0,0,0,4,77,3667.19,1,0
TXN0007716,CUST01127,1436.83,6,Debit Card,Jaipur,iOS,0,0,0,3,101,947.86,1,0
TXN0007717,CUST00396,2065.86,7,Debit Card,Gurugram,Android,1,0,1,6,1038,674.58,0,0
TXN0007718,CUST01019,1157.67,20,UPI,Hyderabad,Web,0,0,1,4,591,2122.93,1,0
TXN0007719,CUST00567,1990.83,18,UPI,Bengaluru,Android,0,0,0,4,18,1061.85,0,0
TXN0007720,CUST00231,1491.96,12,UPI,Mumbai,Web,0,0,0,4,104,447.38,0,0
TXN0007721,CUST00874,444.17,20,UPI,Hyderabad,Android,0,0,2,6,1259,4592.78,0,0
TXN0007722,CUST00240,2158.18,5,Debit Card,Bengaluru,Android,1,0,0,3,497,668.27,1,0
TXN0007723,CUST00090,476.84,16,UPI,Gurugram,iOS,0,0,1,4,72,5078.51,0,0
TXN0007724,CUST02280,2124.21,20,UPI,Noida,iOS,0,0,0,7,34,557.19,0,0
TXN0007725,CUST00457,7112.99,20,Credit Card,Delhi,Android,0,0,1,2,3000,1138.3,0,0
TXN0007726,CUST02281,1359.02,12,Credit Card,Mumbai,Android,1,0,0,5,210,3884.29,0,0
TXN0007727,CUST00354,557.83,18,Debit Card,Bengaluru,Web,0,0,2,2,647,623.88,0,0
TXN0007728,CUST01005,1585.34,13,Debit Card,Pune,Android,0,0,0,1,239,1375.69,0,0
TXN0007729,CUST01357,783.34,20,Debit Card,Chennai,Web,0,0,2,1,861,494.1,0,0
TXN0007730,CUST00439,3261.85,15,Debit Card,Chennai,iOS,0,0,1,1,1437,2840.4,0,0
TXN0007731,CUST01399,1552.39,19,UPI,Pune,iOS,1,0,3,1,385,1479.92,0,0
TXN0007732,CUST00345,9949.77,5,Credit Card,Noida,Android,0,0,0,8,1421,1276.29,0,0
TXN0007733,CUST00657,5759.07,16,UPI,Delhi,Android,0,1,0,2,210,1629.38,1,0
TXN0007734,CUST02178,1544.51,15,Net Banking,Chennai,Android,1,0,1,2,682,1249.31,1,0
TXN0007735,CUST02189,3681.78,16,UPI,Pune,Android,0,0,1,1,105,1736.62,0,0
TXN0007736,CUST02463,1214.76,18,Net Banking,Jaipur,Android,0,0,1,5,175,2453.4,1,0
TXN0007737,CUST01117,1862.17,21,Debit Card,Pune,Android,0,0,1,3,1026,1735.71,0,0
TXN0007738,CUST00626,1254.02,19,Debit Card,Gurugram,Android,0,0,2,4,1653,1890.56,0,0
TXN0007739,CUST00284,3873.83,9,Credit Card,Jaipur,Android,0,0,0,7,767,867.7,0,0
TXN0007740,CUST01980,7544.17,19,UPI,Kolkata,Android,0,0,1,3,101,1914.84,1,0
TXN0007741,CUST01679,4000.56,7,Credit Card,Hyderabad,iOS,0,0,0,3,14,1294.86,0,0
TXN0007742,CUST00223,4525.48,16,UPI,Kolkata,iOS,0,0,1,4,52,1042.26,0,0
TXN0007743,CUST00744,4530.44,20,Wallet,Kolkata,Web,0,0,0,4,238,1757.95,0,0
TXN0007744,CUST00463,3123.78,6,Debit Card,Pune,Android,0,0,0,2,242,1573.19,1,0
TXN0007745,CUST01569,576.09,20,Debit Card,Noida,iOS,0,0,1,5,26,3892.15,0,0
TXN0007746,CUST01706,9862.68,19,UPI,Noida,iOS,0,0,1,9,2581,3749.12,0,0
TXN0007747,CUST01164,10937.5,14,UPI,Jaipur,iOS,0,0,0,7,480,798.08,0,0
TXN0007748,CUST02405,1424.62,10,Debit Card,Pune,Android,0,0,0,6,31,1754.2,0,0
TXN0007749,CUST01737,1242.45,12,UPI,Mumbai,iOS,0,0,0,6,675,539.14,0,0
TXN0007750,CUST01047,3320.78,22,Wallet,Chennai,Android,1,0,0,8,1208,1978.63,0,0
TXN0007751,CUST00665,3122.39,8,Debit Card,Delhi,Android,0,0,0,3,178,513.41,1,0
TXN0007752,CUST01357,1470.85,16,UPI,Jaipur,Android,0,0,0,3,964,2329.21,0,0
TXN0007753,CUST01015,515.7,5,Credit Card,Jaipur,Android,0,0,0,1,1303,7305.28,0,0
TXN0007754,CUST02133,2443.64,9,Debit Card,Jaipur,iOS,0,0,0,4,88,1911.16,0,0
TXN0007755,CUST01055,3124.34,19,Credit Card,Gurugram,iOS,0,0,2,1,320,1248.29,0,0
TXN0007756,CUST01765,3719.57,10,Credit Card,Hyderabad,iOS,1,0,0,5,58,1572.58,1,0
TXN0007757,CUST02288,2552.52,23,UPI,Delhi,Android,0,0,0,3,13,2020.74,0,0
TXN0007758,CUST01914,1372.55,14,UPI,Bengaluru,iOS,0,0,0,4,867,778.08,0,0
TXN0007759,CUST00363,4863.65,14,Debit Card,Jaipur,Android,0,0,1,5,51,1085.41,0,0
TXN0007760,CUST01413,1922.52,1,UPI,Mumbai,Android,0,0,0,2,478,1084.97,0,0
TXN0007761,CUST00668,1130.73,22,Debit Card,Gurugram,iOS,0,0,2,5,401,1014.7,1,0
TXN0007762,CUST01881,1502.5,8,Credit Card,Kolkata,iOS,0,1,0,3,398,5009.44,1,0
TXN0007763,CUST01395,314.06,15,Wallet,Jaipur,iOS,0,0,2,4,1341,1200.64,0,0
TXN0007764,CUST00099,1500.12,12,Net Banking,Jaipur,Android,0,0,0,4,527,1872.04,1,0
TXN0007765,CUST02095,3583.08,12,Debit Card,Pune,Web,0,1,1,5,1890,2094.44,1,0
TXN0007766,CUST00422,2528.36,17,UPI,Hyderabad,Web,0,1,1,3,802,3958.79,0,0
TXN0007767,CUST01504,8235.47,17,UPI,Hyderabad,Android,0,0,1,3,390,3958.66,0,0
TXN0007768,CUST00062,1383.77,8,UPI,Kolkata,Web,0,0,1,5,81,1724.85,1,0
TXN0007769,CUST01133,2930.29,14,UPI,Noida,Android,0,0,2,3,531,1765.24,0,0
TXN0007770,CUST01703,3977.0,19,Credit Card,Hyderabad,Android,0,0,1,4,706,2137.4,0,0
TXN0007771,CUST00598,18739.69,13,Debit Card,Kolkata,Web,0,0,0,3,1820,1958.77,0,0
TXN0007772,CUST00392,2080.38,8,UPI,Bengaluru,Android,0,0,0,3,214,850.9,1,0
TXN0007773,CUST01076,633.56,10,UPI,Gurugram,Android,0,0,0,2,3000,2555.43,0,0
TXN0007774,CUST01313,4202.65,9,Credit Card,Bengaluru,Android,0,0,0,3,38,2063.04,0,1
TXN0007775,CUST02030,11629.14,7,Wallet,Bengaluru,Android,1,0,0,2,144,696.47,0,0
TXN0007776,CUST02385,1303.74,12,UPI,Jaipur,Android,0,0,0,2,2184,1010.69,0,0
TXN0007777,CUST00810,4173.97,15,UPI,Mumbai,iOS,0,0,0,3,319,1543.75,0,0
TXN0007778,CUST01406,6150.39,4,Wallet,Bengaluru,Android,1,0,0,3,2589,707.46,0,0
TXN0007779,CUST01160,4977.12,16,UPI,Noida,Android,0,0,1,1,2700,1418.58,0,0
TXN0007780,CUST01532,2040.81,23,Credit Card,Mumbai,Android,0,0,2,4,212,229.27,0,0
TXN0007781,CUST01386,895.22,22,Credit Card,Delhi,iOS,0,0,1,4,385,1386.99,0,0
TXN0007782,CUST00881,1659.48,20,UPI,Chennai,iOS,1,0,0,2,140,527.54,0,0
TXN0007783,CUST01600,2847.35,9,UPI,Noida,Web,0,0,0,3,1043,1401.46,0,0
TXN0007784,CUST00254,4463.84,0,Debit Card,Pune,Android,0,1,0,3,89,1435.43,0,0
TXN0007785,CUST02068,2513.64,20,UPI,Mumbai,Android,0,0,0,2,108,2315.4,0,0
TXN0007786,CUST01169,1231.06,3,UPI,Gurugram,iOS,0,0,1,8,982,2447.7,0,0
TXN0007787,CUST01232,3136.68,8,Credit Card,Hyderabad,Android,0,0,2,3,907,1584.4,0,0
TXN0007788,CUST02424,4254.05,15,UPI,Bengaluru,iOS,0,0,1,3,941,3832.75,0,0
TXN0007789,CUST00166,2631.09,8,Credit Card,Hyderabad,Android,0,0,0,5,139,1802.43,1,0
TXN0007790,CUST01574,780.05,20,Wallet,Bengaluru,Android,1,0,2,1,753,1473.39,1,0
TXN0007791,CUST00617,1501.37,19,Wallet,Noida,Android,1,0,1,4,303,2461.32,1,0
TXN0007792,CUST01626,4644.15,18,UPI,Delhi,Android,0,0,0,2,636,2676.83,0,0
TXN0007793,CUST00503,451.48,19,UPI,Delhi,Android,0,0,1,4,135,1583.14,0,0
TXN0007794,CUST00913,221.93,9,UPI,Gurugram,Android,1,0,1,5,1502,1124.15,0,0
TXN0007795,CUST02127,8132.51,18,Wallet,Kolkata,Web,0,0,1,4,539,709.0,0,0
TXN0007796,CUST00585,3001.77,11,UPI,Gurugram,Web,0,0,1,7,852,693.72,0,0
TXN0007797,CUST01959,3301.96,17,UPI,Bengaluru,iOS,0,0,1,5,345,6381.09,0,0
TXN0007798,CUST00396,613.22,7,Debit Card,Bengaluru,Web,0,0,0,3,1145,438.56,0,0
TXN0007799,CUST01632,3763.37,18,Credit Card,Mumbai,iOS,0,0,1,4,292,680.78,0,0
TXN0007800,CUST01881,2370.34,23,UPI,Mumbai,Android,0,0,1,3,207,632.92,1,0
TXN0007801,CUST00402,369.15,2,UPI,Gurugram,iOS,0,0,0,2,2423,4522.08,0,0
TXN0007802,CUST00975,7478.78,6,Credit Card,Mumbai,Android,0,0,1,4,402,878.73,0,0
TXN0007803,CUST00224,2109.54,7,Debit Card,Hyderabad,iOS,0,0,0,6,259,707.22,1,0
TXN0007804,CUST00518,1211.31,13,Credit Card,Hyderabad,Android,0,0,0,4,493,480.59,0,0
TXN0007805,CUST00236,1233.43,10,UPI,Gurugram,Web,0,0,0,3,1042,1483.68,0,0
TXN0007806,CUST00116,239.92,19,UPI,Bengaluru,iOS,1,0,1,4,435,748.65,0,0
TXN0007807,CUST00226,3258.03,14,Debit Card,Jaipur,Android,0,0,0,5,442,811.64,1,1
TXN0007808,CUST02278,2338.81,14,Wallet,Mumbai,Web,0,1,3,5,446,3651.91,0,0
TXN0007809,CUST00182,1482.47,18,UPI,Bengaluru,Web,0,0,0,5,402,2352.55,0,0
TXN0007810,CUST01342,6464.15,11,UPI,Gurugram,Web,0,0,1,3,718,1027.23,1,0
TXN0007811,CUST00210,451.1,11,Credit Card,Chennai,iOS,0,0,1,5,1077,1322.2,0,0
TXN0007812,CUST01416,991.05,18,Credit Card,Chennai,iOS,0,1,0,5,583,8424.46,0,0
TXN0007813,CUST02144,769.34,19,UPI,Kolkata,Android,0,0,1,6,232,603.75,0,0
TXN0007814,CUST00894,1362.05,0,Credit Card,Delhi,Android,0,0,1,1,982,953.16,1,0
TXN0007815,CUST01882,1925.64,7,Net Banking,Jaipur,Android,0,0,3,2,65,1284.35,1,0
TXN0007816,CUST01110,2767.1,9,Credit Card,Chennai,Android,1,0,1,3,287,1115.39,1,1
TXN0007817,CUST02463,1272.28,11,UPI,Gurugram,Android,0,0,0,4,1045,892.16,0,0
TXN0007818,CUST02027,748.59,10,Debit Card,Pune,iOS,0,1,1,2,756,717.37,1,0
TXN0007819,CUST00394,9716.19,17,UPI,Noida,Android,0,0,0,5,2068,955.53,0,0
TXN0007820,CUST00844,20074.03,20,UPI,Jaipur,Android,1,0,0,4,287,2371.19,0,0
TXN0007821,CUST01525,2077.31,8,Credit Card,Noida,iOS,0,0,0,3,608,1952.72,0,0
TXN0007822,CUST00604,844.51,15,Credit Card,Delhi,Android,1,0,0,4,946,903.75,0,0
TXN0007823,CUST00582,7871.44,11,Wallet,Noida,Android,0,0,2,2,426,429.32,1,0
TXN0007824,CUST02043,423.6,14,UPI,Pune,Android,0,0,1,5,210,2458.06,1,0
TXN0007825,CUST01940,1287.9,16,UPI,Hyderabad,Android,0,1,0,3,74,1123.73,0,0
TXN0007826,CUST00133,897.33,21,Wallet,Bengaluru,Web,1,0,1,1,150,684.33,0,0
TXN0007827,CUST02269,564.54,8,UPI,Chennai,iOS,0,0,0,2,34,1709.72,0,0
TXN0007828,CUST00976,1360.38,5,UPI,Chennai,Android,0,0,2,3,186,1125.92,0,0
TXN0007829,CUST01814,758.52,16,Credit Card,Kolkata,Android,1,0,0,3,75,1907.16,1,0
TXN0007830,CUST01544,1822.92,12,Net Banking,Gurugram,Android,0,0,1,4,20,2466.75,0,0
TXN0007831,CUST01358,1849.59,8,Credit Card,Delhi,iOS,0,0,1,6,280,614.23,1,0
TXN0007832,CUST00039,967.01,7,UPI,Gurugram,Web,0,0,1,3,392,2720.72,0,0
TXN0007833,CUST01317,1242.68,15,Credit Card,Bengaluru,Android,0,0,1,4,531,2354.49,0,0
TXN0007834,CUST00162,1428.95,10,Net Banking,Pune,iOS,0,0,1,2,1030,1524.86,0,0
TXN0007835,CUST01910,4045.61,23,Debit Card,Pune,Android,0,0,0,2,35,1531.19,1,0
TXN0007836,CUST01128,1551.71,12,UPI,Hyderabad,iOS,1,0,0,4,68,1639.31,0,0
TXN0007837,CUST02209,4106.16,9,Debit Card,Mumbai,Android,0,0,1,6,308,1344.17,0,0
TXN0007838,CUST01659,3233.61,16,Debit Card,Chennai,Android,0,0,0,6,557,680.23,0,0
TXN0007839,CUST01964,3187.76,9,Debit Card,Bengaluru,Android,0,0,1,4,143,843.4,0,0
TXN0007840,CUST01058,7211.18,14,Credit Card,Hyderabad,Android,0,0,0,4,141,1141.89,1,0
TXN0007841,CUST02290,587.66,14,UPI,Pune,iOS,0,0,1,3,19,4599.46,0,0
TXN0007842,CUST00967,1121.43,13,Credit Card,Kolkata,Web,0,0,0,2,521,1583.79,0,0
TXN0007843,CUST00890,10496.96,19,Debit Card,Mumbai,Android,0,0,1,6,496,1745.03,1,0
TXN0007844,CUST02161,1391.62,9,UPI,Bengaluru,Android,0,0,2,6,429,464.25,0,0
TXN0007845,CUST02366,107.82,21,UPI,Kolkata,Android,0,0,0,2,1656,3722.19,0,0
TXN0007846,CUST02071,1469.35,19,UPI,Chennai,Android,0,0,0,4,393,933.2,0,0
TXN0007847,CUST01667,2060.04,11,Debit Card,Hyderabad,iOS,0,0,1,7,977,1736.55,1,0
TXN0007848,CUST01442,131.42,8,Debit Card,Hyderabad,Android,1,0,0,7,280,990.16,0,0
TXN0007849,CUST01068,6832.72,10,UPI,Gurugram,iOS,0,0,0,4,868,3324.08,1,0
TXN0007850,CUST00128,881.68,11,Debit Card,Gurugram,iOS,0,0,2,1,1037,6920.2,0,0
TXN0007851,CUST00158,2500.15,15,Debit Card,Jaipur,Android,0,0,1,4,25,2184.71,0,0
TXN0007852,CUST00827,1435.92,2,Wallet,Kolkata,iOS,0,0,1,6,76,854.23,0,0
TXN0007853,CUST01891,496.3,21,UPI,Delhi,Web,0,0,0,2,1294,1760.54,1,0
TXN0007854,CUST00512,617.1,6,Credit Card,Delhi,Android,0,0,0,1,393,1504.46,1,0
TXN0007855,CUST02093,706.6,10,Debit Card,Bengaluru,iOS,0,0,0,4,826,1897.3,1,0
TXN0007856,CUST02267,5330.57,6,UPI,Bengaluru,iOS,0,0,0,4,571,1074.14,0,0
TXN0007857,CUST00443,1553.09,9,UPI,Kolkata,iOS,1,0,0,5,530,567.79,1,0
TXN0007858,CUST02363,1068.14,20,UPI,Mumbai,Android,0,0,0,2,75,814.77,0,0
TXN0007859,CUST02225,706.93,16,Debit Card,Noida,Web,0,0,1,2,14,860.66,1,0
TXN0007860,CUST02276,5953.25,9,Credit Card,Delhi,Android,0,0,1,6,552,620.73,1,0
TXN0007861,CUST01727,7783.36,20,Credit Card,Noida,Android,0,0,0,3,2437,2347.47,1,0
TXN0007862,CUST02007,5885.73,19,UPI,Gurugram,iOS,0,0,0,4,596,1186.57,0,0
TXN0007863,CUST01696,2945.34,18,UPI,Chennai,Web,0,0,1,3,799,3928.17,0,0
TXN0007864,CUST00267,2405.16,20,Wallet,Hyderabad,Web,0,1,1,3,35,2585.97,1,0
TXN0007865,CUST00838,533.58,16,UPI,Pune,Web,0,0,1,3,1414,1005.73,1,0
TXN0007866,CUST00489,1407.71,14,Credit Card,Pune,Android,0,0,0,2,618,1042.24,0,0
TXN0007867,CUST00702,908.4,12,UPI,Noida,Android,0,0,2,5,783,4862.56,0,0
TXN0007868,CUST00687,290.04,9,UPI,Noida,Android,0,0,0,4,1223,1088.55,0,0
TXN0007869,CUST00996,5180.13,15,Wallet,Delhi,Android,0,0,1,6,654,1522.44,0,0
TXN0007870,CUST00357,897.59,21,Net Banking,Gurugram,iOS,0,0,1,4,85,1911.01,0,0
TXN0007871,CUST00872,5952.01,16,UPI,Jaipur,Android,1,0,1,3,505,5471.5,0,0
TXN0007872,CUST01974,4347.2,21,UPI,Delhi,Android,0,0,1,4,116,600.35,0,0
TXN0007873,CUST02252,3140.89,11,UPI,Bengaluru,iOS,0,0,1,5,1008,3287.47,0,0
TXN0007874,CUST00552,3322.34,18,UPI,Kolkata,Android,0,0,0,1,272,1692.34,0,0
TXN0007875,CUST01811,972.85,17,Credit Card,Chennai,Android,0,0,2,4,65,2325.76,0,0
TXN0007876,CUST00323,11537.89,17,Credit Card,Pune,Web,1,0,0,1,380,859.32,0,0
TXN0007877,CUST02229,1879.32,17,Debit Card,Noida,iOS,0,0,0,1,402,2494.97,0,0
TXN0007878,CUST00083,2434.44,9,Debit Card,Hyderabad,iOS,1,0,1,3,1713,1150.29,0,0
TXN0007879,CUST02351,940.55,7,UPI,Hyderabad,iOS,0,0,0,6,55,1314.75,0,0
TXN0007880,CUST00262,709.37,23,Debit Card,Noida,Android,0,0,1,6,169,2067.99,0,0
TXN0007881,CUST00784,2901.08,2,Debit Card,Bengaluru,Android,1,0,2,2,1019,2186.62,0,0
TXN0007882,CUST01224,2237.37,13,Credit Card,Pune,Android,0,1,0,5,184,394.87,1,0
TXN0007883,CUST00914,817.45,13,Wallet,Hyderabad,Web,0,0,0,3,1563,1610.19,0,0
TXN0007884,CUST00944,427.14,11,Debit Card,Pune,Android,0,0,0,6,256,979.36,1,0
TXN0007885,CUST01319,505.54,19,Credit Card,Hyderabad,iOS,0,1,1,2,1069,2692.27,0,0
TXN0007886,CUST01536,5953.15,18,Wallet,Mumbai,Android,0,0,1,5,641,1814.1,0,0
TXN0007887,CUST00689,974.85,21,Credit Card,Jaipur,iOS,1,0,1,5,186,686.37,1,0
TXN0007888,CUST02444,1282.59,12,Credit Card,Bengaluru,Android,0,0,1,2,429,1033.81,0,0
TXN0007889,CUST01773,7676.22,15,UPI,Noida,iOS,0,0,1,3,286,3813.89,0,0
TXN0007890,CUST00839,586.04,21,Wallet,Delhi,Web,0,0,2,4,1455,1744.33,0,0
TXN0007891,CUST00878,870.05,23,UPI,Jaipur,iOS,0,0,1,1,1735,3214.77,0,0
TXN0007892,CUST00049,834.45,22,UPI,Pune,iOS,0,0,0,3,3000,1824.64,1,0
TXN0007893,CUST00293,9078.01,18,Credit Card,Gurugram,Android,0,0,0,3,1259,1839.07,0,0
TXN0007894,CUST01652,13212.59,7,Credit Card,Delhi,iOS,0,1,0,7,1543,1418.77,0,0
TXN0007895,CUST00536,3816.56,1,Credit Card,Hyderabad,Android,0,0,1,3,608,523.09,0,0
TXN0007896,CUST00311,3939.96,19,Credit Card,Kolkata,Android,0,0,0,4,395,2184.12,0,0
TXN0007897,CUST00537,1007.46,20,UPI,Pune,iOS,0,0,1,2,567,2015.46,0,0
TXN0007898,CUST01927,12617.88,18,Debit Card,Pune,Web,1,0,0,3,1117,1750.19,1,0
TXN0007899,CUST00234,2352.51,10,Credit Card,Gurugram,Android,0,0,0,2,835,2957.51,0,0
TXN0007900,CUST01233,4224.48,17,Debit Card,Noida,iOS,0,0,1,2,51,2856.14,0,0
TXN0007901,CUST02142,1619.73,10,UPI,Chennai,iOS,0,0,0,6,475,1068.83,0,0
TXN0007902,CUST02375,1376.79,13,Credit Card,Mumbai,Web,0,0,0,2,306,835.35,0,0
TXN0007903,CUST02273,9495.6,12,Debit Card,Bengaluru,iOS,0,0,1,4,194,1604.08,0,0
TXN0007904,CUST00967,3087.96,21,UPI,Jaipur,iOS,0,0,1,1,267,4056.11,0,0
TXN0007905,CUST00890,7684.17,9,Debit Card,Bengaluru,Android,0,0,1,5,255,1727.85,0,0
TXN0007906,CUST02059,2323.59,16,UPI,Hyderabad,Android,0,0,2,4,115,1754.18,0,0
TXN0007907,CUST00035,770.6,11,Credit Card,Mumbai,Android,0,0,0,5,432,1096.48,1,0
TXN0007908,CUST00447,1004.45,17,Credit Card,Noida,Web,0,0,1,4,2330,1002.42,1,0
TXN0007909,CUST01764,1995.22,15,Credit Card,Noida,Android,0,0,1,1,197,1467.9,0,0
TXN0007910,CUST02489,962.03,21,Credit Card,Noida,Android,0,0,0,5,140,2372.57,0,0
TXN0007911,CUST01559,594.71,6,UPI,Jaipur,Web,0,0,0,3,644,1601.98,0,0
TXN0007912,CUST00595,5984.68,9,Debit Card,Chennai,Web,0,0,0,2,169,758.67,0,0
TXN0007913,CUST02026,1043.85,19,UPI,Jaipur,iOS,0,0,0,4,759,2164.0,0,0
TXN0007914,CUST02277,2066.75,11,UPI,Pune,Android,0,0,0,6,582,1571.16,0,0
TXN0007915,CUST00344,2420.37,8,UPI,Pune,Android,0,0,0,1,1533,1048.52,1,0
TXN0007916,CUST01104,999.63,14,UPI,Kolkata,Android,0,0,1,6,165,6188.05,0,0
TXN0007917,CUST01420,7679.74,17,Credit Card,Delhi,iOS,0,0,0,2,1168,3870.56,0,0
TXN0007918,CUST01314,588.98,2,Debit Card,Jaipur,Android,1,0,2,5,746,584.27,1,0
TXN0007919,CUST01479,2338.27,10,Credit Card,Bengaluru,Android,0,0,1,3,348,5973.87,0,0
TXN0007920,CUST01152,2302.29,19,UPI,Bengaluru,iOS,1,0,0,4,208,2063.51,0,0
TXN0007921,CUST01922,1704.94,15,Credit Card,Kolkata,Android,0,0,1,1,165,2824.68,0,0
TXN0007922,CUST01383,492.07,1,Debit Card,Pune,iOS,0,0,1,6,349,1713.55,0,0
TXN0007923,CUST02123,4299.95,10,UPI,Gurugram,iOS,0,0,4,2,251,1606.91,1,0
TXN0007924,CUST01570,3785.95,17,UPI,Gurugram,iOS,0,0,1,4,562,1543.95,1,0
TXN0007925,CUST01895,915.96,8,Credit Card,Gurugram,Web,0,0,2,2,310,1948.38,0,0
TXN0007926,CUST02244,3652.0,19,UPI,Hyderabad,Android,0,1,3,3,156,960.96,1,0
TXN0007927,CUST01867,2618.74,17,UPI,Bengaluru,Android,0,0,1,1,960,810.54,1,0
TXN0007928,CUST00029,500.16,14,UPI,Hyderabad,Android,0,1,1,7,350,1864.05,0,0
TXN0007929,CUST00706,766.33,21,UPI,Bengaluru,Android,0,0,1,1,436,1105.72,1,0
TXN0007930,CUST01021,5618.52,12,UPI,Kolkata,Web,0,0,0,4,679,1635.7,0,0
TXN0007931,CUST02064,2452.73,9,Credit Card,Bengaluru,Web,0,0,0,3,157,1725.85,1,0
TXN0007932,CUST01447,1023.76,17,UPI,Delhi,Web,0,0,1,1,251,2701.87,0,0
TXN0007933,CUST01660,762.85,16,UPI,Noida,Android,0,0,0,3,148,1269.24,0,0
TXN0007934,CUST00967,1075.08,11,UPI,Pune,iOS,0,0,0,5,625,1087.98,1,0
TXN0007935,CUST02277,1154.08,11,Credit Card,Chennai,iOS,0,1,0,3,1165,1208.32,0,0
TXN0007936,CUST00573,772.46,12,Debit Card,Noida,Android,0,0,3,4,312,1123.01,0,0
TXN0007937,CUST01607,315.38,10,Credit Card,Noida,Android,0,0,0,4,121,2143.72,1,0
TXN0007938,CUST00615,5628.26,18,Credit Card,Bengaluru,Android,0,0,2,2,847,1114.32,0,0
TXN0007939,CUST00326,4751.31,17,Debit Card,Bengaluru,Android,0,0,2,1,3000,4789.74,0,0
TXN0007940,CUST00359,503.85,13,UPI,Jaipur,Android,0,0,2,3,134,874.6,0,0
TXN0007941,CUST01811,2062.87,12,UPI,Kolkata,Web,1,0,0,5,157,1173.37,0,0
TXN0007942,CUST02372,730.19,11,UPI,Bengaluru,iOS,0,0,1,2,914,478.5,0,0
TXN0007943,CUST01722,1385.72,10,UPI,Gurugram,iOS,0,0,0,2,270,1043.35,0,0
TXN0007944,CUST01350,1275.09,5,UPI,Noida,Android,1,0,0,2,829,1783.01,0,0
TXN0007945,CUST00165,1173.46,10,Credit Card,Noida,iOS,1,0,0,1,241,1679.8,0,0
TXN0007946,CUST01597,13339.56,11,UPI,Gurugram,iOS,0,0,1,4,820,1128.42,0,0
TXN0007947,CUST01628,1158.89,15,Wallet,Noida,Android,0,0,2,6,763,2599.4,0,0
TXN0007948,CUST01177,802.14,19,Debit Card,Hyderabad,iOS,0,1,1,2,993,1169.99,0,0
TXN0007949,CUST01151,839.63,12,Net Banking,Kolkata,Web,0,1,1,5,983,709.26,0,0
TXN0007950,CUST00193,5111.86,22,UPI,Pune,iOS,0,0,0,4,44,2063.77,0,0
TXN0007951,CUST00092,344.96,19,Debit Card,Delhi,Android,0,0,1,5,671,1808.09,0,0
TXN0007952,CUST00139,839.59,23,Debit Card,Chennai,Android,0,1,1,6,342,1232.6,1,0
TXN0007953,CUST00481,7649.26,20,Wallet,Mumbai,Android,0,0,0,2,827,1399.88,0,0
TXN0007954,CUST02497,2297.39,16,Credit Card,Gurugram,Web,0,1,2,5,1690,2202.88,0,0
TXN0007955,CUST01357,2180.84,16,Debit Card,Bengaluru,Web,0,0,1,4,336,4634.43,1,0
TXN0007956,CUST00340,15179.31,7,UPI,Kolkata,Android,0,0,0,7,136,1179.38,0,0
TXN0007957,CUST01076,2302.82,18,UPI,Mumbai,iOS,0,0,0,4,562,4968.57,0,0
TXN0007958,CUST00799,886.57,16,UPI,Kolkata,Android,0,0,0,3,86,3817.55,0,0
TXN0007959,CUST00475,1357.59,14,Wallet,Hyderabad,iOS,1,0,1,8,113,1156.13,1,0
TXN0007960,CUST02449,578.31,18,UPI,Pune,Web,0,0,1,2,1827,1317.29,0,0
TXN0007961,CUST01463,6320.03,13,UPI,Gurugram,iOS,0,0,0,2,90,8553.82,0,0
TXN0007962,CUST00605,3197.43,15,Wallet,Noida,Android,0,0,0,6,557,667.94,1,0
TXN0007963,CUST00821,5541.14,12,UPI,Gurugram,Android,0,0,1,8,936,1103.06,1,0
TXN0007964,CUST00598,6054.31,18,Wallet,Chennai,Android,0,0,2,9,402,1047.47,0,0
TXN0007965,CUST01533,1189.55,20,Debit Card,Chennai,Web,0,0,0,5,782,367.6,0,0
TXN0007966,CUST00514,699.8,20,UPI,Hyderabad,Web,0,0,2,3,512,3433.27,0,0
TXN0007967,CUST01527,1709.28,19,UPI,Gurugram,Web,0,0,1,2,3000,2603.0,0,0
TXN0007968,CUST01878,752.03,0,Credit Card,Jaipur,Android,1,0,0,2,49,2112.29,0,0
TXN0007969,CUST01700,2122.82,21,Net Banking,Noida,iOS,0,0,0,7,158,2954.78,1,0
TXN0007970,CUST01030,5583.88,10,Wallet,Pune,Android,1,0,3,5,508,1956.73,1,1
TXN0007971,CUST00500,1521.42,21,UPI,Jaipur,Android,0,0,1,3,430,3031.66,1,0
TXN0007972,CUST01685,2091.29,8,UPI,Pune,Android,0,0,0,3,58,5020.39,0,1
TXN0007973,CUST00717,1638.76,13,UPI,Pune,Android,1,0,0,7,476,1753.17,1,0
TXN0007974,CUST01142,4016.92,18,Debit Card,Pune,Android,0,0,1,3,69,12711.14,0,0
TXN0007975,CUST01509,923.12,17,UPI,Kolkata,Android,0,0,1,4,704,1571.0,0,0
TXN0007976,CUST00666,200.16,12,UPI,Pune,iOS,0,0,1,1,633,692.24,0,0
TXN0007977,CUST02209,2882.49,17,Debit Card,Noida,Android,1,0,1,4,41,1885.64,0,0
TXN0007978,CUST02318,4833.74,15,UPI,Kolkata,Android,1,0,1,3,377,4232.95,0,0
TXN0007979,CUST01080,2812.75,10,UPI,Mumbai,Android,0,0,1,2,745,2470.49,0,0
TXN0007980,CUST00228,948.91,17,Debit Card,Jaipur,Android,0,0,0,6,967,1489.72,0,0
TXN0007981,CUST00149,578.55,8,Credit Card,Hyderabad,iOS,1,0,0,2,22,2707.16,0,0
TXN0007982,CUST01070,2951.41,18,Credit Card,Kolkata,Web,0,0,1,3,377,1717.6,0,0
TXN0007983,CUST01168,2073.56,0,Debit Card,Mumbai,Android,0,0,2,3,2635,1089.3,0,0
TXN0007984,CUST00632,1587.24,15,Credit Card,Hyderabad,Web,1,0,2,1,290,5332.49,1,0
TXN0007985,CUST01364,11136.75,12,Credit Card,Mumbai,Android,0,0,1,5,458,3138.2,1,0
TXN0007986,CUST00413,698.36,10,Wallet,Mumbai,Android,0,0,1,3,213,3287.6,0,0
TXN0007987,CUST01756,10620.9,14,Credit Card,Kolkata,iOS,0,0,1,3,33,2470.93,0,0
TXN0007988,CUST00520,1858.13,17,Credit Card,Mumbai,iOS,0,0,0,3,1403,8387.41,0,0
TXN0007989,CUST01368,287.14,22,Credit Card,Hyderabad,Android,0,1,1,2,598,2915.64,1,0
TXN0007990,CUST02435,1504.69,20,Credit Card,Kolkata,Android,0,0,1,6,444,659.14,1,0
TXN0007991,CUST02323,4698.69,18,UPI,Pune,iOS,0,0,0,4,999,1767.62,1,0
TXN0007992,CUST02401,1249.49,14,UPI,Hyderabad,Web,0,1,1,3,95,2132.69,1,0
TXN0007993,CUST01103,411.89,12,Debit Card,Gurugram,Web,0,0,0,3,1219,2016.48,0,0
TXN0007994,CUST00598,1526.95,1,UPI,Chennai,iOS,0,1,1,4,564,2408.97,0,0
TXN0007995,CUST01660,763.85,11,UPI,Mumbai,iOS,0,0,1,4,739,1119.23,0,0
TXN0007996,CUST01686,2943.51,20,Debit Card,Kolkata,Web,0,0,0,4,581,2040.87,1,0
TXN0007997,CUST02161,3900.82,12,UPI,Jaipur,iOS,0,0,0,2,1039,1325.79,0,0
TXN0007998,CUST02189,625.95,13,Debit Card,Mumbai,Web,0,0,1,3,944,1057.34,0,0
TXN0007999,CUST01925,888.68,10,Credit Card,Noida,Web,1,0,0,5,508,4192.26,0,0
TXN0008000,CUST00730,3836.0,10,UPI,Kolkata,iOS,0,0,2,1,1099,672.77,0,0
TXN0008001,CUST00589,762.57,3,UPI,Gurugram,Android,0,0,2,3,923,554.97,0,0
TXN0008002,CUST02459,609.95,16,UPI,Pune,iOS,0,0,1,1,420,881.22,0,0
TXN0008003,CUST00377,553.83,13,UPI,Kolkata,Web,0,0,0,2,59,1341.67,0,0
TXN0008004,CUST01408,2559.53,16,UPI,Jaipur,Android,0,1,1,3,1211,4839.89,0,0
TXN0008005,CUST01870,2452.1,15,UPI,Gurugram,Android,0,0,3,5,282,1927.8,1,0
TXN0008006,CUST00751,908.23,19,Debit Card,Kolkata,Android,0,0,0,3,1026,2162.31,0,0
TXN0008007,CUST00627,1809.18,18,UPI,Gurugram,Web,0,0,2,1,887,1066.17,0,0
TXN0008008,CUST01630,8288.91,19,Debit Card,Noida,iOS,0,0,0,6,53,2430.07,1,0
TXN0008009,CUST00995,679.58,14,Credit Card,Chennai,Android,1,0,0,3,190,3766.92,0,0
TXN0008010,CUST01584,255.65,11,UPI,Kolkata,Android,0,0,0,3,1054,772.89,1,0
TXN0008011,CUST00703,2837.33,21,UPI,Kolkata,iOS,0,0,2,2,524,2040.46,0,0
TXN0008012,CUST02060,1611.85,3,UPI,Delhi,iOS,0,0,0,4,233,2094.14,0,0
TXN0008013,CUST01180,884.94,8,Net Banking,Hyderabad,Android,0,0,1,1,103,3012.42,0,0
TXN0008014,CUST00477,3455.15,13,Wallet,Chennai,Web,0,0,2,6,340,520.17,0,0
TXN0008015,CUST00401,4166.23,16,UPI,Pune,iOS,0,0,1,4,593,1060.39,1,0
TXN0008016,CUST02225,197.8,0,Credit Card,Kolkata,iOS,0,0,1,5,260,1255.92,0,0
TXN0008017,CUST00057,937.24,18,Net Banking,Chennai,Web,0,0,0,3,551,2576.82,0,0
TXN0008018,CUST01876,18270.78,15,Debit Card,Mumbai,Android,1,0,0,2,1004,2981.73,1,0
TXN0008019,CUST00448,3225.83,14,Credit Card,Chennai,iOS,0,0,1,2,189,692.57,1,1
TXN0008020,CUST00203,3539.16,13,UPI,Chennai,iOS,0,0,0,3,56,544.07,1,0
TXN0008021,CUST01657,5816.4,15,UPI,Kolkata,Web,0,0,0,5,118,4154.71,0,0
TXN0008022,CUST00738,1830.99,8,Debit Card,Bengaluru,Android,0,0,0,2,162,1079.06,0,0
TXN0008023,CUST00202,3992.71,6,Debit Card,Delhi,iOS,0,1,5,7,83,4999.38,0,0
TXN0008024,CUST01354,3690.82,10,Credit Card,Pune,iOS,0,0,1,1,312,2323.05,0,0
TXN0008025,CUST02411,3085.85,18,UPI,Kolkata,Web,0,0,3,1,237,1453.11,0,0
TXN0008026,CUST00892,1304.44,16,Wallet,Jaipur,Web,0,0,1,5,290,2794.11,1,0
TXN0008027,CUST02404,2137.95,14,Debit Card,Noida,Android,0,0,0,3,267,3469.84,1,0
TXN0008028,CUST00216,999.43,15,UPI,Kolkata,Android,0,0,1,3,171,1365.34,1,0
TXN0008029,CUST00023,1823.21,15,UPI,Kolkata,Android,0,0,0,2,614,1126.24,0,0
TXN0008030,CUST02203,559.5,10,Credit Card,Kolkata,Android,1,1,0,1,166,1680.93,0,0
TXN0008031,CUST01210,816.41,6,UPI,Delhi,Web,0,0,2,4,1606,3544.12,0,0
TXN0008032,CUST02297,1357.27,21,UPI,Gurugram,Android,0,0,0,2,230,1306.53,1,0
TXN0008033,CUST00749,700.53,16,UPI,Gurugram,Android,0,0,0,1,1837,1337.73,1,0
TXN0008034,CUST00805,1086.29,18,Net Banking,Kolkata,Web,0,1,1,4,126,1121.42,1,1
TXN0008035,CUST00134,1527.85,13,Debit Card,Gurugram,Web,0,0,1,2,54,881.22,1,0
TXN0008036,CUST00321,2691.37,18,UPI,Hyderabad,iOS,0,0,1,5,220,2011.62,1,0
TXN0008037,CUST02438,4650.82,16,Wallet,Kolkata,Web,0,1,2,3,233,1108.75,0,0
TXN0008038,CUST00434,1132.02,3,Debit Card,Mumbai,Android,1,0,0,1,991,3985.19,0,0
TXN0008039,CUST01046,6840.71,21,UPI,Pune,Android,1,0,0,3,889,4204.89,1,0
TXN0008040,CUST00873,4601.57,10,Wallet,Mumbai,Android,0,0,1,8,123,521.7,0,0
TXN0008041,CUST02099,2979.87,7,Credit Card,Jaipur,Android,0,0,0,5,1535,1733.02,1,0
TXN0008042,CUST02224,2098.95,6,Debit Card,Bengaluru,Android,0,0,1,6,262,3494.58,0,0
TXN0008043,CUST00253,2476.65,18,UPI,Delhi,Android,0,0,3,6,2618,2501.95,0,0
TXN0008044,CUST00966,5899.32,18,Credit Card,Kolkata,Android,0,0,0,1,2015,3850.62,0,0
TXN0008045,CUST00739,6118.8,18,UPI,Mumbai,Android,1,0,1,5,191,994.66,0,0
TXN0008046,CUST01130,6839.63,21,UPI,Bengaluru,Android,0,0,0,5,359,567.38,0,0
TXN0008047,CUST01340,1875.95,11,Credit Card,Delhi,Web,1,0,1,5,1118,1696.4,0,0
TXN0008048,CUST00302,3135.39,15,Net Banking,Bengaluru,Web,1,0,0,5,215,1973.67,0,0
TXN0008049,CUST01978,6898.7,16,Credit Card,Hyderabad,Android,0,0,0,7,357,3159.21,0,0
TXN0008050,CUST02316,964.71,23,UPI,Kolkata,Android,0,0,2,5,128,1382.75,0,0
TXN0008051,CUST00551,1309.14,10,UPI,Pune,Web,0,0,1,1,412,4994.52,0,0
TXN0008052,CUST01479,1829.1,22,Debit Card,Delhi,Android,0,0,0,1,191,2423.13,0,0
TXN0008053,CUST01316,4425.51,7,UPI,Hyderabad,Web,0,0,0,1,72,1179.05,0,0
TXN0008054,CUST01588,4494.97,19,UPI,Gurugram,Android,0,0,0,3,705,643.44,0,0
TXN0008055,CUST01823,1428.93,17,Debit Card,Bengaluru,Android,0,0,0,9,265,2897.84,1,0
TXN0008056,CUST01825,398.19,19,Net Banking,Pune,iOS,0,0,0,4,455,1623.83,0,0
TXN0008057,CUST01165,2302.44,1,Debit Card,Mumbai,Android,1,0,1,6,484,2741.79,1,0
TXN0008058,CUST00314,718.54,5,UPI,Chennai,Android,0,0,1,4,535,2538.04,0,0
TXN0008059,CUST00184,405.7,4,UPI,Gurugram,Web,0,0,1,1,883,1317.62,0,0
TXN0008060,CUST01688,508.6,16,Debit Card,Mumbai,Web,0,0,0,4,758,743.58,0,0
TXN0008061,CUST00713,2494.7,16,Wallet,Bengaluru,iOS,0,0,0,7,854,1957.12,0,0
TXN0008062,CUST02176,7020.43,21,Net Banking,Mumbai,Web,1,0,0,1,1002,1827.92,1,0
TXN0008063,CUST01311,1871.39,13,Credit Card,Mumbai,Web,0,1,1,3,301,1488.73,0,0
TXN0008064,CUST02434,2223.69,4,Debit Card,Pune,Android,1,0,0,4,946,1541.2,0,0
TXN0008065,CUST00271,5874.86,9,UPI,Pune,Android,1,0,2,5,266,864.26,1,0
TXN0008066,CUST01795,384.17,0,UPI,Chennai,Android,0,0,2,7,322,6279.2,0,0
TXN0008067,CUST00811,3028.18,19,UPI,Mumbai,Android,0,0,1,2,1395,2558.15,1,0
TXN0008068,CUST02463,1779.26,19,Net Banking,Delhi,iOS,0,0,2,8,675,1042.77,0,0
TXN0008069,CUST00198,3170.36,23,UPI,Bengaluru,Android,0,0,1,3,172,2238.94,1,0
TXN0008070,CUST01080,1109.94,12,UPI,Bengaluru,Android,1,0,1,2,657,1057.41,0,0
TXN0008071,CUST01227,794.41,0,Wallet,Gurugram,Android,0,0,1,7,99,1673.0,1,0
TXN0008072,CUST01645,2071.55,9,UPI,Hyderabad,Android,0,1,1,1,181,2072.92,0,0
TXN0008073,CUST00628,9364.99,16,UPI,Gurugram,Android,0,0,0,3,34,3240.79,0,0
TXN0008074,CUST00604,4257.56,22,Debit Card,Delhi,Android,0,0,0,4,684,774.94,1,0
TXN0008075,CUST01162,1083.39,6,Debit Card,Bengaluru,Web,0,0,0,4,1775,1032.18,0,0
TXN0008076,CUST01446,470.86,7,UPI,Delhi,iOS,0,0,1,4,1623,2011.74,0,0
TXN0008077,CUST01081,334.78,18,Net Banking,Pune,Web,0,1,0,3,989,1164.05,1,0
TXN0008078,CUST01586,6711.93,17,UPI,Delhi,Web,0,0,0,1,104,1862.65,1,0
TXN0008079,CUST02119,692.6,9,Wallet,Mumbai,Web,0,0,0,3,1114,398.33,1,0
TXN0008080,CUST00911,1299.88,19,Debit Card,Gurugram,Android,0,0,1,6,10,859.22,0,0
TXN0008081,CUST00594,6746.32,7,UPI,Delhi,Web,0,0,0,5,1488,3141.13,0,0
TXN0008082,CUST01396,358.4,21,Debit Card,Hyderabad,Android,1,0,0,1,730,2405.27,1,0
TXN0008083,CUST00600,8004.88,8,UPI,Pune,Android,0,0,0,5,115,1096.37,1,0
TXN0008084,CUST00514,1396.75,5,UPI,Mumbai,iOS,0,0,0,5,498,1131.39,0,0
TXN0008085,CUST01896,570.75,11,Wallet,Delhi,Android,0,0,3,4,591,6040.01,0,0
TXN0008086,CUST02132,1405.56,8,UPI,Hyderabad,Android,0,0,1,4,187,3853.34,0,0
TXN0008087,CUST01067,873.88,15,UPI,Bengaluru,Android,0,0,0,5,1142,1133.16,0,0
TXN0008088,CUST01958,2797.17,17,UPI,Kolkata,Android,0,0,1,5,431,2361.31,0,0
TXN0008089,CUST00810,941.44,14,UPI,Kolkata,Web,0,0,0,1,498,806.65,0,0
TXN0008090,CUST02181,266.11,17,Wallet,Jaipur,Android,0,0,0,6,1303,943.69,0,0
TXN0008091,CUST01089,1443.72,11,Wallet,Kolkata,iOS,0,0,0,7,637,1112.68,0,0
TXN0008092,CUST00290,463.59,1,Credit Card,Gurugram,Android,0,0,0,4,534,1174.61,0,0
TXN0008093,CUST02424,2208.04,23,UPI,Gurugram,Android,0,0,2,3,80,2302.5,0,0
TXN0008094,CUST00769,549.17,19,Credit Card,Hyderabad,Android,0,0,0,3,468,1055.6,1,0
TXN0008095,CUST00471,1104.92,4,UPI,Gurugram,Web,0,0,1,4,1471,930.71,0,0
TXN0008096,CUST02197,2160.58,13,UPI,Kolkata,Web,1,0,0,1,559,930.96,0,0
TXN0008097,CUST00088,1455.47,17,UPI,Pune,Android,0,1,1,5,200,904.76,1,0
TXN0008098,CUST02444,2312.24,8,UPI,Gurugram,Web,0,0,0,1,1059,3489.63,1,0
TXN0008099,CUST00790,3554.0,16,Credit Card,Hyderabad,iOS,0,1,1,2,341,638.45,1,0
TXN0008100,CUST01665,565.44,15,Wallet,Delhi,Android,0,0,1,1,49,596.07,1,0
TXN0008101,CUST01310,1687.74,9,Debit Card,Pune,Android,0,0,1,3,396,3507.29,1,0
TXN0008102,CUST00865,64.46,7,Debit Card,Delhi,Web,0,0,0,7,860,861.89,0,0
TXN0008103,CUST01294,2305.09,18,UPI,Jaipur,Android,1,0,3,4,1504,3305.19,1,0
TXN0008104,CUST00024,1332.39,11,Wallet,Gurugram,Android,0,0,0,2,655,2048.07,0,0
TXN0008105,CUST01887,673.23,9,Net Banking,Chennai,Android,1,0,1,5,1094,2545.99,1,0
TXN0008106,CUST00311,2468.24,18,Wallet,Mumbai,Android,0,0,0,1,831,722.37,0,0
TXN0008107,CUST01485,5815.25,18,UPI,Noida,Android,1,0,1,1,120,3427.97,1,0
TXN0008108,CUST01232,1118.25,10,Credit Card,Jaipur,iOS,0,0,0,6,2487,1545.17,1,0
TXN0008109,CUST02486,699.75,20,Credit Card,Pune,iOS,1,0,1,5,34,1285.24,1,0
TXN0008110,CUST00706,2122.96,17,UPI,Bengaluru,iOS,0,1,0,1,192,2247.01,0,0
TXN0008111,CUST01360,473.4,11,Net Banking,Mumbai,iOS,0,0,3,1,864,1665.76,0,0
TXN0008112,CUST00422,929.98,13,UPI,Jaipur,Android,0,0,0,5,86,1015.57,0,0
TXN0008113,CUST01774,6111.6,18,UPI,Hyderabad,Android,0,0,1,5,503,3606.92,0,0
TXN0008114,CUST02369,1915.48,9,Credit Card,Delhi,Web,0,0,0,3,597,850.89,0,0
TXN0008115,CUST00947,274.81,14,UPI,Delhi,Android,0,1,2,7,697,444.3,0,0
TXN0008116,CUST01187,298.43,17,Wallet,Chennai,iOS,1,0,0,3,105,2122.56,0,0
TXN0008117,CUST01835,2116.73,15,UPI,Jaipur,Android,1,0,2,5,139,2523.61,0,0
TXN0008118,CUST01565,4263.87,16,UPI,Gurugram,Android,1,0,1,6,79,1728.44,0,0
TXN0008119,CUST00849,357.07,15,Credit Card,Chennai,Android,0,0,0,1,112,1138.75,0,0
TXN0008120,CUST01590,2822.15,8,UPI,Pune,iOS,0,0,3,1,1073,631.86,0,0
TXN0008121,CUST01319,6808.22,12,Debit Card,Jaipur,iOS,0,0,0,4,72,2131.67,0,0
TXN0008122,CUST02090,11889.38,15,Debit Card,Gurugram,iOS,0,0,3,5,307,1314.01,1,1
TXN0008123,CUST01948,2506.81,19,UPI,Bengaluru,Web,1,0,1,2,10,1292.0,1,1
TXN0008124,CUST01309,2987.96,17,Net Banking,Hyderabad,Android,1,0,1,3,865,927.6,0,0
TXN0008125,CUST00387,213.23,13,Credit Card,Mumbai,Android,0,0,0,3,1890,562.71,0,0
TXN0008126,CUST02036,14695.47,23,Debit Card,Hyderabad,Android,1,0,2,1,213,1058.75,0,0
TXN0008127,CUST01162,1012.37,6,Wallet,Noida,Android,0,0,0,5,218,1219.82,1,0
TXN0008128,CUST02026,707.74,8,Debit Card,Mumbai,Web,0,1,1,5,511,1669.91,1,0
TXN0008129,CUST00716,1394.56,11,UPI,Hyderabad,Web,1,0,2,2,84,3291.38,0,0
TXN0008130,CUST02479,8161.76,9,UPI,Noida,iOS,0,0,0,3,552,1051.08,0,0
TXN0008131,CUST00426,16376.26,16,Debit Card,Kolkata,iOS,0,0,1,1,479,1126.4,1,0
TXN0008132,CUST01440,2040.5,2,Net Banking,Gurugram,Web,0,0,1,2,305,772.73,0,0
TXN0008133,CUST02074,4883.54,8,UPI,Mumbai,iOS,0,0,1,3,724,1473.71,1,0
TXN0008134,CUST00385,1879.47,10,UPI,Hyderabad,Android,0,1,0,2,470,987.18,0,0
TXN0008135,CUST00056,637.62,17,Credit Card,Gurugram,iOS,0,0,1,3,1114,882.21,0,0
TXN0008136,CUST00106,7881.6,20,Debit Card,Pune,iOS,1,0,1,2,778,1531.88,1,0
TXN0008137,CUST00670,966.24,19,UPI,Gurugram,iOS,1,0,1,6,521,2311.75,1,0
TXN0008138,CUST00376,8358.82,8,Wallet,Gurugram,Android,0,0,0,4,228,2687.87,0,0
TXN0008139,CUST00743,6595.11,15,Wallet,Kolkata,Android,0,0,0,6,17,1046.14,1,0
TXN0008140,CUST00967,3326.17,1,Credit Card,Kolkata,Android,0,1,1,2,278,1204.18,0,0
TXN0008141,CUST00308,11209.5,10,UPI,Noida,Android,0,0,0,2,889,4911.37,0,0
TXN0008142,CUST02139,16779.08,19,Debit Card,Mumbai,Android,0,0,1,4,1331,1747.94,0,0
TXN0008143,CUST00802,1510.65,13,UPI,Jaipur,Android,0,0,0,2,1142,1638.63,0,0
TXN0008144,CUST00110,801.71,8,Credit Card,Kolkata,Android,0,0,0,5,276,2562.01,1,0
TXN0008145,CUST01665,279.02,13,UPI,Pune,Android,0,1,0,4,18,2935.05,0,0
TXN0008146,CUST00340,16987.35,8,Credit Card,Kolkata,Web,1,0,0,5,1663,1802.05,0,0
TXN0008147,CUST01589,1159.63,12,UPI,Pune,Android,0,0,1,6,690,515.31,0,0
TXN0008148,CUST00979,5600.32,14,Debit Card,Bengaluru,Android,0,0,0,4,391,702.38,0,0
TXN0008149,CUST02404,857.73,11,Debit Card,Chennai,Android,0,0,1,6,904,1969.23,1,0
TXN0008150,CUST01916,8381.71,22,Net Banking,Bengaluru,Android,0,0,2,3,56,2288.2,0,1
TXN0008151,CUST00168,893.75,15,UPI,Pune,iOS,0,1,0,3,54,856.95,0,0
TXN0008152,CUST00557,546.66,20,UPI,Bengaluru,Android,1,0,1,1,736,2180.13,0,0
TXN0008153,CUST00905,1461.23,19,UPI,Mumbai,iOS,1,0,0,5,42,460.99,0,0
TXN0008154,CUST00105,1057.61,17,UPI,Hyderabad,Android,0,0,1,2,30,660.83,0,0
TXN0008155,CUST02048,3267.7,14,UPI,Gurugram,Android,0,0,0,8,764,814.38,0,0
TXN0008156,CUST02198,1709.83,0,Credit Card,Delhi,iOS,0,0,1,2,811,5485.95,1,0
TXN0008157,CUST00146,3371.94,16,Credit Card,Noida,Web,1,0,1,3,319,2370.35,1,1
TXN0008158,CUST00874,1345.5,11,UPI,Chennai,Android,0,0,1,5,298,2198.2,0,0
TXN0008159,CUST00299,925.59,7,UPI,Mumbai,Web,0,0,1,3,350,1700.94,0,0
TXN0008160,CUST01737,1004.24,13,Credit Card,Gurugram,Web,0,0,1,3,276,1517.04,0,0
TXN0008161,CUST00646,13911.63,18,UPI,Mumbai,Android,0,1,0,5,354,1325.63,1,0
TXN0008162,CUST00638,2254.57,22,Wallet,Bengaluru,Web,0,0,0,3,123,793.03,1,0
TXN0008163,CUST02287,247.59,12,UPI,Delhi,iOS,0,0,2,4,526,1813.3,0,0
TXN0008164,CUST00784,1069.91,15,UPI,Delhi,Android,0,0,0,3,436,635.53,0,0
TXN0008165,CUST00897,1983.08,20,UPI,Mumbai,Web,0,0,0,4,657,1405.19,1,0
TXN0008166,CUST00371,11395.13,11,UPI,Mumbai,Android,0,0,1,1,120,2293.52,0,0
TXN0008167,CUST00487,5035.36,7,Wallet,Pune,Android,0,0,0,5,55,1657.03,0,0
TXN0008168,CUST02038,716.1,10,UPI,Noida,Android,1,0,0,3,984,3829.46,0,0
TXN0008169,CUST02213,20209.29,21,Debit Card,Hyderabad,iOS,0,0,1,6,1406,435.19,0,0
TXN0008170,CUST01361,1744.78,8,UPI,Bengaluru,iOS,1,0,0,2,113,707.54,0,0
TXN0008171,CUST00192,6259.6,11,Credit Card,Mumbai,Android,0,0,1,4,322,1917.34,0,0
TXN0008172,CUST00730,567.1,13,Wallet,Delhi,Android,0,0,2,3,775,1400.48,0,0
TXN0008173,CUST02262,163.59,20,Debit Card,Noida,Android,0,0,0,3,445,1350.98,1,0
TXN0008174,CUST00957,440.15,22,UPI,Kolkata,Android,0,0,1,7,502,4694.0,0,0
TXN0008175,CUST00381,69.77,13,Debit Card,Mumbai,Web,0,0,0,1,251,922.98,0,0
TXN0008176,CUST00798,14877.89,21,UPI,Kolkata,iOS,0,0,1,6,76,1375.63,1,0
TXN0008177,CUST00239,2230.71,8,UPI,Pune,Android,0,0,1,2,1939,1053.63,1,0
TXN0008178,CUST01106,714.01,8,Debit Card,Noida,Android,0,0,0,1,816,897.93,0,0
TXN0008179,CUST01387,2830.38,22,Net Banking,Pune,Android,0,1,0,7,232,1988.04,0,0
TXN0008180,CUST02250,2175.2,14,UPI,Hyderabad,Android,0,0,0,5,752,2634.45,0,0
TXN0008181,CUST01528,3349.2,8,Debit Card,Noida,iOS,1,0,2,4,297,1147.32,0,0
TXN0008182,CUST01668,6033.44,14,UPI,Delhi,Android,0,0,0,4,130,788.73,0,0
TXN0008183,CUST00037,1346.98,19,UPI,Jaipur,Android,1,0,0,5,679,1087.51,0,0
TXN0008184,CUST01997,746.73,19,Wallet,Delhi,iOS,0,0,0,6,317,897.06,0,0
TXN0008185,CUST01426,4118.8,20,Credit Card,Hyderabad,Web,0,1,0,2,73,1994.66,0,0
TXN0008186,CUST01491,4015.33,15,UPI,Delhi,Android,0,0,0,3,243,1262.39,1,0
TXN0008187,CUST01225,1990.77,20,Credit Card,Chennai,Android,1,0,0,2,297,1517.18,0,0
TXN0008188,CUST02023,15884.45,14,Debit Card,Gurugram,Web,0,0,1,5,293,1030.3,0,0
TXN0008189,CUST02442,1161.79,16,Credit Card,Gurugram,Android,0,0,2,3,508,1009.78,0,0
TXN0008190,CUST00833,731.93,18,UPI,Gurugram,iOS,0,0,0,4,344,568.89,1,0
TXN0008191,CUST00597,2734.31,13,UPI,Pune,iOS,1,0,1,4,809,1497.09,1,0
TXN0008192,CUST02441,916.54,4,Wallet,Delhi,Android,0,0,0,4,585,2984.08,0,0
TXN0008193,CUST00700,2954.42,11,Credit Card,Jaipur,Android,0,0,0,2,445,448.1,0,0
TXN0008194,CUST01647,782.53,16,Debit Card,Chennai,Android,0,0,1,1,861,573.64,1,0
TXN0008195,CUST02019,1206.28,8,Debit Card,Jaipur,iOS,0,0,0,3,1608,1806.64,0,0
TXN0008196,CUST00441,11924.88,7,UPI,Mumbai,Web,0,0,0,5,152,767.17,1,0
TXN0008197,CUST01861,1199.85,10,Credit Card,Delhi,iOS,0,0,0,2,938,2639.25,0,0
TXN0008198,CUST01641,809.72,1,UPI,Chennai,Android,0,0,0,5,338,604.12,1,0
TXN0008199,CUST01530,5803.52,18,UPI,Chennai,Android,0,0,0,3,502,3151.95,0,0
TXN0008200,CUST02368,629.23,9,UPI,Delhi,Android,0,0,0,2,1033,2272.37,0,0
TXN0008201,CUST01095,900.18,7,Debit Card,Kolkata,Web,0,0,2,7,486,2788.76,0,0
TXN0008202,CUST00568,3203.83,18,UPI,Bengaluru,Web,0,0,1,3,120,4269.76,0,0
TXN0008203,CUST00236,4600.65,20,UPI,Pune,Android,0,0,0,3,2277,2522.59,0,0
TXN0008204,CUST01305,6099.84,0,UPI,Mumbai,Android,0,0,0,5,1103,3420.25,0,0
TXN0008205,CUST01186,852.63,9,UPI,Gurugram,iOS,0,0,1,4,66,957.96,0,0
TXN0008206,CUST01033,3266.75,22,UPI,Mumbai,Android,1,0,1,5,112,1299.88,0,0
TXN0008207,CUST02108,1129.39,12,Debit Card,Mumbai,iOS,0,0,0,3,260,963.14,0,0
TXN0008208,CUST01841,982.29,22,UPI,Delhi,Android,0,0,0,4,384,2521.96,0,0
TXN0008209,CUST00225,5995.44,10,UPI,Delhi,Android,0,0,1,1,106,2103.39,1,0
TXN0008210,CUST01843,1038.97,9,Debit Card,Hyderabad,Android,0,0,1,8,357,2633.1,0,0
TXN0008211,CUST00582,2377.36,9,Credit Card,Kolkata,Android,0,0,1,4,355,2254.23,0,0
TXN0008212,CUST00169,2103.0,5,Debit Card,Hyderabad,Android,0,0,1,2,177,1539.94,0,0
TXN0008213,CUST01466,616.95,21,UPI,Chennai,Android,0,0,0,4,95,1479.8,0,0
TXN0008214,CUST00014,4729.78,23,Debit Card,Pune,Android,1,0,0,9,104,4684.59,0,0
TXN0008215,CUST02212,3152.1,22,UPI,Chennai,Android,0,0,2,3,1066,804.63,0,0
TXN0008216,CUST01444,246.97,20,Credit Card,Chennai,Android,0,0,0,5,951,891.27,0,0
TXN0008217,CUST01871,2375.5,20,UPI,Hyderabad,Android,0,0,1,2,11,1338.28,1,0
TXN0008218,CUST01544,830.95,17,UPI,Gurugram,Android,0,0,0,3,146,537.32,0,0
TXN0008219,CUST01690,5391.71,19,Debit Card,Chennai,Web,0,0,0,2,17,2376.34,0,1
TXN0008220,CUST01572,424.17,9,UPI,Gurugram,Android,0,0,2,2,88,904.89,0,0
TXN0008221,CUST01052,1260.25,12,UPI,Hyderabad,Android,0,0,1,3,48,1648.76,0,0
TXN0008222,CUST01732,2585.22,17,Credit Card,Gurugram,Android,1,0,3,3,862,4802.62,0,0
TXN0008223,CUST00446,1900.52,20,Credit Card,Chennai,Web,1,0,1,8,264,1370.39,1,0
TXN0008224,CUST00716,3860.3,17,Credit Card,Noida,Android,0,0,1,3,723,1150.57,0,0
TXN0008225,CUST00819,394.3,20,Credit Card,Delhi,Android,0,0,2,4,463,2003.0,0,0
TXN0008226,CUST02152,9390.52,14,Credit Card,Hyderabad,Web,1,0,3,4,169,2384.25,0,0
TXN0008227,CUST00426,3043.27,18,Credit Card,Hyderabad,Android,0,0,0,5,412,4434.57,0,0
TXN0008228,CUST01125,7011.17,23,Wallet,Mumbai,Web,0,0,0,6,158,984.46,1,0
TXN0008229,CUST01565,4314.7,8,Credit Card,Bengaluru,Web,0,0,2,4,252,969.11,1,0
TXN0008230,CUST00850,1779.22,21,Credit Card,Noida,iOS,0,0,1,4,1276,1094.06,0,0
TXN0008231,CUST01546,498.37,15,UPI,Noida,iOS,1,0,0,7,1014,1369.71,1,0
TXN0008232,CUST01130,1024.53,17,Wallet,Delhi,Android,0,0,1,5,345,2340.33,0,0
TXN0008233,CUST01703,8822.89,20,UPI,Mumbai,iOS,0,0,0,3,110,2175.47,0,0
TXN0008234,CUST02002,7193.84,12,Credit Card,Hyderabad,Android,0,0,3,6,104,678.7,0,0
TXN0008235,CUST00277,968.69,12,UPI,Pune,Android,0,0,0,2,630,1970.21,1,0
TXN0008236,CUST01807,107.47,15,Credit Card,Bengaluru,Android,0,0,2,6,409,2173.17,1,0
TXN0008237,CUST02236,1455.13,0,UPI,Kolkata,Android,0,0,2,1,458,5961.7,0,0
TXN0008238,CUST01940,1349.97,14,Debit Card,Bengaluru,Android,0,0,0,5,47,905.59,1,0
TXN0008239,CUST02153,1402.16,10,UPI,Noida,Android,0,1,1,1,286,1653.44,0,0
TXN0008240,CUST00546,3053.61,21,UPI,Pune,Android,0,0,0,4,277,629.17,0,0
TXN0008241,CUST02428,4323.21,6,Debit Card,Noida,Android,1,0,0,3,188,1019.66,0,0
TXN0008242,CUST00110,4845.67,13,UPI,Kolkata,iOS,0,0,0,3,845,4195.9,0,0
TXN0008243,CUST00545,2810.87,22,UPI,Chennai,Android,0,0,1,7,86,897.72,0,0
TXN0008244,CUST02402,297.31,21,Credit Card,Chennai,Android,0,1,2,1,931,754.2,0,0
TXN0008245,CUST00743,1279.65,18,Net Banking,Bengaluru,iOS,0,1,1,5,54,982.55,1,0
TXN0008246,CUST02365,18027.1,16,UPI,Hyderabad,Web,0,0,3,5,101,2382.69,0,0
TXN0008247,CUST01290,2616.93,10,UPI,Noida,Android,1,0,0,4,448,2143.4,0,0
TXN0008248,CUST01876,2600.25,11,Credit Card,Chennai,Web,0,0,0,5,517,1504.47,0,0
TXN0008249,CUST01089,2578.67,6,UPI,Gurugram,Android,0,0,0,4,2057,2336.13,0,0
TXN0008250,CUST00333,2726.9,19,UPI,Bengaluru,Android,0,0,0,6,558,1001.83,1,0
TXN0008251,CUST01537,166.07,11,Debit Card,Jaipur,iOS,0,0,1,6,497,1201.71,1,0
TXN0008252,CUST01157,1416.6,17,UPI,Bengaluru,Android,0,0,2,1,124,723.05,0,0
TXN0008253,CUST00592,1733.07,11,Debit Card,Noida,Web,0,0,1,3,53,1636.87,0,0
TXN0008254,CUST00783,6483.64,13,Credit Card,Noida,Android,0,0,1,2,936,285.54,0,0
TXN0008255,CUST00540,1887.89,15,Wallet,Kolkata,iOS,0,1,3,2,891,1920.27,0,0
TXN0008256,CUST01559,346.9,19,Net Banking,Pune,iOS,0,0,0,1,330,2714.76,0,0
TXN0008257,CUST01520,2767.31,9,Credit Card,Kolkata,Android,0,0,1,7,48,1309.11,0,0
TXN0008258,CUST00619,805.7,12,Credit Card,Kolkata,iOS,0,0,3,5,393,670.3,0,0
TXN0008259,CUST01834,533.13,7,Debit Card,Pune,iOS,0,1,3,7,307,1224.23,0,0
TXN0008260,CUST00992,781.63,5,UPI,Gurugram,Web,0,0,0,8,797,887.79,0,0
TXN0008261,CUST02147,3096.56,16,UPI,Chennai,Android,0,1,0,5,511,506.76,0,0
TXN0008262,CUST02365,6337.9,8,Net Banking,Chennai,Android,0,0,1,5,91,1009.31,1,0
TXN0008263,CUST02171,2917.47,3,UPI,Pune,Web,1,0,0,4,117,1641.66,0,0
TXN0008264,CUST01617,3386.54,21,UPI,Jaipur,Android,0,0,1,2,96,2606.77,0,0
TXN0008265,CUST01519,2888.77,15,Debit Card,Hyderabad,Android,0,0,2,3,245,1126.5,1,0
TXN0008266,CUST00522,1991.95,7,Credit Card,Jaipur,Android,0,0,1,3,197,2248.13,0,0
TXN0008267,CUST00917,3613.65,3,UPI,Jaipur,Web,0,0,2,3,179,1886.31,0,0
TXN0008268,CUST00717,160.26,7,UPI,Gurugram,Android,1,0,2,2,357,1518.12,1,0
TXN0008269,CUST02363,2011.49,14,UPI,Mumbai,iOS,0,0,0,5,1061,398.94,0,0
TXN0008270,CUST01937,633.09,17,Wallet,Bengaluru,Android,0,0,0,3,225,2351.98,0,0
TXN0008271,CUST00560,5758.57,17,Wallet,Gurugram,Android,0,0,1,5,208,1135.26,0,0
TXN0008272,CUST00969,1553.69,7,UPI,Delhi,Web,0,0,2,8,375,2261.19,0,0
TXN0008273,CUST02404,1856.58,17,Debit Card,Chennai,Android,0,0,0,4,225,3141.11,0,0
TXN0008274,CUST01078,399.6,12,UPI,Bengaluru,iOS,1,0,1,4,565,969.74,0,0
TXN0008275,CUST00890,4975.96,13,Credit Card,Bengaluru,Android,1,0,1,9,42,3035.08,0,0
TXN0008276,CUST00793,3370.68,19,UPI,Delhi,Android,0,0,0,3,155,1422.75,0,0
TXN0008277,CUST02313,3141.61,11,Credit Card,Noida,iOS,0,0,2,1,834,1832.17,0,0
TXN0008278,CUST00982,798.33,7,UPI,Bengaluru,Android,0,0,0,3,1206,534.25,1,0
TXN0008279,CUST00802,830.4,20,UPI,Hyderabad,Android,0,0,1,6,327,4054.67,0,1
TXN0008280,CUST00043,2251.03,9,UPI,Chennai,Android,1,0,1,3,162,815.28,1,0
TXN0008281,CUST01610,898.78,10,UPI,Chennai,Web,0,0,0,6,261,4824.0,0,0
TXN0008282,CUST01778,2780.64,18,Net Banking,Mumbai,iOS,0,0,0,2,1042,1900.69,1,0
TXN0008283,CUST00350,207.4,17,Net Banking,Kolkata,iOS,0,0,2,5,580,4122.18,0,0
TXN0008284,CUST01568,1105.44,19,Debit Card,Pune,Android,0,0,0,3,231,1293.54,1,0
TXN0008285,CUST01130,10854.07,8,UPI,Kolkata,Android,0,0,2,2,897,822.55,1,0
TXN0008286,CUST02049,2793.44,11,UPI,Jaipur,Android,0,0,0,1,324,1622.08,0,0
TXN0008287,CUST01781,2126.72,7,UPI,Jaipur,Android,0,0,0,5,92,1161.31,0,0
TXN0008288,CUST00584,13105.25,15,UPI,Bengaluru,Android,1,0,0,4,103,4615.66,0,0
TXN0008289,CUST00432,174.09,10,UPI,Noida,Web,0,1,1,3,2464,1770.16,1,0
TXN0008290,CUST01933,796.5,17,Credit Card,Pune,Web,0,0,1,2,135,1717.12,1,0
TXN0008291,CUST02101,1205.16,0,UPI,Kolkata,iOS,0,0,0,3,1391,1729.71,0,0
TXN0008292,CUST01349,4246.68,3,Debit Card,Gurugram,Android,1,0,0,3,943,1789.19,0,0
TXN0008293,CUST02195,4320.81,13,Debit Card,Noida,Android,0,0,1,1,264,2804.18,0,0
TXN0008294,CUST02031,757.13,22,UPI,Noida,Android,0,0,0,4,263,1652.93,1,0
TXN0008295,CUST01190,4882.91,21,Credit Card,Bengaluru,Web,0,0,0,4,614,819.17,0,0
TXN0008296,CUST01163,1202.58,23,UPI,Delhi,iOS,0,0,1,2,311,2460.27,1,0
TXN0008297,CUST00299,6046.18,12,UPI,Delhi,iOS,0,0,1,2,76,636.35,1,0
TXN0008298,CUST01940,640.92,2,UPI,Jaipur,Web,0,0,2,2,1894,3995.81,1,0
TXN0008299,CUST00789,1591.18,10,Debit Card,Mumbai,Web,1,1,1,6,298,1621.72,0,0
TXN0008300,CUST00850,1102.54,17,UPI,Noida,Android,0,0,0,3,185,2060.47,0,0
TXN0008301,CUST02226,5174.88,7,Credit Card,Jaipur,Android,0,0,0,3,53,808.34,0,0
TXN0008302,CUST01378,1067.16,10,UPI,Pune,Web,0,0,1,3,465,1036.56,0,0
TXN0008303,CUST01178,1725.19,3,UPI,Pune,iOS,0,0,1,6,330,2498.87,1,0
TXN0008304,CUST01950,2987.98,14,UPI,Delhi,Web,0,0,0,3,1672,1156.36,0,0
TXN0008305,CUST00878,3105.1,9,Credit Card,Mumbai,Android,0,0,0,1,14,5367.39,1,0
TXN0008306,CUST01139,4369.9,6,Credit Card,Chennai,Android,0,0,2,2,1848,902.3,0,0
TXN0008307,CUST01578,2223.12,12,Debit Card,Bengaluru,Android,1,0,1,4,1295,637.44,0,0
TXN0008308,CUST02493,1184.76,11,UPI,Mumbai,Android,0,1,1,4,336,617.79,0,0
TXN0008309,CUST01647,1268.82,15,UPI,Gurugram,Web,0,0,2,2,336,1393.86,0,0
TXN0008310,CUST01904,1846.81,18,Debit Card,Jaipur,Android,0,1,1,3,301,4543.17,0,0
TXN0008311,CUST01383,2310.3,7,UPI,Kolkata,Web,0,0,0,3,221,4359.59,1,0
TXN0008312,CUST00145,1553.66,19,UPI,Delhi,Android,0,0,0,4,745,10570.37,0,0
TXN0008313,CUST02323,1834.9,1,UPI,Delhi,Android,0,0,1,2,746,1325.95,0,0
TXN0008314,CUST01203,394.76,13,Debit Card,Bengaluru,Android,0,0,1,3,176,2886.7,1,0
TXN0008315,CUST01862,3508.34,16,Credit Card,Jaipur,Android,0,0,0,1,318,1972.22,0,0
TXN0008316,CUST01855,2157.39,22,UPI,Pune,iOS,0,0,1,5,108,3810.92,0,0
TXN0008317,CUST01867,4902.07,16,Credit Card,Mumbai,Android,0,0,2,6,1074,2166.28,1,0
TXN0008318,CUST01099,1800.29,8,Debit Card,Noida,Android,0,0,1,2,184,990.9,0,0
TXN0008319,CUST01152,316.44,14,UPI,Hyderabad,iOS,0,0,0,3,643,1376.8,0,0
TXN0008320,CUST01735,1257.77,12,UPI,Noida,Android,0,0,2,2,1346,1254.63,0,0
TXN0008321,CUST00568,1473.82,14,Debit Card,Kolkata,Android,0,0,0,3,236,475.01,0,0
TXN0008322,CUST01814,3783.65,8,Credit Card,Mumbai,Android,0,0,0,1,730,5888.93,0,0
TXN0008323,CUST00531,227.07,14,UPI,Gurugram,iOS,0,0,1,1,606,3025.25,0,0
TXN0008324,CUST02207,1875.67,8,Debit Card,Chennai,Web,1,0,2,6,377,15956.44,0,0
TXN0008325,CUST01562,3008.56,18,Credit Card,Pune,iOS,1,0,0,3,962,500.3,0,0
TXN0008326,CUST00681,928.95,16,Debit Card,Mumbai,Web,0,0,0,4,777,2145.67,0,0
TXN0008327,CUST02071,1939.47,5,UPI,Bengaluru,Android,0,0,0,5,752,4302.38,0,0
TXN0008328,CUST01071,961.51,21,UPI,Jaipur,Android,0,0,0,3,607,1108.93,1,0
TXN0008329,CUST00729,867.81,16,Credit Card,Noida,Web,1,0,0,1,148,565.9,1,0
TXN0008330,CUST01730,1196.46,10,Credit Card,Chennai,Web,1,0,0,6,1523,637.41,0,0
TXN0008331,CUST02192,884.35,2,UPI,Jaipur,iOS,0,0,2,4,262,1570.95,0,0
TXN0008332,CUST00668,3565.86,17,Debit Card,Delhi,Android,0,0,1,3,1042,1602.09,0,0
TXN0008333,CUST01613,863.15,12,Credit Card,Gurugram,Android,0,0,0,5,627,2852.81,0,0
TXN0008334,CUST00681,729.7,21,Debit Card,Delhi,Android,0,0,1,7,227,603.52,1,0
TXN0008335,CUST00973,10545.67,1,UPI,Gurugram,Android,0,0,1,2,1397,2346.43,0,0
TXN0008336,CUST02133,4704.53,2,Debit Card,Jaipur,Android,0,0,3,1,59,1188.99,0,0
TXN0008337,CUST02464,279.79,22,UPI,Pune,iOS,0,0,0,4,545,1326.1,1,0
TXN0008338,CUST00827,837.8,22,UPI,Kolkata,Android,0,0,2,4,637,519.67,1,0
TXN0008339,CUST00297,2293.89,1,UPI,Delhi,Android,0,0,1,3,764,1998.83,0,0
TXN0008340,CUST01254,2488.16,18,UPI,Jaipur,Web,0,0,0,1,525,1106.08,0,0
TXN0008341,CUST02426,405.47,9,UPI,Delhi,Android,0,0,0,3,123,688.38,1,0
TXN0008342,CUST02469,5733.65,18,UPI,Chennai,Android,0,0,0,3,564,1314.87,1,0
TXN0008343,CUST02153,4108.31,20,Net Banking,Mumbai,iOS,0,0,0,4,762,890.09,1,0
TXN0008344,CUST01729,2914.47,6,Wallet,Jaipur,Web,0,0,2,3,1140,1313.22,0,0
TXN0008345,CUST02025,6990.24,9,Debit Card,Chennai,Android,0,0,0,6,817,3719.18,1,0
TXN0008346,CUST00330,2829.43,1,Credit Card,Chennai,Web,0,0,2,5,45,2277.63,0,0
TXN0008347,CUST02487,2818.96,2,Debit Card,Pune,Android,0,0,0,2,522,1396.68,0,0
TXN0008348,CUST01156,8546.02,1,UPI,Gurugram,iOS,1,0,0,6,697,3070.21,0,0
TXN0008349,CUST01891,5414.1,19,Credit Card,Pune,Android,0,0,0,4,2144,1055.49,0,0
TXN0008350,CUST00382,775.91,10,UPI,Jaipur,Android,0,0,3,6,84,1051.14,0,0
TXN0008351,CUST02186,3390.52,14,UPI,Delhi,Android,0,0,0,7,200,2701.08,0,0
TXN0008352,CUST00843,926.37,19,UPI,Chennai,iOS,0,0,0,3,984,1612.53,0,0
TXN0008353,CUST02318,2980.05,14,Credit Card,Mumbai,iOS,0,0,0,4,542,1137.84,1,0
TXN0008354,CUST00396,2899.1,13,UPI,Noida,Web,0,0,0,2,223,882.91,1,0
TXN0008355,CUST00450,451.27,0,Debit Card,Kolkata,Android,0,0,1,3,692,1984.36,1,0
TXN0008356,CUST01355,1593.51,15,Wallet,Pune,iOS,0,0,1,1,201,3094.98,0,0
TXN0008357,CUST01987,2346.78,7,UPI,Mumbai,Android,0,0,0,3,121,679.85,1,0
TXN0008358,CUST01309,1163.57,19,UPI,Bengaluru,Android,0,0,0,2,65,937.64,0,0
TXN0008359,CUST01298,2465.75,9,Debit Card,Gurugram,Android,0,0,0,5,535,493.82,0,0
TXN0008360,CUST02068,4029.67,17,UPI,Gurugram,Android,0,0,0,2,190,3791.41,1,0
TXN0008361,CUST02287,1745.77,17,Wallet,Kolkata,Android,0,0,1,3,639,990.58,0,0
TXN0008362,CUST01294,2253.28,16,Wallet,Mumbai,Web,0,0,1,5,782,639.49,0,0
TXN0008363,CUST02466,7179.36,10,UPI,Kolkata,Android,0,0,1,2,1035,1045.46,0,0
TXN0008364,CUST01850,2889.21,10,UPI,Delhi,Android,0,0,0,2,385,4773.52,0,0
TXN0008365,CUST00186,2200.34,20,Net Banking,Gurugram,iOS,0,0,1,5,111,6108.4,1,0
TXN0008366,CUST01234,690.53,0,Net Banking,Gurugram,Android,0,0,0,7,118,1308.02,0,0
TXN0008367,CUST01438,3521.24,8,UPI,Pune,Android,0,0,0,4,260,2409.86,1,0
TXN0008368,CUST00253,2504.12,16,UPI,Jaipur,Android,1,0,1,6,664,1577.74,1,0
TXN0008369,CUST00019,6498.21,19,Credit Card,Delhi,Android,1,0,1,6,1416,1828.42,0,0
TXN0008370,CUST01160,1886.39,11,UPI,Noida,Web,0,0,0,3,1669,1152.2,1,0
TXN0008371,CUST00223,292.74,17,Wallet,Pune,Web,0,0,1,2,170,1218.36,0,0
TXN0008372,CUST00003,328.79,15,Debit Card,Gurugram,Android,0,0,3,1,97,2461.35,1,0
TXN0008373,CUST01260,3756.42,4,Credit Card,Gurugram,Android,0,0,0,4,1167,502.49,1,0
TXN0008374,CUST00854,1017.75,16,UPI,Kolkata,Android,0,0,0,1,701,678.81,0,0
TXN0008375,CUST01489,2785.85,19,Debit Card,Hyderabad,Android,0,0,1,3,323,1347.75,0,0
TXN0008376,CUST00228,2017.82,23,UPI,Delhi,Android,0,0,0,2,71,2352.09,0,0
TXN0008377,CUST01678,1523.4,1,UPI,Bengaluru,Android,0,0,2,4,283,717.67,1,0
TXN0008378,CUST00499,1634.64,17,Credit Card,Pune,iOS,0,0,0,4,10,1785.32,1,0
TXN0008379,CUST01886,757.6,12,Credit Card,Delhi,Android,0,0,0,6,1279,1723.12,0,0
TXN0008380,CUST02016,1771.82,0,Debit Card,Hyderabad,Android,1,0,0,3,862,1300.79,0,0
TXN0008381,CUST01163,1003.3,16,Wallet,Noida,Android,0,0,1,11,448,922.0,0,0
TXN0008382,CUST01300,1240.52,7,UPI,Noida,Android,1,0,1,5,465,1705.81,0,0
TXN0008383,CUST02339,1302.31,12,UPI,Pune,Android,0,1,0,3,88,1514.15,0,0
TXN0008384,CUST01077,1434.9,9,UPI,Pune,Web,0,0,0,5,1441,2295.08,0,0
TXN0008385,CUST00715,4526.55,11,UPI,Bengaluru,Android,0,0,0,3,167,288.68,0,0
TXN0008386,CUST00948,1580.9,14,Debit Card,Kolkata,Android,0,0,0,1,68,447.42,1,0
TXN0008387,CUST00870,5010.27,11,Credit Card,Noida,Android,0,1,0,1,1000,216.71,0,0
TXN0008388,CUST01071,8378.27,15,Wallet,Mumbai,Android,0,0,1,7,654,5237.73,1,1
TXN0008389,CUST00094,4232.24,9,Credit Card,Chennai,Android,0,0,0,5,96,1486.6,0,0
TXN0008390,CUST00560,3071.77,17,UPI,Pune,Android,0,0,0,1,10,3602.78,1,0
TXN0008391,CUST01776,2495.82,20,UPI,Delhi,Android,0,0,1,8,903,485.54,0,0
TXN0008392,CUST02261,4276.54,9,UPI,Chennai,Android,0,0,1,6,1271,2264.77,0,0
TXN0008393,CUST00436,1968.26,14,UPI,Bengaluru,iOS,0,1,0,2,637,7060.43,0,0
TXN0008394,CUST00852,4817.99,17,UPI,Bengaluru,Android,0,0,1,4,1132,2778.87,0,0
TXN0008395,CUST00205,3326.41,15,UPI,Pune,Web,0,0,0,3,660,2509.8,1,0
TXN0008396,CUST02429,1256.02,11,Net Banking,Delhi,Web,1,0,0,4,2418,2186.75,0,0
TXN0008397,CUST01100,4408.95,17,UPI,Chennai,Web,0,0,1,3,2253,870.36,0,0
TXN0008398,CUST00077,1972.43,1,Credit Card,Chennai,Android,0,0,0,4,1139,2040.97,0,0
TXN0008399,CUST00816,1618.75,12,UPI,Chennai,iOS,0,0,2,4,632,1807.29,0,0
TXN0008400,CUST00768,1118.05,15,UPI,Bengaluru,Android,0,0,1,4,49,922.3,0,0
TXN0008401,CUST02458,2125.07,0,UPI,Pune,Android,0,0,1,4,962,2707.83,0,0
TXN0008402,CUST00106,4875.63,14,UPI,Delhi,Web,0,0,0,4,763,1032.49,0,0
TXN0008403,CUST02136,4378.59,17,Credit Card,Jaipur,Android,0,0,2,5,1120,1474.04,1,0
TXN0008404,CUST01747,2563.01,18,Credit Card,Delhi,Android,0,0,1,3,1858,2578.23,1,0
TXN0008405,CUST01466,3278.65,7,Credit Card,Mumbai,iOS,0,0,1,3,3000,4359.06,0,0
TXN0008406,CUST00245,6420.42,23,Credit Card,Hyderabad,Android,0,0,1,2,64,2927.39,0,0
TXN0008407,CUST01406,1549.33,16,Debit Card,Jaipur,Web,1,0,1,2,10,1519.6,1,0
TXN0008408,CUST00982,590.0,11,Wallet,Gurugram,Android,1,1,0,3,777,4375.05,1,0
TXN0008409,CUST01737,6612.2,9,Debit Card,Jaipur,iOS,0,1,1,3,1291,1622.8,0,0
TXN0008410,CUST00142,1059.72,16,UPI,Noida,Web,0,0,2,4,506,1051.28,1,0
TXN0008411,CUST00893,902.53,20,Net Banking,Jaipur,iOS,0,0,1,1,37,1267.78,0,0
TXN0008412,CUST01392,298.67,15,Net Banking,Mumbai,Web,0,0,0,4,963,1664.66,0,0
TXN0008413,CUST02400,3186.97,17,Debit Card,Delhi,Android,0,0,0,2,123,2169.53,1,0
TXN0008414,CUST00545,355.7,11,Credit Card,Hyderabad,Android,0,0,2,1,395,1383.42,1,0
TXN0008415,CUST02200,850.04,12,UPI,Chennai,iOS,0,0,1,1,278,1575.5,0,0
TXN0008416,CUST01470,3241.46,10,Debit Card,Mumbai,iOS,0,0,1,2,408,1044.04,1,0
TXN0008417,CUST00763,3705.09,18,Wallet,Jaipur,Android,0,0,1,1,101,725.95,0,0
TXN0008418,CUST00624,938.08,11,Debit Card,Pune,iOS,0,0,1,1,670,3062.6,0,0
TXN0008419,CUST00656,1574.02,8,Credit Card,Noida,Android,0,0,0,4,315,985.83,1,0
TXN0008420,CUST02498,752.16,11,UPI,Chennai,Android,1,0,0,4,290,4840.16,0,0
TXN0008421,CUST01248,1040.18,20,UPI,Hyderabad,Android,0,0,3,2,117,1282.07,0,0
TXN0008422,CUST00043,2349.03,18,Debit Card,Kolkata,iOS,0,0,0,1,581,557.48,1,0
TXN0008423,CUST02312,1089.96,11,UPI,Chennai,Web,0,0,0,2,647,584.93,0,0
TXN0008424,CUST01027,1409.97,21,Credit Card,Noida,iOS,0,1,1,3,50,1912.34,0,0
TXN0008425,CUST01661,416.06,5,Debit Card,Kolkata,iOS,1,0,1,4,1040,916.46,0,0
TXN0008426,CUST01292,5588.68,2,UPI,Chennai,Android,0,0,1,2,1307,9544.13,0,0
TXN0008427,CUST00596,2997.72,7,UPI,Noida,Android,0,0,1,3,2718,1451.84,0,0
TXN0008428,CUST01013,3977.65,7,Debit Card,Delhi,iOS,0,0,0,6,254,3278.68,0,0
TXN0008429,CUST02225,6541.8,6,UPI,Noida,Android,0,1,0,3,560,2562.87,0,0
TXN0008430,CUST02111,788.66,17,UPI,Bengaluru,iOS,1,0,0,3,77,1779.4,1,0
TXN0008431,CUST00958,1257.84,16,Debit Card,Delhi,Android,1,0,1,6,326,1630.4,0,0
TXN0008432,CUST00561,270.62,17,Debit Card,Gurugram,Android,0,0,2,6,1174,1054.73,0,0
TXN0008433,CUST01331,41604.55,17,Wallet,Pune,iOS,1,0,2,2,766,1807.89,0,1
TXN0008434,CUST01313,1549.92,18,Credit Card,Noida,Web,0,0,2,4,434,1778.9,0,0
TXN0008435,CUST01822,5086.12,8,UPI,Jaipur,Android,0,0,0,6,1097,683.98,0,0
TXN0008436,CUST01551,521.85,16,Debit Card,Hyderabad,Android,0,0,1,1,1065,364.87,0,0
TXN0008437,CUST00850,4875.27,16,Credit Card,Mumbai,Web,0,0,0,2,1435,1034.6,0,0
TXN0008438,CUST01279,11534.9,22,Credit Card,Pune,iOS,0,1,1,1,134,1825.39,1,0
TXN0008439,CUST01534,1694.7,9,UPI,Mumbai,Web,0,0,0,2,156,1041.46,0,0
TXN0008440,CUST01815,655.02,3,UPI,Delhi,Android,0,0,0,4,2236,3168.81,0,0
TXN0008441,CUST01742,1566.73,17,Credit Card,Kolkata,Android,0,0,0,6,424,1002.31,0,0
TXN0008442,CUST00606,194.18,18,UPI,Kolkata,Android,0,0,1,3,627,4414.42,0,0
TXN0008443,CUST01487,1733.08,10,UPI,Pune,Android,0,0,1,2,1420,3490.7,0,0
TXN0008444,CUST01295,4090.85,15,Net Banking,Mumbai,Android,0,1,0,4,470,1118.03,0,0
TXN0008445,CUST00746,1736.77,3,UPI,Chennai,Android,0,0,0,4,97,1268.55,0,0
TXN0008446,CUST00558,1354.79,22,UPI,Delhi,Web,0,0,0,1,291,1018.18,0,0
TXN0008447,CUST02112,3050.65,7,UPI,Mumbai,Android,0,0,1,1,436,1641.49,0,0
TXN0008448,CUST00942,3293.04,4,Credit Card,Chennai,iOS,0,0,1,5,386,553.91,0,0
TXN0008449,CUST02297,342.28,2,Wallet,Chennai,Web,0,0,3,3,3000,1636.64,0,0
TXN0008450,CUST01270,1967.2,13,Debit Card,Kolkata,Android,0,1,0,4,158,738.83,0,0
TXN0008451,CUST00940,20568.73,6,Debit Card,Chennai,Android,0,0,0,4,862,1448.93,0,0
TXN0008452,CUST01611,473.68,18,Debit Card,Pune,Android,0,0,0,6,19,6342.02,1,0
TXN0008453,CUST02205,1652.63,21,Wallet,Mumbai,Web,0,0,0,2,272,1017.59,1,0
TXN0008454,CUST01726,12547.64,9,UPI,Chennai,iOS,0,0,0,3,61,874.66,0,0
TXN0008455,CUST00985,5430.12,16,UPI,Noida,Android,0,0,1,3,503,748.84,0,0
TXN0008456,CUST01588,1077.23,2,UPI,Delhi,Web,0,0,0,1,201,1990.74,0,0
TXN0008457,CUST01337,2212.06,12,UPI,Jaipur,Android,0,1,1,4,585,2077.88,1,0
TXN0008458,CUST01875,1796.2,10,Credit Card,Kolkata,Android,0,0,1,4,531,3510.91,0,0
TXN0008459,CUST00662,851.9,9,UPI,Noida,iOS,1,0,0,9,434,7151.53,1,0
TXN0008460,CUST00033,1671.19,17,Credit Card,Chennai,iOS,0,0,1,7,1118,738.8,0,0
TXN0008461,CUST01817,1360.46,7,UPI,Hyderabad,Android,0,0,1,2,348,606.88,1,0
TXN0008462,CUST02121,2014.83,20,UPI,Delhi,Android,0,0,3,1,840,1070.12,1,0
TXN0008463,CUST01890,851.64,17,UPI,Gurugram,Android,1,1,0,6,334,1343.35,0,0
TXN0008464,CUST01157,502.16,18,Debit Card,Mumbai,Android,0,1,2,3,1895,1158.96,0,0
TXN0008465,CUST00061,1727.21,21,Credit Card,Chennai,iOS,0,0,0,4,104,1208.92,0,0
TXN0008466,CUST01544,10003.2,22,Net Banking,Kolkata,iOS,0,0,3,4,795,1648.57,0,0
TXN0008467,CUST00272,1954.22,15,Debit Card,Noida,Android,0,0,0,1,40,1621.16,1,0
TXN0008468,CUST02294,1292.0,14,Credit Card,Jaipur,Web,0,0,1,3,104,3466.11,0,0
TXN0008469,CUST01200,3826.2,11,UPI,Hyderabad,iOS,0,0,0,6,452,580.94,0,0
TXN0008470,CUST01807,1536.44,18,Debit Card,Jaipur,Android,0,0,0,5,362,2149.02,1,0
TXN0008471,CUST01155,11655.98,15,Debit Card,Delhi,Android,0,0,0,4,1930,1576.48,0,0
TXN0008472,CUST01126,1792.97,21,UPI,Kolkata,Android,0,0,0,7,10,1792.34,0,0
TXN0008473,CUST00310,3626.56,9,UPI,Jaipur,Web,0,1,2,5,545,3328.12,0,0
TXN0008474,CUST01316,846.35,10,Credit Card,Gurugram,iOS,0,0,0,2,229,924.33,1,0
TXN0008475,CUST01746,2976.88,10,UPI,Delhi,Android,0,0,1,1,398,3050.38,0,0
TXN0008476,CUST00338,2369.98,19,Wallet,Delhi,Web,0,0,0,3,486,561.86,1,0
TXN0008477,CUST00010,1701.11,6,Credit Card,Kolkata,Android,1,0,1,2,466,3605.81,0,0
TXN0008478,CUST00049,1089.84,13,UPI,Gurugram,Web,1,1,1,2,1924,1889.06,0,0
TXN0008479,CUST01511,951.0,13,UPI,Chennai,Android,0,0,1,3,2597,2942.84,0,0
TXN0008480,CUST01345,2387.24,4,Debit Card,Hyderabad,Android,0,0,0,3,421,1864.45,1,0
TXN0008481,CUST00731,3376.12,12,Debit Card,Pune,iOS,0,0,0,1,308,1346.63,0,0
TXN0008482,CUST00795,1585.06,14,Credit Card,Gurugram,Android,0,1,0,5,769,3503.03,0,0
TXN0008483,CUST01649,2399.01,4,Credit Card,Mumbai,iOS,0,0,1,5,438,3612.72,0,0
TXN0008484,CUST00133,1733.03,14,Credit Card,Chennai,iOS,0,0,0,5,798,1911.47,0,0
TXN0008485,CUST02131,1986.38,22,UPI,Hyderabad,iOS,1,1,0,2,289,1786.89,1,0
TXN0008486,CUST02105,1473.06,23,Wallet,Bengaluru,Web,0,0,1,4,376,3894.07,1,0
TXN0008487,CUST00376,1832.64,15,UPI,Chennai,Android,1,1,0,6,50,597.15,0,0
TXN0008488,CUST02397,26731.09,14,UPI,Kolkata,Web,1,0,0,2,641,4237.47,0,0
TXN0008489,CUST00271,2458.18,10,UPI,Bengaluru,iOS,0,1,0,1,1029,3971.26,0,0
TXN0008490,CUST01507,3431.8,23,UPI,Bengaluru,Android,0,0,2,6,117,523.91,0,0
TXN0008491,CUST02159,2789.35,10,UPI,Pune,Android,0,0,0,4,1814,821.93,1,0
TXN0008492,CUST00076,1383.99,13,Credit Card,Chennai,Web,0,0,1,5,2420,1785.19,1,0
TXN0008493,CUST01957,6565.15,0,UPI,Bengaluru,Android,0,0,0,3,514,1637.25,0,0
TXN0008494,CUST01667,1345.31,11,Wallet,Delhi,iOS,0,0,0,3,49,1984.07,0,0
TXN0008495,CUST00329,5169.84,4,Credit Card,Jaipur,Android,0,0,2,3,952,2295.13,0,0
TXN0008496,CUST02170,1288.63,18,UPI,Mumbai,Android,1,0,1,6,377,1527.81,0,0
TXN0008497,CUST00041,689.23,15,UPI,Bengaluru,Web,0,0,1,4,1202,388.01,0,0
TXN0008498,CUST01191,2593.95,16,UPI,Hyderabad,Android,1,0,1,4,996,357.18,0,0
TXN0008499,CUST02327,596.38,10,UPI,Chennai,iOS,0,0,0,1,528,1301.8,0,0
TXN0008500,CUST02057,3075.38,19,UPI,Jaipur,Android,0,0,2,2,21,898.61,0,0
TXN0008501,CUST00013,545.33,0,UPI,Gurugram,Web,0,0,1,2,538,3739.64,0,0
TXN0008502,CUST00924,1308.37,11,UPI,Hyderabad,iOS,0,0,0,6,861,2759.22,1,0
TXN0008503,CUST01843,430.01,17,UPI,Gurugram,Android,0,0,0,2,638,850.65,0,0
TXN0008504,CUST01233,30324.43,21,UPI,Chennai,Android,0,0,0,6,637,2292.28,1,1
TXN0008505,CUST01215,344.32,9,Debit Card,Bengaluru,Android,0,0,2,3,872,3848.04,0,0
TXN0008506,CUST00653,1817.75,15,UPI,Kolkata,Android,1,0,1,2,452,928.12,0,0
TXN0008507,CUST01704,5646.81,15,Credit Card,Noida,iOS,1,0,0,3,869,4511.18,0,0
TXN0008508,CUST00621,5074.22,20,UPI,Gurugram,Android,0,0,0,4,150,1455.67,0,0
TXN0008509,CUST01963,4217.02,2,UPI,Gurugram,Web,0,0,1,5,313,1211.32,0,0
TXN0008510,CUST01646,1310.7,13,Debit Card,Pune,Android,0,0,0,5,645,6104.31,0,0
TXN0008511,CUST02244,6950.93,8,UPI,Gurugram,Android,0,0,1,1,107,861.24,0,0
TXN0008512,CUST00417,4486.97,0,UPI,Bengaluru,Android,0,0,0,5,872,1184.39,0,0
TXN0008513,CUST00664,2225.73,7,Credit Card,Mumbai,Android,0,0,2,1,528,5483.42,0,0
TXN0008514,CUST01779,2289.58,23,UPI,Chennai,Android,0,1,0,5,788,1053.51,1,0
TXN0008515,CUST01380,1328.25,9,UPI,Kolkata,Android,0,0,0,5,1183,1393.89,0,0
TXN0008516,CUST00148,724.8,21,UPI,Kolkata,Web,0,0,0,3,2061,1159.04,0,0
TXN0008517,CUST02046,6202.41,8,UPI,Pune,Web,1,0,0,4,205,1224.24,1,1
TXN0008518,CUST01389,6685.86,21,UPI,Bengaluru,Android,0,0,0,5,948,999.88,0,0
TXN0008519,CUST02412,743.55,17,Net Banking,Pune,iOS,1,0,0,3,268,1214.63,0,0
TXN0008520,CUST01726,1543.42,7,Credit Card,Delhi,Web,0,0,0,5,398,3597.46,0,0
TXN0008521,CUST00402,1559.5,16,Credit Card,Bengaluru,iOS,0,0,1,3,567,2053.67,0,0
TXN0008522,CUST01516,1742.17,10,Debit Card,Mumbai,Android,0,0,0,1,162,2388.04,0,0
TXN0008523,CUST02032,1919.53,12,Debit Card,Hyderabad,iOS,1,0,0,4,143,807.94,0,0
TXN0008524,CUST00229,4639.69,13,Credit Card,Noida,Android,0,0,2,5,537,1221.64,0,0
TXN0008525,CUST01599,852.63,13,Debit Card,Bengaluru,Android,1,0,0,2,721,227.49,1,0
TXN0008526,CUST00268,772.16,17,UPI,Pune,Android,0,0,3,8,1864,1834.05,1,0
TXN0008527,CUST01429,6199.11,19,UPI,Jaipur,iOS,0,0,0,4,503,3928.43,0,0
TXN0008528,CUST01817,1133.31,11,Debit Card,Delhi,Android,0,0,1,2,537,944.81,0,0
TXN0008529,CUST01035,509.03,21,Wallet,Hyderabad,Android,0,0,0,3,321,1170.67,0,0
TXN0008530,CUST01344,1108.11,22,UPI,Chennai,Web,1,0,1,4,919,1650.96,0,0
TXN0008531,CUST00126,1293.99,2,Credit Card,Chennai,Web,0,0,2,3,798,704.1,0,0
TXN0008532,CUST02354,8522.84,0,Debit Card,Delhi,Android,0,0,0,5,126,1212.08,0,0
TXN0008533,CUST01726,4538.57,13,UPI,Gurugram,iOS,0,0,1,9,291,1518.95,1,0
TXN0008534,CUST01113,5670.67,16,Wallet,Chennai,iOS,0,0,1,3,87,610.61,0,0
TXN0008535,CUST01376,4086.79,10,Credit Card,Gurugram,Android,0,0,1,6,69,339.99,0,0
TXN0008536,CUST00689,4636.83,9,Credit Card,Kolkata,Android,0,0,0,5,1609,3078.2,0,0
TXN0008537,CUST01281,904.57,17,UPI,Chennai,Android,0,0,1,1,655,1509.54,0,0
TXN0008538,CUST01233,1475.78,16,UPI,Gurugram,Web,0,0,2,3,1354,778.46,1,0
TXN0008539,CUST00281,668.89,8,UPI,Chennai,Web,0,0,0,2,511,2383.62,0,0
TXN0008540,CUST00443,1458.34,20,UPI,Jaipur,Android,0,0,1,7,178,3134.76,1,0
TXN0008541,CUST01864,3567.59,17,Credit Card,Gurugram,Android,0,1,0,4,181,756.76,0,0
TXN0008542,CUST00837,2059.31,11,Debit Card,Chennai,Web,0,0,1,3,167,1662.81,1,0
TXN0008543,CUST00389,6681.0,17,Credit Card,Delhi,iOS,0,0,0,2,227,1720.02,1,0
TXN0008544,CUST00617,574.86,7,UPI,Kolkata,Android,0,1,0,4,137,8001.82,0,0
TXN0008545,CUST00147,2968.41,13,UPI,Chennai,Android,1,0,0,1,90,1296.03,0,0
TXN0008546,CUST00521,516.58,8,Credit Card,Chennai,iOS,1,0,2,7,1376,1948.92,0,0
TXN0008547,CUST00630,1977.76,2,UPI,Pune,Android,0,0,1,4,512,930.24,0,0
TXN0008548,CUST02482,3773.94,11,Net Banking,Pune,iOS,0,0,0,4,148,1374.94,0,0
TXN0008549,CUST02192,1452.5,8,Debit Card,Kolkata,iOS,0,0,2,2,509,2910.53,1,0
TXN0008550,CUST00289,3123.37,17,Debit Card,Noida,iOS,0,0,1,4,170,1658.4,1,0
TXN0008551,CUST01410,689.39,17,UPI,Delhi,Android,0,0,1,3,689,620.66,0,0
TXN0008552,CUST00014,340.99,7,Debit Card,Jaipur,iOS,0,1,0,1,1300,786.33,0,0
TXN0008553,CUST00257,3141.86,1,UPI,Bengaluru,Android,0,0,1,5,107,4010.13,0,0
TXN0008554,CUST01722,10296.43,19,Credit Card,Pune,iOS,0,0,0,2,480,2878.37,0,0
TXN0008555,CUST01424,664.81,0,UPI,Delhi,Android,0,0,0,3,276,1163.68,0,0
TXN0008556,CUST01231,6110.33,11,Credit Card,Chennai,Android,1,0,0,3,1046,1168.51,0,0
TXN0008557,CUST00858,1879.88,14,UPI,Chennai,Android,0,0,1,1,29,4963.08,0,0
TXN0008558,CUST01196,473.36,19,UPI,Jaipur,iOS,1,0,1,3,713,2438.26,0,0
TXN0008559,CUST00464,580.59,20,UPI,Gurugram,iOS,0,0,1,4,621,1591.57,0,0
TXN0008560,CUST00270,1828.64,18,UPI,Mumbai,iOS,0,0,0,1,908,1538.84,0,0
TXN0008561,CUST01245,1201.2,9,Credit Card,Kolkata,Android,1,0,0,1,481,6838.05,1,0
TXN0008562,CUST01207,484.26,18,Net Banking,Gurugram,Android,0,0,0,4,353,904.59,1,0
TXN0008563,CUST00072,330.8,9,Debit Card,Noida,Android,1,0,1,3,176,2305.57,1,0
TXN0008564,CUST01307,771.87,9,UPI,Delhi,Android,0,0,2,2,1264,2057.11,0,0
TXN0008565,CUST02122,2184.96,15,UPI,Delhi,iOS,1,1,0,2,1344,1287.85,0,0
TXN0008566,CUST02403,1788.52,17,UPI,Mumbai,Android,0,0,0,3,412,781.57,1,0
TXN0008567,CUST01751,1090.4,3,UPI,Delhi,Android,0,0,0,6,1421,1341.14,0,0
TXN0008568,CUST00497,2202.68,3,Net Banking,Noida,Web,0,1,0,5,24,8272.89,0,0
TXN0008569,CUST00988,5092.73,19,UPI,Kolkata,iOS,0,0,1,3,1109,2638.38,0,0
TXN0008570,CUST00910,2669.56,20,Debit Card,Pune,iOS,0,0,2,3,983,5429.25,0,0
TXN0008571,CUST00373,1594.37,16,Debit Card,Mumbai,Web,0,0,2,5,1032,2341.61,1,0
TXN0008572,CUST00362,4553.33,13,Credit Card,Gurugram,Android,0,0,0,2,623,1367.36,1,0
TXN0008573,CUST02141,689.31,20,Net Banking,Delhi,iOS,0,0,1,3,502,2303.78,0,0
TXN0008574,CUST01345,1437.44,18,UPI,Delhi,Android,0,0,2,1,1075,2675.67,0,0
TXN0008575,CUST00324,1472.11,16,UPI,Mumbai,Android,1,0,0,3,878,1123.8,0,0
TXN0008576,CUST02432,522.48,10,Wallet,Kolkata,Android,0,0,1,2,1659,1464.09,0,0
TXN0008577,CUST00575,1182.83,8,Credit Card,Jaipur,Android,0,0,0,2,1031,1249.92,0,0
TXN0008578,CUST00736,226.01,12,UPI,Delhi,Android,0,0,0,3,241,501.78,1,0
TXN0008579,CUST02394,12182.06,10,UPI,Bengaluru,Android,0,1,0,3,98,2744.16,0,0
TXN0008580,CUST01216,704.95,11,Debit Card,Jaipur,Web,0,0,2,3,103,910.76,1,0
TXN0008581,CUST01696,8792.52,14,UPI,Noida,Web,1,0,1,1,1167,1942.24,1,0
TXN0008582,CUST01908,1869.87,8,Wallet,Kolkata,Web,0,0,1,2,802,6687.91,0,0
TXN0008583,CUST00719,3166.58,19,UPI,Noida,Web,0,0,2,5,2546,610.83,1,0
TXN0008584,CUST00781,1104.05,7,Credit Card,Pune,Web,0,1,0,5,1348,860.53,1,0
TXN0008585,CUST01020,2216.03,14,Credit Card,Noida,Android,1,0,1,8,1557,1219.94,1,0
TXN0008586,CUST01404,3449.66,18,Credit Card,Chennai,Android,1,0,1,2,687,3524.21,0,0
TXN0008587,CUST01427,3498.52,14,UPI,Gurugram,Android,1,0,1,3,204,687.68,0,0
TXN0008588,CUST00664,3906.18,11,Debit Card,Jaipur,iOS,0,0,1,3,392,1506.3,0,0
TXN0008589,CUST01773,1245.4,14,Credit Card,Delhi,iOS,0,0,0,1,19,1241.26,1,0
TXN0008590,CUST00011,1113.41,20,Debit Card,Kolkata,Android,0,1,0,8,615,2305.29,0,0
TXN0008591,CUST02235,365.54,23,UPI,Pune,Android,0,0,0,4,159,2098.04,0,0
TXN0008592,CUST01039,3037.41,17,UPI,Noida,Android,0,0,1,2,1544,780.31,0,0
TXN0008593,CUST02459,5313.05,19,UPI,Mumbai,Android,1,0,0,5,252,1092.65,1,0
TXN0008594,CUST00585,9059.09,0,UPI,Delhi,iOS,0,0,0,1,394,1682.28,0,0
TXN0008595,CUST01076,2442.35,20,Debit Card,Delhi,Android,0,0,0,5,343,417.44,0,0
TXN0008596,CUST01375,836.36,22,Credit Card,Mumbai,Web,0,0,0,3,382,2497.8,1,0
TXN0008597,CUST01452,329.79,16,Debit Card,Chennai,Web,0,0,0,3,1462,859.74,0,0
TXN0008598,CUST01855,5101.09,18,UPI,Kolkata,Android,0,0,0,2,443,4137.44,1,0
TXN0008599,CUST01790,298.65,14,UPI,Gurugram,Web,1,0,1,2,635,2115.09,0,0
TXN0008600,CUST00743,1280.41,10,Wallet,Hyderabad,Web,0,0,1,4,775,1065.04,0,0
TXN0008601,CUST01777,1438.33,20,Wallet,Gurugram,iOS,0,0,0,3,927,1652.78,1,0
TXN0008602,CUST00204,1679.22,16,Wallet,Bengaluru,Web,0,0,0,3,96,1585.44,1,0
TXN0008603,CUST01077,1865.61,16,Debit Card,Pune,Android,0,0,1,5,29,1283.91,0,0
TXN0008604,CUST00974,2066.66,17,Debit Card,Gurugram,Web,0,0,0,8,245,1417.38,0,0
TXN0008605,CUST01399,160.8,20,Wallet,Delhi,Android,0,1,2,6,60,900.34,0,0
TXN0008606,CUST01866,1826.57,18,Debit Card,Hyderabad,Web,0,0,0,3,791,1798.74,0,0
TXN0008607,CUST01300,193.63,9,Net Banking,Chennai,Android,0,0,1,3,1161,1133.75,1,0
TXN0008608,CUST01055,3743.44,13,UPI,Pune,iOS,1,0,0,7,536,3518.18,1,0
TXN0008609,CUST01159,1033.2,23,Wallet,Noida,Android,0,0,1,4,251,381.42,1,0
TXN0008610,CUST00105,208.2,15,Credit Card,Mumbai,Android,0,0,0,7,215,1858.63,0,0
TXN0008611,CUST00253,797.38,22,UPI,Pune,Web,1,0,1,5,435,1988.4,1,0
TXN0008612,CUST00295,1017.87,19,UPI,Kolkata,iOS,0,1,1,2,1250,1124.65,0,0
TXN0008613,CUST01182,5920.89,17,Debit Card,Pune,Web,1,1,0,5,101,1147.95,0,1
TXN0008614,CUST00549,2191.15,11,Credit Card,Hyderabad,Android,1,0,0,3,958,2975.5,0,0
TXN0008615,CUST01778,2540.17,10,Net Banking,Pune,Web,0,0,0,6,153,1133.04,0,0
TXN0008616,CUST00299,5865.03,17,UPI,Hyderabad,iOS,0,0,0,2,149,544.12,0,0
TXN0008617,CUST01749,1635.0,13,UPI,Gurugram,Android,0,0,1,6,123,1765.97,0,0
TXN0008618,CUST01844,3826.59,19,UPI,Delhi,iOS,1,0,1,2,97,1483.36,0,0
TXN0008619,CUST00101,3566.72,19,Credit Card,Gurugram,Android,0,1,1,3,48,2144.52,0,0
TXN0008620,CUST02380,497.24,10,Credit Card,Hyderabad,Web,0,0,0,3,1318,2647.32,0,0
TXN0008621,CUST01775,7852.02,18,Debit Card,Bengaluru,Android,0,1,0,1,68,1126.31,0,0
TXN0008622,CUST02441,434.95,14,UPI,Chennai,iOS,0,0,1,3,161,2536.25,0,0
TXN0008623,CUST00874,4504.84,11,UPI,Bengaluru,iOS,0,0,0,1,916,369.47,1,0
TXN0008624,CUST02429,394.84,12,UPI,Delhi,iOS,0,0,2,1,54,1259.28,1,0
TXN0008625,CUST00092,3283.87,21,Wallet,Noida,iOS,0,0,2,6,125,1307.33,0,0
TXN0008626,CUST00447,11584.89,11,UPI,Gurugram,Web,0,0,0,3,156,1927.31,0,0
TXN0008627,CUST00109,1454.71,10,UPI,Pune,Android,1,0,0,2,630,2140.55,0,0
TXN0008628,CUST00317,1392.96,11,UPI,Mumbai,Android,0,0,0,3,836,732.94,0,0
TXN0008629,CUST01836,3314.23,9,Debit Card,Pune,Android,0,0,0,6,679,811.25,0,0
TXN0008630,CUST01944,1294.84,15,UPI,Pune,Android,0,0,0,2,427,1281.22,1,0
TXN0008631,CUST01459,11090.24,7,UPI,Pune,Android,0,0,0,1,3000,1532.22,1,0
TXN0008632,CUST00442,2181.43,19,Debit Card,Jaipur,iOS,1,0,0,3,727,843.96,1,0
TXN0008633,CUST02266,1306.85,9,Net Banking,Gurugram,Android,0,0,0,3,192,2483.71,1,0
TXN0008634,CUST01246,1048.65,16,Credit Card,Hyderabad,Web,0,1,0,5,1170,4056.56,0,0
TXN0008635,CUST01552,708.11,7,UPI,Mumbai,Android,0,0,1,2,464,1536.53,0,0
TXN0008636,CUST00278,960.82,23,Credit Card,Noida,Android,0,0,2,7,1056,1576.7,0,0
TXN0008637,CUST00569,1267.58,13,Net Banking,Pune,Android,0,1,0,4,10,1512.29,1,1
TXN0008638,CUST01010,1105.33,19,Credit Card,Jaipur,Android,0,0,1,8,856,1982.11,0,0
TXN0008639,CUST00839,932.03,19,UPI,Delhi,Android,0,0,1,1,554,1644.9,0,0
TXN0008640,CUST01608,14682.08,18,UPI,Pune,iOS,0,0,1,3,811,2601.36,0,0
TXN0008641,CUST00030,642.55,19,Net Banking,Mumbai,Android,0,1,1,6,764,478.53,0,0
TXN0008642,CUST02407,2084.27,6,Debit Card,Hyderabad,Android,1,0,1,4,92,2599.04,0,0
TXN0008643,CUST01943,3255.38,17,Debit Card,Mumbai,Android,0,0,1,3,1020,4873.91,0,0
TXN0008644,CUST02134,3380.06,9,UPI,Hyderabad,Android,0,0,2,4,13,828.5,0,1
TXN0008645,CUST01258,1697.54,19,Credit Card,Kolkata,iOS,0,0,1,5,365,347.32,1,0
TXN0008646,CUST02361,1414.94,22,UPI,Noida,Android,0,1,2,3,176,994.43,0,0
TXN0008647,CUST00365,2827.33,21,UPI,Bengaluru,Android,1,0,0,3,528,1518.96,0,0
TXN0008648,CUST01801,2349.75,7,Wallet,Delhi,Android,1,0,1,2,812,1327.21,1,0
TXN0008649,CUST01823,1389.34,11,UPI,Jaipur,Web,0,0,0,1,1481,1583.6,0,0
TXN0008650,CUST01863,377.54,11,UPI,Delhi,Android,0,0,1,1,51,1585.33,1,0
TXN0008651,CUST00905,1127.34,7,Wallet,Jaipur,Android,0,0,1,2,523,1118.09,1,0
TXN0008652,CUST00698,571.92,6,UPI,Kolkata,iOS,0,0,0,5,263,1024.53,0,0
TXN0008653,CUST02179,923.7,12,Debit Card,Delhi,Web,0,0,0,1,175,2532.7,1,0
TXN0008654,CUST01856,1860.81,23,Credit Card,Bengaluru,Android,0,0,1,7,51,786.51,0,0
TXN0008655,CUST00351,2576.73,15,Wallet,Chennai,iOS,1,0,1,2,155,658.23,0,0
TXN0008656,CUST00180,10678.58,16,Debit Card,Chennai,Web,0,0,1,5,372,3372.49,1,0
TXN0008657,CUST01504,1051.67,14,Debit Card,Hyderabad,Android,0,0,2,1,10,2661.0,1,0
TXN0008658,CUST01187,3905.6,17,UPI,Noida,Web,0,0,2,4,529,1357.7,1,0
TXN0008659,CUST01807,2444.27,22,Credit Card,Bengaluru,iOS,1,0,2,6,66,2510.91,1,0
TXN0008660,CUST00774,6578.35,16,Net Banking,Noida,Android,0,0,2,1,513,1569.02,0,0
TXN0008661,CUST00510,3202.77,4,UPI,Pune,Web,0,0,1,2,284,8725.06,1,0
TXN0008662,CUST00365,656.59,14,Debit Card,Hyderabad,Android,0,0,0,5,892,1374.89,1,0
TXN0008663,CUST00353,321.34,23,UPI,Jaipur,iOS,0,0,0,2,346,6521.16,0,0
TXN0008664,CUST01107,2457.26,12,UPI,Bengaluru,Web,0,0,0,3,1721,1928.64,1,0
TXN0008665,CUST01249,1061.13,16,UPI,Jaipur,Android,0,0,1,6,236,886.49,0,0
TXN0008666,CUST00412,675.35,6,UPI,Jaipur,Android,1,0,0,2,469,1263.48,0,0
TXN0008667,CUST00735,506.72,7,Net Banking,Mumbai,Android,0,0,1,3,790,1273.08,0,0
TXN0008668,CUST00118,2114.38,20,Wallet,Pune,Android,0,0,1,3,148,1422.45,0,0
TXN0008669,CUST00482,8129.46,10,Credit Card,Delhi,iOS,1,0,0,5,10,1418.17,0,1
TXN0008670,CUST00192,1196.16,10,Debit Card,Jaipur,iOS,1,0,2,3,922,1055.0,1,0
TXN0008671,CUST00107,3248.06,12,Credit Card,Noida,Android,0,0,1,2,208,1584.85,0,0
TXN0008672,CUST00382,1625.02,22,Debit Card,Chennai,iOS,0,0,1,1,104,2986.17,0,0
TXN0008673,CUST00783,495.79,5,Debit Card,Kolkata,Android,0,0,0,1,538,1196.71,0,0
TXN0008674,CUST02438,3753.16,19,UPI,Kolkata,Android,0,1,0,6,280,801.45,0,0
TXN0008675,CUST00244,602.36,11,UPI,Jaipur,Web,1,0,1,8,185,4567.7,0,0
TXN0008676,CUST00468,1839.35,20,Credit Card,Pune,Android,0,0,0,1,736,4207.73,0,0
TXN0008677,CUST00866,1279.24,23,Net Banking,Chennai,Android,0,0,0,3,2061,1392.78,1,0
TXN0008678,CUST01562,4396.74,11,Debit Card,Mumbai,Web,0,0,0,3,449,3006.66,0,0
TXN0008679,CUST01234,624.77,7,Wallet,Bengaluru,Android,0,0,0,5,898,2131.59,0,0
TXN0008680,CUST00604,2660.88,7,Debit Card,Bengaluru,iOS,0,0,1,2,1105,1524.99,0,0
TXN0008681,CUST01661,777.24,18,Credit Card,Chennai,Android,0,0,0,1,397,1672.94,1,0
TXN0008682,CUST01097,1079.7,7,Wallet,Mumbai,Android,0,0,1,6,423,1313.22,1,0
TXN0008683,CUST02016,50.0,9,UPI,Delhi,Android,0,0,1,1,759,1123.0,0,0
TXN0008684,CUST01659,14583.42,8,UPI,Hyderabad,iOS,0,0,0,1,1555,1905.4,0,0
TXN0008685,CUST01734,3121.59,11,Debit Card,Jaipur,Web,0,0,0,3,1017,2965.71,1,0
TXN0008686,CUST01614,835.64,5,UPI,Bengaluru,iOS,0,0,0,3,914,3653.42,0,0
TXN0008687,CUST00860,584.58,20,UPI,Bengaluru,Android,0,0,0,6,896,2410.26,1,1
TXN0008688,CUST01880,1096.52,20,Credit Card,Jaipur,Android,0,0,0,1,381,1824.79,0,0
TXN0008689,CUST01277,3686.46,12,UPI,Pune,Android,1,0,0,2,1182,768.52,1,0
TXN0008690,CUST00013,271.36,16,Net Banking,Gurugram,Android,0,0,0,6,265,5511.85,0,0
TXN0008691,CUST02347,1562.37,17,Net Banking,Jaipur,Android,0,0,0,5,561,3046.72,1,0
TXN0008692,CUST01100,10574.32,18,Credit Card,Jaipur,Android,0,0,2,3,88,1965.99,0,0
TXN0008693,CUST01075,579.17,15,Credit Card,Mumbai,Android,0,0,0,4,629,522.33,0,0
TXN0008694,CUST00787,1950.67,14,Debit Card,Chennai,Web,0,0,1,5,831,511.05,0,0
TXN0008695,CUST00149,16298.88,17,UPI,Mumbai,iOS,0,0,0,2,317,1761.74,0,0
TXN0008696,CUST01755,3386.98,18,UPI,Pune,Android,0,0,0,2,431,877.2,0,0
TXN0008697,CUST02170,2041.55,11,Debit Card,Delhi,Android,0,0,1,4,10,413.09,0,1
TXN0008698,CUST01304,2987.46,11,Debit Card,Delhi,Web,1,0,1,2,1407,857.99,1,0
TXN0008699,CUST01180,1205.53,10,UPI,Gurugram,Web,1,0,2,3,1010,1712.82,0,0
TXN0008700,CUST02424,6602.3,15,Debit Card,Jaipur,iOS,0,0,0,2,793,1182.66,1,0
TXN0008701,CUST00082,1207.38,11,Credit Card,Chennai,Android,0,0,0,5,42,1531.46,0,0
TXN0008702,CUST00492,253.75,15,UPI,Gurugram,iOS,0,0,0,5,147,1461.14,0,0
TXN0008703,CUST02404,1217.12,12,Credit Card,Noida,Web,0,0,0,5,2710,8246.65,1,0
TXN0008704,CUST02026,684.58,20,UPI,Gurugram,Android,0,1,1,2,368,2139.82,0,0
TXN0008705,CUST00925,1358.79,4,UPI,Gurugram,Web,0,1,0,2,1258,3744.89,0,0
TXN0008706,CUST01297,1389.16,16,Debit Card,Noida,Web,0,0,1,6,679,815.9,0,0
TXN0008707,CUST01604,5960.83,16,Wallet,Bengaluru,Android,0,0,0,3,996,2202.72,0,0
TXN0008708,CUST01597,3607.73,12,UPI,Kolkata,Android,0,0,1,2,564,3836.14,0,0
TXN0008709,CUST00123,2342.11,13,Wallet,Hyderabad,iOS,0,0,0,4,127,1256.82,0,0
TXN0008710,CUST00708,1794.71,19,UPI,Noida,Android,0,0,0,5,433,1470.77,1,0
TXN0008711,CUST02378,624.33,10,UPI,Kolkata,Android,0,0,1,1,1102,1426.26,1,0
TXN0008712,CUST00991,203.24,20,UPI,Gurugram,Web,0,0,1,5,1446,908.39,0,0
TXN0008713,CUST02371,2015.66,21,UPI,Noida,Android,0,0,1,5,735,1873.09,0,0
TXN0008714,CUST02041,3984.56,17,UPI,Bengaluru,Android,0,0,0,3,667,609.04,0,0
TXN0008715,CUST02481,1615.19,19,Wallet,Chennai,Android,0,0,1,10,595,605.94,0,0
TXN0008716,CUST00710,1054.36,16,UPI,Bengaluru,Android,0,0,0,3,502,1530.93,0,0
TXN0008717,CUST00794,2864.2,15,UPI,Gurugram,iOS,0,0,1,3,1324,3241.32,1,0
TXN0008718,CUST00712,1656.08,22,Debit Card,Delhi,Android,0,0,0,4,879,3005.77,1,0
TXN0008719,CUST01718,9713.64,10,UPI,Kolkata,Android,0,0,2,3,759,742.54,0,0
TXN0008720,CUST00257,6175.04,8,Debit Card,Gurugram,Android,0,0,0,3,316,571.61,0,0
TXN0008721,CUST01213,4698.74,10,UPI,Bengaluru,Android,0,1,0,5,371,6898.03,0,0
TXN0008722,CUST00871,3840.19,16,UPI,Kolkata,Web,0,0,2,5,343,1409.96,0,0
TXN0008723,CUST01732,495.4,8,Debit Card,Kolkata,Android,1,0,2,6,3000,544.55,1,0
TXN0008724,CUST00809,3493.07,21,UPI,Mumbai,Android,0,1,0,1,1527,1173.74,0,0
TXN0008725,CUST00271,2622.46,12,UPI,Chennai,Android,0,0,0,5,67,1234.58,1,0
TXN0008726,CUST01544,3300.95,20,UPI,Jaipur,iOS,0,0,0,4,382,2468.42,0,0
TXN0008727,CUST00550,2945.85,9,UPI,Kolkata,Android,0,0,0,1,185,4125.16,1,0
TXN0008728,CUST01138,2830.77,10,Debit Card,Mumbai,iOS,0,0,0,2,213,2793.56,0,0
TXN0008729,CUST00568,26806.73,3,UPI,Jaipur,Android,0,0,0,6,10,3883.86,0,0
TXN0008730,CUST00359,1667.96,9,Credit Card,Jaipur,Android,0,0,0,4,85,2469.09,0,0
TXN0008731,CUST01674,4591.12,14,Credit Card,Mumbai,Android,0,1,1,3,533,1188.75,0,0
TXN0008732,CUST01638,1123.89,22,UPI,Pune,Android,0,0,0,3,645,701.09,0,0
TXN0008733,CUST01358,3968.66,12,Wallet,Mumbai,Android,0,0,2,1,1852,3181.94,0,0
TXN0008734,CUST01713,4604.83,17,Net Banking,Jaipur,Android,0,0,1,5,1046,1782.23,0,0
TXN0008735,CUST01363,2591.44,13,Credit Card,Delhi,Android,0,0,0,2,173,1028.64,1,0
TXN0008736,CUST00798,9554.7,2,UPI,Bengaluru,Android,0,0,0,2,456,568.29,0,0
TXN0008737,CUST01285,743.42,14,Credit Card,Delhi,iOS,0,0,2,1,131,2036.23,0,0
TXN0008738,CUST00887,1105.8,4,UPI,Pune,Android,0,0,0,5,375,966.85,1,0
TXN0008739,CUST01759,2225.91,20,Credit Card,Hyderabad,Android,0,1,0,3,875,1393.09,0,0
TXN0008740,CUST01223,4343.12,18,UPI,Mumbai,Android,0,0,2,2,857,2776.33,0,0
TXN0008741,CUST02259,2153.76,12,Debit Card,Kolkata,iOS,0,0,0,1,887,1083.1,0,0
TXN0008742,CUST00287,6511.34,17,UPI,Kolkata,Android,0,0,0,2,139,1470.94,0,0
TXN0008743,CUST01716,928.76,7,Net Banking,Noida,Android,1,0,0,3,330,617.94,1,0
TXN0008744,CUST01786,575.34,18,UPI,Kolkata,Android,0,0,0,1,729,1254.13,0,0
TXN0008745,CUST00743,2449.58,19,Debit Card,Delhi,Web,0,0,1,3,65,713.07,0,0
TXN0008746,CUST01506,1666.3,19,Wallet,Bengaluru,iOS,0,0,1,4,244,2311.94,0,0
TXN0008747,CUST02041,3097.67,10,UPI,Delhi,iOS,0,0,0,4,561,939.01,1,0
TXN0008748,CUST01047,1751.35,9,Wallet,Mumbai,Android,0,0,0,2,432,1725.36,0,0
TXN0008749,CUST00296,1281.16,15,UPI,Delhi,iOS,0,0,0,3,45,985.64,0,0
TXN0008750,CUST02054,1670.04,22,Net Banking,Gurugram,iOS,1,0,0,4,755,846.9,0,0
TXN0008751,CUST00681,1852.68,21,Net Banking,Kolkata,Android,0,0,0,2,281,803.8,0,0
TXN0008752,CUST01892,1326.85,11,UPI,Gurugram,Web,0,0,1,6,1628,910.84,0,0
TXN0008753,CUST00795,1469.11,19,Debit Card,Noida,Web,0,0,0,3,192,1293.17,0,0
TXN0008754,CUST00203,1202.25,21,UPI,Jaipur,Android,0,0,0,5,2364,3313.4,0,0
TXN0008755,CUST00325,4239.53,9,UPI,Mumbai,Web,0,1,0,1,1260,1481.91,0,0
TXN0008756,CUST02292,2185.42,20,UPI,Delhi,Android,0,0,0,3,809,1238.91,0,0
TXN0008757,CUST00327,17193.63,10,UPI,Chennai,Android,0,0,0,5,149,1998.54,0,0
TXN0008758,CUST00987,2113.81,11,Credit Card,Kolkata,Android,0,0,0,2,663,2487.42,0,0
TXN0008759,CUST00761,1037.62,8,UPI,Mumbai,Android,0,0,2,3,100,3018.78,1,0
TXN0008760,CUST01037,26009.5,14,Debit Card,Hyderabad,Web,0,0,0,6,552,4699.15,0,0
TXN0008761,CUST00907,2722.13,20,UPI,Kolkata,iOS,1,0,1,3,717,1710.13,0,0
TXN0008762,CUST01404,4844.83,15,Net Banking,Gurugram,Android,0,0,1,2,240,1653.0,1,0
TXN0008763,CUST00365,3254.02,7,UPI,Pune,iOS,1,0,0,1,3000,422.63,0,1
TXN0008764,CUST01245,3356.16,9,UPI,Kolkata,iOS,0,1,1,4,54,3817.64,0,0
TXN0008765,CUST02121,3075.42,15,Debit Card,Noida,Android,0,0,1,2,551,1517.37,1,0
TXN0008766,CUST01649,597.92,16,Wallet,Noida,Android,0,0,0,4,765,4482.09,1,0
TXN0008767,CUST01070,2599.49,16,Debit Card,Gurugram,Web,0,0,0,1,93,1851.73,1,0
TXN0008768,CUST00274,478.51,5,Credit Card,Jaipur,Web,0,0,0,4,1380,1098.51,0,0
TXN0008769,CUST02256,1511.99,18,UPI,Mumbai,Web,0,0,1,5,496,7904.95,0,0
TXN0008770,CUST01953,871.25,21,UPI,Kolkata,Android,1,0,1,3,1990,982.15,0,0
TXN0008771,CUST01885,2573.47,14,Credit Card,Mumbai,Android,1,0,0,5,372,1401.43,1,0
TXN0008772,CUST00124,2514.1,18,UPI,Kolkata,iOS,0,0,1,5,1727,566.51,0,0
TXN0008773,CUST01353,2912.27,21,UPI,Gurugram,iOS,0,0,1,6,504,1058.69,1,0
TXN0008774,CUST01692,2399.07,17,Credit Card,Hyderabad,iOS,0,0,0,7,148,460.02,1,0
TXN0008775,CUST02108,981.14,17,Debit Card,Chennai,Android,0,0,0,2,349,568.67,1,0
TXN0008776,CUST00442,1386.5,18,Debit Card,Chennai,Android,0,0,0,5,355,1353.73,1,0
TXN0008777,CUST01241,4518.51,9,UPI,Mumbai,Android,0,0,2,2,1296,2770.97,0,0
TXN0008778,CUST00911,5236.45,16,Credit Card,Bengaluru,Android,0,0,0,2,445,679.07,1,0
TXN0008779,CUST01026,571.78,20,UPI,Jaipur,Android,0,0,2,3,1007,1573.91,0,0
TXN0008780,CUST01560,389.4,10,UPI,Delhi,Web,0,0,0,6,1030,1314.92,1,0
TXN0008781,CUST01742,870.14,21,Debit Card,Bengaluru,Android,1,0,2,1,424,472.17,1,0
TXN0008782,CUST01735,5119.18,16,Debit Card,Chennai,Android,0,0,1,3,62,2857.86,0,0
TXN0008783,CUST00626,6065.83,13,Debit Card,Gurugram,Web,0,0,0,2,982,3686.16,1,0
TXN0008784,CUST01691,713.96,16,UPI,Delhi,Android,0,0,0,2,1687,1730.18,0,0
TXN0008785,CUST00998,2447.57,12,Wallet,Pune,Android,0,0,0,5,2241,1021.0,1,0
TXN0008786,CUST00091,11270.83,20,UPI,Mumbai,Android,0,0,1,3,181,253.34,0,0
TXN0008787,CUST02215,2726.72,14,Wallet,Pune,iOS,1,0,0,5,92,1468.04,0,0
TXN0008788,CUST00207,7458.02,21,UPI,Jaipur,Android,0,0,1,6,94,3339.66,0,0
TXN0008789,CUST01089,4886.68,14,UPI,Pune,Web,0,0,2,4,689,774.55,0,0
TXN0008790,CUST01912,724.4,17,UPI,Delhi,iOS,0,0,0,4,1712,1584.73,0,0
TXN0008791,CUST00516,1488.55,23,UPI,Chennai,iOS,0,0,0,2,51,1447.72,0,0
TXN0008792,CUST01181,1863.66,7,Credit Card,Jaipur,Android,1,0,2,8,372,3150.19,0,0
TXN0008793,CUST01793,1997.55,18,Net Banking,Mumbai,Web,0,0,0,7,753,2187.76,0,1
TXN0008794,CUST02354,4500.17,7,UPI,Delhi,iOS,0,0,0,3,993,883.07,0,0
TXN0008795,CUST01902,2708.71,20,Credit Card,Gurugram,iOS,0,0,0,4,366,1713.26,1,0
TXN0008796,CUST02006,95.52,16,Wallet,Pune,Web,0,0,0,1,10,5531.26,1,0
TXN0008797,CUST00395,484.3,22,Credit Card,Delhi,Web,0,0,2,4,84,1963.63,0,0
TXN0008798,CUST01098,201.98,20,UPI,Jaipur,Android,0,0,3,5,50,1268.95,0,0
TXN0008799,CUST00187,2145.03,5,Net Banking,Gurugram,Android,0,0,0,6,456,2165.05,0,0
TXN0008800,CUST01598,2289.36,7,UPI,Gurugram,Android,0,0,0,4,757,668.71,0,0
TXN0008801,CUST01592,2389.33,16,Credit Card,Kolkata,Android,0,0,1,2,818,1181.78,0,0
TXN0008802,CUST00730,689.95,15,Debit Card,Gurugram,Web,1,0,2,6,239,1848.84,0,0
TXN0008803,CUST00240,3532.23,8,UPI,Delhi,Android,0,0,0,3,152,1081.4,0,0
TXN0008804,CUST00141,3684.18,7,Debit Card,Bengaluru,Android,0,0,0,4,401,1685.15,0,0
TXN0008805,CUST00139,513.06,15,UPI,Noida,Android,0,0,0,3,411,1866.27,0,0
TXN0008806,CUST00070,415.51,2,UPI,Bengaluru,Web,0,1,2,2,1228,1807.2,1,1
TXN0008807,CUST00385,1799.76,20,UPI,Noida,Web,1,1,0,3,1171,2419.74,1,0
TXN0008808,CUST00630,10800.25,19,Net Banking,Bengaluru,iOS,0,0,1,6,109,1819.12,0,0
TXN0008809,CUST02246,9850.57,19,Wallet,Hyderabad,iOS,1,0,1,1,43,2942.58,0,0
TXN0008810,CUST00205,3161.96,0,UPI,Hyderabad,iOS,1,0,1,6,352,820.32,0,0
TXN0008811,CUST01750,867.44,2,UPI,Chennai,iOS,0,0,0,4,524,2357.29,0,0
TXN0008812,CUST00568,4369.42,15,UPI,Jaipur,Android,0,0,2,5,1647,1499.36,0,0
TXN0008813,CUST00982,1144.95,23,Credit Card,Jaipur,iOS,1,0,0,5,1281,2269.39,0,0
TXN0008814,CUST00805,835.5,11,Wallet,Hyderabad,iOS,0,0,1,5,1003,2829.08,1,0
TXN0008815,CUST01711,210.94,11,Net Banking,Kolkata,iOS,0,0,0,4,1786,732.16,0,0
TXN0008816,CUST00882,1994.05,7,Debit Card,Hyderabad,Android,0,1,1,4,729,2742.62,0,0
TXN0008817,CUST02036,958.79,17,Credit Card,Delhi,Web,0,0,2,4,104,1554.03,0,0
TXN0008818,CUST00974,1982.22,17,UPI,Chennai,iOS,1,0,1,5,1309,1168.62,0,0
TXN0008819,CUST00640,180.58,6,UPI,Noida,iOS,0,0,2,5,722,825.73,1,0
TXN0008820,CUST01455,2133.18,13,Credit Card,Pune,Web,0,0,2,1,877,647.81,0,0
TXN0008821,CUST00325,158.29,17,Credit Card,Hyderabad,Android,0,0,2,4,479,1460.44,0,0
TXN0008822,CUST00442,5342.68,14,Debit Card,Hyderabad,Android,0,0,0,4,1022,1357.49,0,0
TXN0008823,CUST00804,3033.38,17,UPI,Delhi,Android,0,0,0,5,62,2794.45,0,0
TXN0008824,CUST02336,1362.23,19,UPI,Jaipur,iOS,1,0,1,1,725,1784.05,1,0
TXN0008825,CUST00226,3159.79,17,UPI,Delhi,Android,0,0,0,4,341,1105.14,1,0
TXN0008826,CUST01088,676.86,16,Net Banking,Bengaluru,iOS,0,0,2,7,129,2863.76,0,0
TXN0008827,CUST00967,1935.11,20,Debit Card,Hyderabad,Web,0,0,1,6,308,2571.52,0,0
TXN0008828,CUST00560,3985.09,21,UPI,Hyderabad,iOS,0,0,0,2,1184,3187.71,0,0
TXN0008829,CUST00714,81.55,12,Wallet,Mumbai,Android,0,1,3,2,156,1901.33,1,0
TXN0008830,CUST00498,1150.92,8,UPI,Gurugram,Android,0,0,0,1,615,793.09,0,0
TXN0008831,CUST02108,1759.7,19,UPI,Noida,Web,1,0,1,1,861,1223.32,1,0
TXN0008832,CUST00257,1479.19,9,UPI,Bengaluru,iOS,0,0,1,8,239,1985.4,1,0
TXN0008833,CUST00577,7728.3,21,Credit Card,Mumbai,Android,0,0,2,2,184,1139.61,1,0
TXN0008834,CUST02287,585.02,1,Credit Card,Delhi,iOS,0,0,0,6,704,1625.31,0,0
TXN0008835,CUST00038,967.18,21,Credit Card,Jaipur,Android,0,0,1,8,55,8033.72,0,0
TXN0008836,CUST02073,264.98,16,Credit Card,Gurugram,Android,1,0,1,6,488,419.79,1,0
TXN0008837,CUST00410,8150.45,19,UPI,Chennai,Android,0,0,2,6,1262,1068.35,0,0
TXN0008838,CUST00461,1407.05,12,UPI,Noida,Android,0,0,0,1,555,4121.55,1,0
TXN0008839,CUST01441,1161.11,23,Debit Card,Hyderabad,Android,0,1,0,4,282,1439.3,0,0
TXN0008840,CUST02405,1707.97,9,Debit Card,Mumbai,iOS,0,0,0,2,884,3226.65,0,0
TXN0008841,CUST00383,3400.84,9,UPI,Chennai,Android,0,0,1,2,272,2511.94,0,0
TXN0008842,CUST01833,2547.6,2,UPI,Noida,Android,0,0,1,7,173,4415.94,0,0
TXN0008843,CUST00569,25423.42,22,UPI,Pune,Android,0,0,0,6,55,533.45,0,0
TXN0008844,CUST01072,2834.09,13,UPI,Noida,iOS,0,0,0,2,1217,1343.48,1,0
TXN0008845,CUST00433,1130.37,17,UPI,Bengaluru,Android,0,0,0,3,616,2862.39,0,0
TXN0008846,CUST00056,1026.78,17,Credit Card,Chennai,iOS,1,0,2,2,384,2003.77,0,0
TXN0008847,CUST02316,1215.34,20,Debit Card,Mumbai,Android,0,0,0,4,620,1798.35,0,0
TXN0008848,CUST02117,400.9,17,UPI,Bengaluru,Android,1,0,0,3,105,3606.02,1,0
TXN0008849,CUST01752,1873.21,15,Debit Card,Kolkata,Android,0,0,0,1,16,1132.89,0,0
TXN0008850,CUST02048,3940.29,18,Debit Card,Delhi,iOS,0,1,1,2,981,1084.49,0,0
TXN0008851,CUST00902,974.75,18,UPI,Noida,Android,0,0,1,5,1403,718.3,0,0
TXN0008852,CUST01625,802.85,8,Credit Card,Chennai,Android,1,0,1,1,63,1162.08,0,0
TXN0008853,CUST00257,8196.7,7,UPI,Mumbai,Android,0,0,0,4,332,1255.39,0,0
TXN0008854,CUST00672,432.27,5,Credit Card,Bengaluru,iOS,0,0,0,3,1409,1433.94,0,0
TXN0008855,CUST00490,227.63,12,UPI,Hyderabad,Web,0,0,0,4,997,2659.3,0,0
TXN0008856,CUST02097,568.29,14,UPI,Mumbai,iOS,0,0,0,5,309,322.23,0,0
TXN0008857,CUST01683,385.72,16,Credit Card,Jaipur,Android,0,0,2,3,60,1323.64,0,0
TXN0008858,CUST00316,2648.55,22,UPI,Chennai,iOS,0,1,0,5,233,1764.92,0,0
TXN0008859,CUST02461,1254.93,11,UPI,Kolkata,Android,1,0,0,1,1004,1494.77,0,0
TXN0008860,CUST00434,1444.99,19,UPI,Gurugram,Web,1,0,0,6,161,2675.85,0,0
TXN0008861,CUST01026,5701.45,15,UPI,Delhi,Web,0,0,0,3,1600,2233.2,0,0
TXN0008862,CUST01976,901.63,9,Debit Card,Jaipur,iOS,0,0,0,4,271,1503.51,1,0
TXN0008863,CUST01980,3907.42,16,UPI,Pune,Web,0,0,0,5,1149,529.26,0,0
TXN0008864,CUST01390,8158.9,22,UPI,Pune,Android,1,0,2,4,333,1791.6,0,0
TXN0008865,CUST00420,1141.25,7,UPI,Delhi,Android,0,0,1,1,456,2512.56,0,0
TXN0008866,CUST01597,3761.47,14,UPI,Mumbai,Android,0,0,1,5,954,3589.18,0,0
TXN0008867,CUST01585,1413.36,2,Credit Card,Noida,iOS,1,0,0,3,227,4038.96,0,0
TXN0008868,CUST00844,4535.27,11,UPI,Pune,Android,0,0,0,3,10,1341.22,0,0
TXN0008869,CUST01468,373.92,16,Debit Card,Delhi,Android,0,0,0,2,114,901.43,0,0
TXN0008870,CUST00434,347.24,20,Credit Card,Jaipur,Android,0,0,1,1,282,1002.79,0,0
TXN0008871,CUST01579,1217.16,18,UPI,Jaipur,Web,0,0,0,1,1869,1440.07,1,0
TXN0008872,CUST02105,739.98,13,Credit Card,Pune,Android,0,0,0,5,1570,1873.99,0,0
TXN0008873,CUST00964,1073.66,21,Credit Card,Jaipur,Android,0,0,1,3,1921,1451.14,0,0
TXN0008874,CUST00977,1445.22,10,UPI,Kolkata,Android,0,0,2,2,1288,2322.28,0,0
TXN0008875,CUST00046,3698.03,18,UPI,Mumbai,Android,0,0,0,5,857,1157.31,1,0
TXN0008876,CUST01194,1197.37,14,UPI,Hyderabad,Android,0,0,0,5,10,1472.87,0,0
TXN0008877,CUST00417,789.72,21,UPI,Kolkata,Android,0,0,3,5,349,1839.35,1,0
TXN0008878,CUST00848,1266.52,19,UPI,Pune,Android,0,0,0,4,2053,1810.75,0,0
TXN0008879,CUST02187,834.14,21,Credit Card,Noida,Android,0,0,2,4,70,3065.3,0,0
TXN0008880,CUST00247,707.36,9,Debit Card,Pune,iOS,0,0,1,5,784,2869.14,1,0
TXN0008881,CUST00230,358.71,17,Debit Card,Mumbai,Web,1,0,1,2,813,3245.13,1,0
TXN0008882,CUST00792,1929.51,18,Credit Card,Delhi,Android,0,0,1,2,144,728.25,0,0
TXN0008883,CUST00637,1019.26,18,Debit Card,Chennai,Android,0,1,1,6,1581,1475.82,1,0
TXN0008884,CUST02422,4730.66,14,Credit Card,Jaipur,Android,0,0,1,1,144,1819.4,0,0
TXN0008885,CUST00738,423.33,0,Net Banking,Jaipur,Android,0,0,1,6,1725,1821.5,0,0
TXN0008886,CUST01089,1046.76,9,UPI,Gurugram,Android,0,0,0,1,550,1221.8,0,0
TXN0008887,CUST00088,11030.83,11,UPI,Mumbai,iOS,0,0,2,2,10,1830.15,0,0
TXN0008888,CUST00713,703.4,20,UPI,Kolkata,iOS,0,0,0,2,567,2261.05,0,0
TXN0008889,CUST01750,1420.85,20,Credit Card,Gurugram,iOS,0,0,0,5,486,718.1,1,0
TXN0008890,CUST01228,533.63,6,UPI,Hyderabad,Android,0,1,0,6,639,429.24,0,0
TXN0008891,CUST01937,467.37,22,UPI,Hyderabad,Android,0,0,1,1,444,1870.76,1,0
TXN0008892,CUST01406,8457.87,8,Credit Card,Jaipur,Web,0,0,1,2,541,2358.55,1,0
TXN0008893,CUST00601,2135.77,12,Net Banking,Chennai,Android,0,0,1,7,538,4428.99,0,0
TXN0008894,CUST01500,2057.45,9,Net Banking,Pune,Android,0,0,2,4,1059,3290.92,0,0
TXN0008895,CUST00214,330.04,20,Debit Card,Kolkata,Android,0,0,1,4,649,1163.32,0,0
TXN0008896,CUST02122,2576.75,18,UPI,Gurugram,iOS,0,0,1,2,193,1085.95,1,0
TXN0008897,CUST02109,5727.1,11,Wallet,Pune,Web,1,0,1,1,30,1739.95,0,0
TXN0008898,CUST00698,5681.78,17,Wallet,Bengaluru,Android,0,0,0,4,310,613.05,0,0
TXN0008899,CUST01243,3511.77,8,Wallet,Mumbai,iOS,0,0,0,5,637,860.64,0,0
TXN0008900,CUST02060,581.76,12,Credit Card,Pune,Web,0,0,1,1,152,627.84,0,0
TXN0008901,CUST02080,2461.84,12,UPI,Gurugram,Android,0,0,0,4,2156,13394.23,0,0
TXN0008902,CUST01184,3509.14,9,UPI,Bengaluru,Android,0,0,0,3,2638,1292.98,0,0
TXN0008903,CUST01001,299.2,20,Wallet,Hyderabad,Web,0,0,0,3,365,6414.77,1,0
TXN0008904,CUST00237,586.55,17,UPI,Bengaluru,Android,0,1,1,1,1984,530.24,0,0
TXN0008905,CUST01205,4375.16,10,UPI,Kolkata,Android,1,0,1,5,817,2722.97,0,0
TXN0008906,CUST01482,4322.49,9,Credit Card,Hyderabad,Web,0,0,1,1,640,610.63,0,0
TXN0008907,CUST01104,382.59,0,UPI,Pune,Android,0,1,1,4,854,2087.53,0,0
TXN0008908,CUST00647,3986.08,11,Wallet,Pune,Web,0,0,0,8,687,1483.67,1,0
TXN0008909,CUST00473,1979.99,15,UPI,Gurugram,Android,0,0,2,2,1059,1712.02,1,0
TXN0008910,CUST00112,3930.61,10,UPI,Chennai,Web,0,0,2,6,13,1773.21,0,0
TXN0008911,CUST01846,954.34,18,Net Banking,Kolkata,iOS,0,0,1,5,1391,2225.95,0,0
TXN0008912,CUST01655,3431.41,12,UPI,Delhi,Android,0,0,2,1,166,775.15,0,0
TXN0008913,CUST00383,4185.46,10,Wallet,Noida,Android,0,0,2,1,474,1193.64,0,0
TXN0008914,CUST00017,1266.75,22,UPI,Mumbai,Android,0,0,1,2,1157,1066.59,1,0
TXN0008915,CUST00493,1832.24,9,Debit Card,Hyderabad,Android,0,0,0,4,242,821.68,0,0
TXN0008916,CUST01897,941.07,12,UPI,Jaipur,iOS,0,0,2,3,2613,1402.59,0,0
TXN0008917,CUST01510,9387.94,12,Credit Card,Kolkata,Web,0,1,2,5,126,3042.11,0,0
TXN0008918,CUST00117,1596.02,9,UPI,Pune,iOS,0,0,1,3,142,512.24,0,0
TXN0008919,CUST01579,715.88,9,Net Banking,Hyderabad,Web,0,0,2,6,423,1924.06,0,0
TXN0008920,CUST00880,879.82,10,UPI,Noida,Web,1,0,1,3,48,880.69,0,1
TXN0008921,CUST02163,2043.28,20,UPI,Kolkata,iOS,0,0,0,6,10,606.28,0,0
TXN0008922,CUST01819,3823.31,19,Wallet,Pune,Web,0,0,0,1,655,648.28,0,0
TXN0008923,CUST01573,473.29,17,Credit Card,Chennai,Android,0,1,1,1,369,1367.66,0,0
TXN0008924,CUST01649,11420.92,13,Credit Card,Chennai,iOS,0,0,0,2,744,2813.97,0,0
TXN0008925,CUST00644,2450.92,14,Credit Card,Kolkata,iOS,0,0,0,6,1868,2194.97,0,0
TXN0008926,CUST01360,2869.8,10,UPI,Pune,Android,0,0,1,6,1719,1871.42,0,0
TXN0008927,CUST00336,1633.29,5,UPI,Hyderabad,Web,0,0,0,1,827,2734.19,1,0
TXN0008928,CUST00147,1835.0,11,Wallet,Kolkata,Android,0,0,1,2,338,3566.89,0,0
TXN0008929,CUST00122,1551.94,14,UPI,Chennai,Android,0,0,3,3,364,2943.77,0,1
TXN0008930,CUST00081,4980.76,3,UPI,Kolkata,Android,0,0,0,1,371,868.56,0,0
TXN0008931,CUST02423,1785.78,6,Debit Card,Kolkata,Android,0,0,0,6,1171,2693.85,0,0
TXN0008932,CUST02111,3876.13,9,UPI,Mumbai,Android,0,0,1,4,1017,1705.73,0,0
TXN0008933,CUST00504,1166.42,11,Debit Card,Hyderabad,iOS,0,0,0,6,734,824.08,0,0
TXN0008934,CUST00668,2188.96,12,UPI,Jaipur,iOS,1,0,2,1,634,772.77,0,0
TXN0008935,CUST02497,805.63,7,Debit Card,Hyderabad,iOS,0,0,0,5,196,747.54,1,0
TXN0008936,CUST01445,6075.81,9,UPI,Kolkata,iOS,0,0,1,6,448,1853.48,0,0
TXN0008937,CUST01346,781.95,9,UPI,Noida,Android,0,0,1,5,248,1351.1,0,0
TXN0008938,CUST01190,1300.58,4,Debit Card,Delhi,Android,1,0,0,3,516,5886.61,0,0
TXN0008939,CUST01621,1313.67,11,UPI,Kolkata,Web,0,0,2,2,1478,1476.54,0,0
TXN0008940,CUST01981,1263.44,4,UPI,Pune,iOS,0,0,0,6,481,694.35,0,0
TXN0008941,CUST01673,3707.22,18,Debit Card,Jaipur,iOS,1,0,1,8,3000,1915.37,1,0
TXN0008942,CUST00459,1311.44,12,Credit Card,Delhi,Android,1,0,0,4,415,917.94,1,0
TXN0008943,CUST01213,7255.15,11,UPI,Noida,Android,0,0,1,2,112,1889.37,0,0
TXN0008944,CUST00464,793.99,7,UPI,Chennai,Web,0,0,0,3,2332,1235.69,0,0
TXN0008945,CUST00912,2132.22,9,Debit Card,Kolkata,Web,1,0,0,3,111,1210.1,0,0
TXN0008946,CUST02427,828.62,9,UPI,Noida,Android,0,0,0,4,515,1799.45,0,0
TXN0008947,CUST01026,2742.2,23,Wallet,Kolkata,Android,0,0,0,4,777,1376.7,1,0
TXN0008948,CUST02412,1771.52,20,UPI,Jaipur,Android,0,0,0,5,397,1126.69,0,0
TXN0008949,CUST00072,1541.45,0,Debit Card,Delhi,Android,0,0,2,3,26,1252.14,1,0
TXN0008950,CUST01451,5907.73,16,UPI,Pune,Android,0,0,1,3,595,942.55,0,0
TXN0008951,CUST01194,935.61,9,UPI,Delhi,iOS,0,0,1,6,2557,2412.31,0,0
TXN0008952,CUST01849,3235.88,6,UPI,Hyderabad,Web,0,0,1,4,687,810.25,1,0
TXN0008953,CUST02385,834.29,18,UPI,Hyderabad,Web,0,0,0,4,567,1097.44,0,0
TXN0008954,CUST02023,2014.7,7,UPI,Noida,Web,0,0,0,1,535,696.89,0,0
TXN0008955,CUST02243,544.55,13,UPI,Pune,iOS,0,0,1,1,268,1427.22,0,0
TXN0008956,CUST01012,927.99,17,Wallet,Kolkata,Android,1,1,0,4,203,4753.59,0,0
TXN0008957,CUST00653,1658.05,15,UPI,Jaipur,Android,0,0,0,4,783,5137.94,0,0
TXN0008958,CUST01299,11050.06,23,Net Banking,Kolkata,Android,0,0,1,2,207,1565.97,0,0
TXN0008959,CUST00007,1990.91,19,UPI,Kolkata,Web,0,1,1,2,1463,2665.27,0,0
TXN0008960,CUST00905,9416.42,19,Credit Card,Jaipur,Web,0,0,0,6,128,3602.96,0,0
TXN0008961,CUST02029,2243.66,11,Debit Card,Mumbai,Android,0,0,0,2,2183,1812.42,0,0
TXN0008962,CUST00616,1222.26,0,Wallet,Pune,Android,0,0,1,4,346,909.94,0,0
TXN0008963,CUST01874,8390.86,18,UPI,Noida,Android,1,0,0,4,60,506.75,0,0
TXN0008964,CUST00770,2786.55,23,Debit Card,Noida,iOS,0,0,1,6,24,4001.86,0,0
TXN0008965,CUST02290,946.55,12,UPI,Hyderabad,Android,0,0,0,6,1067,1322.7,0,0
TXN0008966,CUST01567,2881.64,23,UPI,Kolkata,Web,1,0,0,1,437,4073.23,0,0
TXN0008967,CUST01486,1343.38,7,Debit Card,Gurugram,Android,0,0,0,3,130,1046.87,0,0
TXN0008968,CUST01441,246.29,10,UPI,Noida,Web,1,0,0,4,184,550.88,1,0
TXN0008969,CUST00766,4589.45,8,UPI,Mumbai,Android,0,0,0,4,61,4324.13,1,0
TXN0008970,CUST00384,5380.17,14,UPI,Noida,Android,1,0,0,3,179,1485.15,0,0
TXN0008971,CUST02439,11310.47,19,UPI,Bengaluru,Android,0,0,0,3,50,1716.7,0,0
TXN0008972,CUST00688,2745.41,11,UPI,Hyderabad,Web,0,0,0,4,322,1345.98,0,0
TXN0008973,CUST01150,1403.63,21,Wallet,Bengaluru,Android,0,1,0,3,387,4040.98,0,0
TXN0008974,CUST00047,4148.62,15,UPI,Noida,Web,0,0,1,4,492,3419.43,0,0
TXN0008975,CUST01973,4210.61,13,Debit Card,Hyderabad,Android,0,0,0,1,503,1981.6,1,0
TXN0008976,CUST00464,9263.37,19,Debit Card,Delhi,Web,0,0,0,3,215,3845.51,0,0
TXN0008977,CUST01873,1721.44,6,Credit Card,Gurugram,Android,0,0,0,8,1230,3340.18,1,0
TXN0008978,CUST00123,1525.33,19,Debit Card,Gurugram,Android,0,0,1,5,229,1392.17,0,0
TXN0008979,CUST02182,880.07,9,Credit Card,Delhi,Android,0,0,1,5,523,5953.15,0,0
TXN0008980,CUST01643,3080.98,10,UPI,Noida,Android,0,0,1,4,225,2477.12,1,0
TXN0008981,CUST00841,382.71,16,UPI,Mumbai,Android,0,0,1,4,1054,1279.41,0,0
TXN0008982,CUST01586,3911.32,21,Net Banking,Kolkata,Android,1,0,0,2,3000,3553.49,1,0
TXN0008983,CUST01804,3240.16,16,Net Banking,Delhi,iOS,0,0,0,2,112,890.35,1,0
TXN0008984,CUST00023,3231.21,17,Credit Card,Pune,iOS,0,0,0,3,1860,4179.81,0,0
TXN0008985,CUST00566,2066.82,19,UPI,Jaipur,Android,0,0,0,5,44,820.9,0,0
TXN0008986,CUST01910,8337.51,9,UPI,Jaipur,Web,0,0,0,2,981,2009.87,0,0
TXN0008987,CUST00965,4305.01,19,Credit Card,Noida,Web,0,0,1,5,1720,1379.74,0,0
TXN0008988,CUST02283,980.89,12,Debit Card,Pune,Web,0,0,0,4,631,1766.61,1,0
TXN0008989,CUST00996,998.61,8,Debit Card,Gurugram,iOS,0,0,2,6,237,1811.84,0,0
TXN0008990,CUST01188,746.85,11,Credit Card,Delhi,Android,0,0,1,3,129,1392.68,1,0
TXN0008991,CUST01795,3123.86,9,Debit Card,Gurugram,Android,0,0,1,2,1027,1808.2,1,0
TXN0008992,CUST00826,662.09,9,UPI,Bengaluru,Android,1,0,0,3,61,10717.07,1,0
TXN0008993,CUST00216,5318.43,10,Debit Card,Mumbai,iOS,1,0,1,1,390,1277.88,0,0
TXN0008994,CUST00657,6758.22,8,UPI,Noida,iOS,0,0,1,4,958,2662.46,0,0
TXN0008995,CUST01114,747.34,17,Credit Card,Jaipur,iOS,0,0,2,7,1049,2071.61,0,0
TXN0008996,CUST01988,1495.17,16,UPI,Chennai,iOS,1,0,0,2,258,426.73,1,0
TXN0008997,CUST00311,1830.17,17,UPI,Delhi,Android,0,0,1,7,447,1221.88,0,0
TXN0008998,CUST00557,4356.94,11,UPI,Delhi,iOS,0,1,0,1,96,2193.38,0,0
TXN0008999,CUST02305,8999.15,19,Wallet,Mumbai,Android,1,0,0,3,512,3128.62,0,0
TXN0009000,CUST01557,333.64,7,Credit Card,Kolkata,Android,0,0,1,5,381,870.23,0,0
TXN0009001,CUST00052,1309.45,15,UPI,Mumbai,Android,1,0,0,4,1430,3124.11,0,0
TXN0009002,CUST01362,1379.57,10,Debit Card,Gurugram,Android,1,0,1,4,375,1791.14,0,0
TXN0009003,CUST01195,443.58,15,Credit Card,Pune,Web,0,0,1,5,605,4831.45,0,0
TXN0009004,CUST01649,1108.13,11,Credit Card,Hyderabad,Android,1,0,0,9,275,908.07,0,0
TXN0009005,CUST02348,2760.9,19,Credit Card,Hyderabad,iOS,0,0,0,1,198,1105.99,0,0
TXN0009006,CUST00672,1362.21,21,UPI,Bengaluru,Web,0,1,0,7,82,639.66,1,0
TXN0009007,CUST00778,384.11,18,UPI,Gurugram,Android,0,0,2,4,420,2600.46,1,0
TXN0009008,CUST00832,31876.51,8,UPI,Mumbai,Android,1,0,1,4,450,4303.02,0,0
TXN0009009,CUST02280,2348.94,10,Debit Card,Gurugram,Android,0,0,0,3,301,1555.27,0,0
TXN0009010,CUST01861,2012.71,21,UPI,Bengaluru,Android,1,0,1,3,490,1663.75,0,0
TXN0009011,CUST01530,600.41,13,UPI,Hyderabad,Android,0,0,2,5,531,1039.23,0,0
TXN0009012,CUST02076,2336.12,22,UPI,Gurugram,Android,0,1,1,1,77,1584.59,0,0
TXN0009013,CUST01973,1527.41,12,UPI,Bengaluru,Android,0,0,1,2,183,1692.34,0,0
TXN0009014,CUST01075,272.33,22,Net Banking,Pune,Android,0,0,0,3,1181,2057.94,0,0
TXN0009015,CUST01717,617.26,21,Wallet,Chennai,Android,0,0,1,6,396,1995.58,0,0
TXN0009016,CUST01284,3985.7,17,UPI,Pune,Web,1,0,1,1,255,1310.38,0,0
TXN0009017,CUST00591,12576.18,0,Debit Card,Chennai,iOS,0,0,1,4,44,873.14,1,0
TXN0009018,CUST01987,2598.55,12,Credit Card,Bengaluru,Android,0,0,2,1,426,633.33,1,0
TXN0009019,CUST01002,5424.2,21,Debit Card,Mumbai,Web,0,0,1,2,615,2290.55,0,0
TXN0009020,CUST02232,1540.38,20,UPI,Jaipur,Android,0,0,1,3,500,1775.46,0,0
TXN0009021,CUST01047,1650.77,8,UPI,Gurugram,Android,1,0,0,2,926,1138.14,0,0
TXN0009022,CUST02177,5358.94,12,Wallet,Hyderabad,Android,0,0,2,3,197,765.32,0,0
TXN0009023,CUST02339,9493.09,20,Wallet,Jaipur,iOS,1,0,1,1,31,1160.72,0,0
TXN0009024,CUST01856,6611.98,16,UPI,Pune,Android,0,1,1,5,519,1826.75,0,0
TXN0009025,CUST00501,619.66,20,Wallet,Gurugram,Android,0,0,0,5,157,3491.95,1,0
TXN0009026,CUST02234,1683.42,19,Debit Card,Chennai,iOS,1,0,0,2,120,626.92,0,0
TXN0009027,CUST00479,2375.75,21,UPI,Kolkata,Web,1,0,1,1,628,2037.57,1,0
TXN0009028,CUST01595,1388.34,7,UPI,Chennai,Android,0,1,0,2,458,1550.2,0,0
TXN0009029,CUST00513,2652.88,7,UPI,Gurugram,Android,0,0,0,7,1159,437.32,1,0
TXN0009030,CUST02333,4089.26,5,Debit Card,Mumbai,Web,1,0,0,3,887,7289.16,0,0
TXN0009031,CUST00601,4906.67,21,Net Banking,Bengaluru,Android,0,0,0,5,361,1282.64,0,0
TXN0009032,CUST01441,9714.86,14,Credit Card,Chennai,Android,0,1,1,7,222,902.2,0,1
TXN0009033,CUST01124,1294.79,4,Credit Card,Mumbai,Web,0,0,0,3,2263,686.14,1,0
TXN0009034,CUST00189,460.13,11,Debit Card,Pune,iOS,0,0,0,1,674,1132.26,0,0
TXN0009035,CUST00989,2575.44,11,UPI,Jaipur,Android,0,0,2,5,2727,1753.95,0,0
TXN0009036,CUST01882,11841.35,19,UPI,Bengaluru,iOS,0,0,1,3,522,2317.7,0,0
TXN0009037,CUST00388,1117.18,18,UPI,Chennai,Web,1,0,0,7,160,1689.73,1,0
TXN0009038,CUST02289,3577.39,17,Credit Card,Chennai,Android,1,0,0,2,669,2145.1,0,0
TXN0009039,CUST01806,3609.37,0,Debit Card,Jaipur,Android,0,0,2,3,1418,348.67,1,0
TXN0009040,CUST02034,2179.79,21,UPI,Noida,Android,0,0,0,6,605,2360.48,0,0
TXN0009041,CUST01755,1812.51,9,UPI,Gurugram,iOS,0,0,1,5,376,1143.73,0,0
TXN0009042,CUST02465,714.88,16,Debit Card,Hyderabad,iOS,0,0,1,1,149,1162.87,0,0
TXN0009043,CUST02224,183.81,3,UPI,Jaipur,Android,1,0,0,4,759,2730.14,0,0
TXN0009044,CUST00387,592.11,5,Credit Card,Delhi,iOS,0,0,1,5,225,2360.98,0,0
TXN0009045,CUST01495,1218.33,0,UPI,Chennai,iOS,0,0,0,1,342,984.73,0,0
TXN0009046,CUST00853,5393.58,15,Credit Card,Hyderabad,Android,0,1,0,2,665,2268.48,0,0
TXN0009047,CUST00452,1623.62,16,Debit Card,Chennai,iOS,0,0,1,3,400,3617.27,0,0
TXN0009048,CUST02325,1071.18,2,UPI,Gurugram,iOS,0,0,0,3,496,1144.74,0,0
TXN0009049,CUST01759,738.45,10,Debit Card,Noida,Android,0,0,1,6,142,3150.88,0,0
TXN0009050,CUST00213,3471.52,20,UPI,Noida,Web,0,1,1,5,1026,538.62,0,0
TXN0009051,CUST00041,7001.64,6,UPI,Noida,Android,1,1,1,6,98,5312.32,0,0
TXN0009052,CUST01146,5213.35,9,UPI,Delhi,Android,0,0,1,5,114,1433.47,0,0
TXN0009053,CUST02342,3300.05,13,Wallet,Kolkata,iOS,0,1,0,4,36,924.43,1,0
TXN0009054,CUST00600,411.55,20,UPI,Hyderabad,iOS,0,0,0,1,737,2581.45,1,0
TXN0009055,CUST02025,1266.32,9,UPI,Pune,Web,0,0,1,3,1613,1578.34,0,0
TXN0009056,CUST02031,12617.58,23,Credit Card,Hyderabad,Android,0,0,0,5,43,2518.48,0,0
TXN0009057,CUST01783,5527.51,11,UPI,Chennai,Android,0,0,0,5,117,986.39,0,0
TXN0009058,CUST01852,386.85,12,UPI,Chennai,Android,1,0,2,5,279,877.38,0,0
TXN0009059,CUST02499,1702.67,7,UPI,Delhi,Web,0,0,0,1,199,1393.42,0,0
TXN0009060,CUST01780,2588.0,17,Debit Card,Pune,Android,0,0,2,7,596,1374.78,0,0
TXN0009061,CUST02382,839.98,9,Net Banking,Jaipur,iOS,0,0,0,5,24,1814.69,0,0
TXN0009062,CUST01905,178.81,16,UPI,Noida,Android,1,0,0,6,524,1825.41,0,0
TXN0009063,CUST02092,1986.97,9,Credit Card,Chennai,Android,0,0,0,2,481,1436.23,0,0
TXN0009064,CUST00144,818.75,12,UPI,Jaipur,Android,0,0,1,1,25,245.01,1,0
TXN0009065,CUST00333,821.97,20,Debit Card,Pune,Web,0,0,1,3,282,2386.6,0,0
TXN0009066,CUST00998,1262.52,18,UPI,Chennai,Android,0,0,0,4,1522,1175.18,1,0
TXN0009067,CUST01420,1574.77,8,UPI,Delhi,Android,0,0,0,4,128,1133.72,0,0
TXN0009068,CUST00055,1783.72,16,Debit Card,Chennai,Android,1,0,0,2,1592,1524.34,0,0
TXN0009069,CUST01331,743.64,16,UPI,Mumbai,Web,1,0,2,3,787,1269.89,0,0
TXN0009070,CUST01447,1444.23,6,UPI,Hyderabad,iOS,0,0,2,2,179,533.41,1,0
TXN0009071,CUST01441,310.48,13,Net Banking,Mumbai,Web,0,0,0,3,10,1173.36,0,0
TXN0009072,CUST02373,2456.72,9,Net Banking,Noida,Android,0,0,0,3,329,1071.59,0,0
TXN0009073,CUST01734,103.47,13,UPI,Kolkata,Android,1,0,0,4,548,4485.86,1,0
TXN0009074,CUST01695,1347.56,19,Credit Card,Gurugram,Android,0,0,0,6,68,1551.64,0,0
TXN0009075,CUST00080,4513.05,8,Credit Card,Hyderabad,iOS,1,1,0,4,39,2463.54,0,0
TXN0009076,CUST00985,624.03,7,UPI,Chennai,Android,0,1,0,3,27,1116.99,0,0
TXN0009077,CUST00865,3684.8,10,Wallet,Gurugram,iOS,0,0,1,3,850,2187.03,0,0
TXN0009078,CUST01588,5717.43,22,Debit Card,Gurugram,Android,0,0,2,2,880,2985.34,0,0
TXN0009079,CUST00472,65.87,18,Debit Card,Mumbai,iOS,0,0,0,3,656,771.29,1,0
TXN0009080,CUST02122,1547.16,0,UPI,Delhi,Android,0,0,1,1,757,1672.33,0,0
TXN0009081,CUST01577,101.47,12,UPI,Bengaluru,Android,0,0,1,2,255,413.08,1,0
TXN0009082,CUST01503,1599.32,9,Credit Card,Jaipur,iOS,0,0,0,4,76,4685.98,0,0
TXN0009083,CUST00589,1787.14,17,UPI,Delhi,Android,1,0,1,3,87,2857.7,0,0
TXN0009084,CUST01411,150.35,13,UPI,Pune,Web,0,0,1,2,226,877.35,0,0
TXN0009085,CUST01906,12337.27,22,UPI,Noida,iOS,0,0,1,5,281,808.51,0,0
TXN0009086,CUST00564,2396.0,9,UPI,Hyderabad,Android,1,0,1,4,1431,2026.98,0,0
TXN0009087,CUST00467,770.1,16,UPI,Hyderabad,Android,1,0,0,2,283,527.58,0,0
TXN0009088,CUST00599,7792.53,18,UPI,Jaipur,Android,0,0,0,4,343,1243.21,0,0
TXN0009089,CUST01645,298.85,19,UPI,Delhi,Android,0,0,1,1,337,818.12,0,0
TXN0009090,CUST00992,526.56,12,UPI,Gurugram,Android,0,0,2,7,782,963.35,0,0
TXN0009091,CUST01933,180.56,17,Credit Card,Jaipur,Android,0,0,3,5,17,935.69,1,0
TXN0009092,CUST02296,10900.75,10,UPI,Noida,Web,1,0,1,1,355,1405.65,1,0
TXN0009093,CUST01605,2509.62,13,Wallet,Bengaluru,Android,0,0,1,3,1218,1858.2,0,0
TXN0009094,CUST00067,3480.54,21,Credit Card,Bengaluru,Android,0,0,0,3,1236,1452.51,0,0
TXN0009095,CUST00470,2432.18,22,Debit Card,Jaipur,Android,0,0,0,3,807,1078.99,1,0
TXN0009096,CUST01725,3194.9,18,Wallet,Hyderabad,iOS,0,0,2,3,307,893.36,0,0
TXN0009097,CUST02334,1946.17,12,UPI,Hyderabad,Android,0,0,1,3,173,617.48,0,0
TXN0009098,CUST01632,2360.11,19,UPI,Mumbai,Android,0,1,0,3,57,1072.58,0,0
TXN0009099,CUST02360,2004.49,1,UPI,Hyderabad,Android,0,0,0,5,394,1885.45,0,0
TXN0009100,CUST02357,979.41,6,UPI,Mumbai,iOS,0,0,1,1,1164,1677.05,1,0
TXN0009101,CUST00775,1718.0,17,UPI,Kolkata,Android,0,0,0,2,257,3727.5,1,0
TXN0009102,CUST01137,2366.43,10,Debit Card,Chennai,Web,0,0,1,1,432,1740.21,1,0
TXN0009103,CUST02012,2010.4,22,UPI,Kolkata,Android,0,0,0,4,238,1448.27,0,0
TXN0009104,CUST01487,410.66,13,Net Banking,Pune,Web,1,0,2,3,309,960.37,0,0
TXN0009105,CUST00132,468.98,13,Debit Card,Mumbai,iOS,0,0,1,3,90,892.8,1,0
TXN0009106,CUST00930,5315.51,17,Credit Card,Mumbai,Web,1,0,0,1,709,774.8,0,0
TXN0009107,CUST00929,1324.18,19,UPI,Delhi,Web,1,0,2,3,30,1728.78,0,0
TXN0009108,CUST02169,3230.1,14,Credit Card,Delhi,Android,0,0,0,4,2193,3476.26,1,0
TXN0009109,CUST01221,603.91,9,UPI,Chennai,Android,1,0,0,5,290,627.24,0,0
TXN0009110,CUST01506,412.57,19,UPI,Chennai,iOS,0,0,0,2,190,798.46,0,0
TXN0009111,CUST00634,774.29,10,Debit Card,Kolkata,Android,1,0,0,4,534,3350.81,0,0
TXN0009112,CUST01063,1440.83,8,UPI,Delhi,Android,1,0,0,2,1397,556.92,1,0
TXN0009113,CUST01185,925.56,17,UPI,Chennai,Web,1,0,1,4,1291,741.98,1,0
TXN0009114,CUST00289,6564.79,6,Debit Card,Mumbai,Android,0,1,1,7,1555,7124.86,0,0
TXN0009115,CUST02248,2153.96,23,UPI,Jaipur,Android,1,0,1,1,59,1074.8,0,0
TXN0009116,CUST01812,11435.53,17,Credit Card,Delhi,iOS,1,0,1,3,154,3035.53,0,0
TXN0009117,CUST00528,2697.15,23,Credit Card,Kolkata,Web,0,0,0,6,45,525.38,0,0
TXN0009118,CUST00917,161.26,11,UPI,Bengaluru,Web,0,0,0,3,58,1741.63,0,0
TXN0009119,CUST01709,5174.94,22,Debit Card,Gurugram,iOS,0,0,0,5,125,2040.2,0,0
TXN0009120,CUST01407,397.82,7,Net Banking,Chennai,Android,0,0,3,4,76,3208.42,0,0
TXN0009121,CUST01242,2266.69,2,UPI,Chennai,iOS,0,0,0,3,242,4001.9,0,0
TXN0009122,CUST01111,829.53,1,UPI,Chennai,iOS,0,0,0,1,315,2749.21,0,0
TXN0009123,CUST00799,15340.52,13,Credit Card,Gurugram,Android,1,0,0,3,248,1745.42,0,0
TXN0009124,CUST01524,7594.2,5,Debit Card,Jaipur,Web,0,0,0,2,314,1629.96,1,0
TXN0009125,CUST00012,857.24,14,Debit Card,Delhi,Android,0,0,0,5,1214,1272.83,0,0
TXN0009126,CUST00833,1584.75,11,UPI,Chennai,Android,0,0,0,4,1055,1042.49,0,0
TXN0009127,CUST01242,2298.79,11,UPI,Jaipur,Android,0,0,2,5,1972,477.22,0,0
TXN0009128,CUST01673,4268.24,17,Net Banking,Pune,Web,0,0,1,4,929,673.25,0,0
TXN0009129,CUST02154,1853.25,8,UPI,Gurugram,Android,0,0,0,6,1106,1095.74,0,0
TXN0009130,CUST00691,645.9,19,Credit Card,Bengaluru,Android,0,0,0,4,710,2048.51,1,0
TXN0009131,CUST00528,878.3,16,Debit Card,Delhi,Web,0,0,2,3,114,3089.9,0,0
TXN0009132,CUST01496,1791.95,21,UPI,Noida,Android,0,0,0,1,1654,2452.02,0,0
TXN0009133,CUST00893,6185.72,11,Credit Card,Gurugram,Android,0,0,1,4,140,351.19,0,0
TXN0009134,CUST00387,2761.09,23,UPI,Pune,Android,0,0,0,4,679,1204.67,1,0
TXN0009135,CUST01250,830.58,16,Net Banking,Chennai,Android,0,1,2,1,156,1505.28,1,0
TXN0009136,CUST01778,3442.37,23,UPI,Noida,Android,0,0,1,4,56,679.33,0,0
TXN0009137,CUST00408,1222.38,1,UPI,Pune,iOS,0,0,1,1,130,1263.81,0,0
TXN0009138,CUST01677,4385.02,18,Credit Card,Pune,Android,0,0,0,3,158,1556.03,0,0
TXN0009139,CUST00898,22528.86,19,Debit Card,Gurugram,iOS,0,0,2,4,287,2056.94,0,0
TXN0009140,CUST00711,1257.29,3,UPI,Gurugram,Web,0,0,3,4,43,1817.78,0,0
TXN0009141,CUST01683,4012.41,16,UPI,Delhi,Web,0,0,1,3,528,3378.11,1,0
TXN0009142,CUST00918,854.19,19,UPI,Mumbai,iOS,0,0,0,3,962,658.07,1,0
TXN0009143,CUST02251,1608.86,15,UPI,Delhi,Web,0,0,1,4,867,1489.49,1,0
TXN0009144,CUST00417,1854.01,4,Debit Card,Mumbai,Web,0,0,0,3,1089,1784.0,0,0
TXN0009145,CUST00416,1483.05,18,UPI,Bengaluru,iOS,0,0,0,1,2331,7104.46,0,0
TXN0009146,CUST01472,21132.25,3,Debit Card,Mumbai,Android,0,0,1,4,3000,3517.49,0,0
TXN0009147,CUST01536,1324.71,19,Debit Card,Pune,Web,1,0,0,6,317,2055.9,0,0
TXN0009148,CUST00085,3236.97,2,Wallet,Hyderabad,Web,0,0,0,5,418,3379.14,0,1
TXN0009149,CUST00167,261.24,7,Credit Card,Chennai,Android,0,0,0,6,413,1013.13,0,0
TXN0009150,CUST02432,2772.59,10,UPI,Jaipur,Web,1,0,1,5,616,2865.41,0,0
TXN0009151,CUST01096,5639.76,17,UPI,Gurugram,Android,0,1,1,1,169,1651.11,1,0
TXN0009152,CUST00810,1062.04,23,Net Banking,Mumbai,Android,0,0,0,5,888,5593.95,0,0
TXN0009153,CUST01545,146.25,7,Wallet,Bengaluru,Android,0,0,0,8,81,5184.9,0,0
TXN0009154,CUST01817,1731.75,7,UPI,Jaipur,Android,1,0,1,1,1811,2257.79,1,0
TXN0009155,CUST00993,1831.2,11,Net Banking,Delhi,Android,1,0,0,4,79,1112.06,0,0
TXN0009156,CUST01282,3713.08,20,Debit Card,Mumbai,iOS,0,0,1,1,814,2449.79,0,0
TXN0009157,CUST00275,13446.11,13,Wallet,Delhi,Android,0,0,0,1,303,10915.2,0,0
TXN0009158,CUST01774,1230.88,11,Debit Card,Gurugram,Android,1,0,0,3,602,2657.25,0,0
TXN0009159,CUST01757,764.52,15,Debit Card,Bengaluru,iOS,1,0,1,1,226,2167.56,0,0
TXN0009160,CUST02374,560.39,9,Wallet,Bengaluru,Android,1,0,0,3,76,1873.45,0,0
TXN0009161,CUST00892,2194.3,12,UPI,Kolkata,Web,0,1,1,4,1668,1853.28,1,0
TXN0009162,CUST00089,2907.06,11,Net Banking,Delhi,iOS,0,0,1,1,428,2492.39,1,0
TXN0009163,CUST00708,1043.03,19,UPI,Gurugram,iOS,0,1,1,9,214,2592.7,0,0
TXN0009164,CUST02398,3921.48,21,UPI,Kolkata,Android,0,1,1,1,587,3559.51,0,0
TXN0009165,CUST00387,2866.73,18,Debit Card,Gurugram,Web,0,0,1,5,178,1656.68,1,0
TXN0009166,CUST02135,1879.52,13,Debit Card,Noida,Android,0,0,0,2,24,3006.98,0,0
TXN0009167,CUST02355,730.06,14,Wallet,Chennai,Android,0,0,1,2,946,1338.34,0,0
TXN0009168,CUST01874,1111.74,7,UPI,Bengaluru,Web,1,0,0,3,3000,2481.44,0,0
TXN0009169,CUST01178,158.51,18,UPI,Gurugram,iOS,0,0,0,5,1880,2358.28,0,0
TXN0009170,CUST00440,2278.63,16,UPI,Chennai,Android,0,0,0,2,1270,1247.42,1,0
TXN0009171,CUST02312,1848.04,21,UPI,Gurugram,iOS,0,0,2,4,825,666.06,1,0
TXN0009172,CUST00977,2173.34,8,Debit Card,Bengaluru,Android,0,0,0,6,106,3701.49,0,0
TXN0009173,CUST00735,2980.54,18,UPI,Pune,Android,0,0,1,1,101,986.61,0,0
TXN0009174,CUST02469,2647.48,17,UPI,Mumbai,iOS,0,0,1,5,97,931.63,0,0
TXN0009175,CUST00633,1611.88,9,UPI,Bengaluru,Web,1,0,1,6,369,876.06,0,0
TXN0009176,CUST00993,1889.77,17,Debit Card,Mumbai,Web,0,0,0,5,387,2188.62,1,0
TXN0009177,CUST02459,441.96,21,UPI,Mumbai,Web,0,0,2,3,517,2002.74,0,0
TXN0009178,CUST00173,1004.07,21,Debit Card,Chennai,Android,0,0,1,2,154,869.4,0,0
TXN0009179,CUST00004,1893.18,18,UPI,Jaipur,Android,0,0,1,2,24,1935.93,0,0
TXN0009180,CUST01664,862.37,2,UPI,Hyderabad,iOS,1,1,1,2,63,2076.8,1,0
TXN0009181,CUST02016,4254.33,20,Debit Card,Hyderabad,iOS,0,0,0,4,43,1931.49,0,0
TXN0009182,CUST01496,931.61,17,Credit Card,Noida,Android,0,1,2,6,944,2359.18,0,0
TXN0009183,CUST01061,2234.67,10,Credit Card,Pune,iOS,0,1,1,2,86,2143.01,0,0
TXN0009184,CUST01055,2022.54,8,Debit Card,Jaipur,iOS,0,0,0,3,832,1967.51,0,0
TXN0009185,CUST00381,3796.44,7,Credit Card,Mumbai,Web,0,0,2,2,67,8054.41,1,0
TXN0009186,CUST01292,4430.79,2,Debit Card,Delhi,Android,0,0,1,5,410,4896.12,0,0
TXN0009187,CUST02392,3603.19,18,Debit Card,Chennai,iOS,0,0,1,5,203,689.09,0,0
TXN0009188,CUST01593,219.1,9,Credit Card,Kolkata,Android,0,0,0,2,632,2165.47,1,0
TXN0009189,CUST00166,5941.34,1,UPI,Chennai,Android,1,0,1,4,94,3309.19,0,0
TXN0009190,CUST02390,8290.37,12,UPI,Hyderabad,Android,0,0,0,1,532,311.93,0,0
TXN0009191,CUST01043,1111.45,14,Wallet,Chennai,Android,1,0,4,3,508,1570.76,0,0
TXN0009192,CUST01652,2280.59,8,Net Banking,Jaipur,Android,0,0,1,7,309,1082.83,0,0
TXN0009193,CUST01208,738.57,2,UPI,Noida,Android,0,0,2,1,395,3784.25,0,0
TXN0009194,CUST00545,256.51,8,UPI,Chennai,Web,1,0,0,4,95,2540.64,0,0
TXN0009195,CUST02240,859.91,17,UPI,Gurugram,Android,0,0,2,3,998,1667.34,0,0
TXN0009196,CUST02368,1048.8,5,Debit Card,Jaipur,Web,0,0,0,5,556,1079.25,0,0
TXN0009197,CUST02475,1262.3,15,UPI,Kolkata,Web,0,0,0,4,76,1020.85,0,0
TXN0009198,CUST00097,689.96,7,Debit Card,Mumbai,Android,0,0,0,7,1497,2321.55,1,0
TXN0009199,CUST01302,864.47,8,Wallet,Gurugram,Android,0,0,0,7,584,1073.65,0,0
TXN0009200,CUST02057,1780.3,12,Net Banking,Mumbai,iOS,0,0,0,5,113,1375.58,0,0
TXN0009201,CUST00457,833.23,6,UPI,Pune,Android,0,0,0,4,152,606.51,0,0
TXN0009202,CUST01819,3099.72,8,Net Banking,Noida,Android,0,0,1,6,136,1051.35,1,0
TXN0009203,CUST00273,3558.89,11,Debit Card,Mumbai,iOS,0,0,1,3,153,790.29,1,0
TXN0009204,CUST01032,19456.37,11,UPI,Pune,Android,0,0,0,2,141,1163.42,1,0
TXN0009205,CUST00208,5548.16,18,UPI,Chennai,iOS,0,0,0,5,822,1009.54,1,0
TXN0009206,CUST01938,2295.36,5,Debit Card,Kolkata,iOS,0,0,1,3,537,596.98,0,0
TXN0009207,CUST01661,968.04,20,Net Banking,Jaipur,Web,0,0,0,4,159,682.57,1,0
TXN0009208,CUST01147,2414.6,19,UPI,Chennai,Android,0,0,0,2,1612,557.4,1,0
TXN0009209,CUST01057,2495.23,19,UPI,Bengaluru,Android,1,0,0,3,10,1671.54,0,0
TXN0009210,CUST01537,1077.32,10,UPI,Pune,iOS,0,0,2,2,694,1688.78,1,0
TXN0009211,CUST00204,3941.33,19,Net Banking,Kolkata,Web,0,0,1,5,470,752.51,0,0
TXN0009212,CUST01833,444.72,8,Net Banking,Delhi,Web,0,0,2,6,454,1463.82,0,0
TXN0009213,CUST00443,1409.71,7,UPI,Noida,iOS,1,0,1,5,480,645.3,0,0
TXN0009214,CUST00689,3138.19,2,UPI,Noida,iOS,0,0,1,4,400,1318.54,0,0
TXN0009215,CUST00833,1350.13,22,Wallet,Hyderabad,iOS,0,1,0,4,1756,1017.44,0,0
TXN0009216,CUST02387,1463.79,10,Debit Card,Noida,Android,1,0,1,3,578,1856.29,1,0
TXN0009217,CUST01462,1568.31,21,Net Banking,Bengaluru,iOS,0,0,0,6,369,1971.04,0,0
TXN0009218,CUST01160,780.5,10,Wallet,Chennai,Android,0,0,1,4,1179,5964.43,0,0
TXN0009219,CUST00387,5822.25,21,UPI,Bengaluru,Android,0,0,1,5,1322,554.86,1,0
TXN0009220,CUST02042,650.35,21,Debit Card,Mumbai,Web,0,1,1,4,893,3412.78,0,0
TXN0009221,CUST01349,2474.27,21,UPI,Chennai,Web,0,0,1,4,511,1726.34,0,0
TXN0009222,CUST01719,2722.18,14,Debit Card,Noida,Android,0,0,1,4,26,2962.01,1,0
TXN0009223,CUST00680,697.09,20,Credit Card,Gurugram,Web,0,0,1,2,1445,2040.84,0,0
TXN0009224,CUST00690,1936.52,22,Net Banking,Chennai,Android,1,0,0,1,1020,2112.18,1,0
TXN0009225,CUST01569,724.81,11,Net Banking,Bengaluru,Android,0,0,1,2,1626,967.11,1,0
TXN0009226,CUST01170,7234.27,12,UPI,Bengaluru,Web,1,0,0,4,86,1020.84,0,0
TXN0009227,CUST00893,576.38,18,UPI,Noida,Android,0,0,0,2,1948,5354.61,1,0
TXN0009228,CUST00953,936.03,10,Credit Card,Bengaluru,Web,0,0,4,3,2023,1557.18,0,0
TXN0009229,CUST01255,529.17,18,Wallet,Gurugram,Android,0,0,0,1,362,2608.77,0,0
TXN0009230,CUST00784,463.05,5,Debit Card,Jaipur,Web,0,0,0,3,46,1311.06,0,0
TXN0009231,CUST02047,8837.48,15,Net Banking,Delhi,Web,0,0,2,3,583,1298.54,0,0
TXN0009232,CUST01872,3097.39,7,Credit Card,Delhi,Android,0,0,1,3,590,1487.35,1,0
TXN0009233,CUST00495,2071.1,10,UPI,Chennai,iOS,0,0,2,3,453,1003.63,1,0
TXN0009234,CUST00747,933.52,9,UPI,Hyderabad,Web,0,0,1,5,238,2224.32,0,0
TXN0009235,CUST02485,4461.11,20,UPI,Bengaluru,Android,1,0,0,3,44,1867.91,0,0
TXN0009236,CUST01855,789.44,8,Debit Card,Delhi,Android,0,0,0,4,495,2417.73,1,0
TXN0009237,CUST02393,3980.57,19,Wallet,Kolkata,iOS,0,0,1,1,226,1076.35,1,0
TXN0009238,CUST02192,752.22,19,UPI,Delhi,Android,1,0,0,4,62,509.77,0,0
TXN0009239,CUST00657,944.86,14,Wallet,Pune,Web,0,0,1,1,126,3691.3,0,0
TXN0009240,CUST01883,3842.29,9,UPI,Jaipur,Android,1,0,2,1,937,377.78,1,0
TXN0009241,CUST02393,4270.0,9,UPI,Mumbai,Android,0,1,1,1,985,1281.26,1,0
TXN0009242,CUST01797,3271.54,13,Credit Card,Hyderabad,iOS,0,0,0,2,875,1367.47,0,0
TXN0009243,CUST00268,630.09,0,UPI,Noida,Android,1,0,0,6,47,3994.13,0,0
TXN0009244,CUST02217,1151.49,15,Wallet,Bengaluru,Android,0,0,2,1,70,5168.07,1,0
TXN0009245,CUST01763,2105.78,22,UPI,Gurugram,Android,0,0,0,4,159,2874.76,0,0
TXN0009246,CUST02081,769.9,8,UPI,Chennai,Web,1,0,2,3,2328,1307.43,0,0
TXN0009247,CUST00377,7090.45,16,Debit Card,Pune,Android,0,0,1,3,192,994.23,0,0
TXN0009248,CUST01586,162.97,22,Net Banking,Mumbai,Android,0,0,1,2,1637,2480.98,0,0
TXN0009249,CUST01464,826.17,20,Credit Card,Delhi,iOS,0,0,0,5,645,844.41,0,0
TXN0009250,CUST02441,1081.36,20,UPI,Chennai,iOS,0,0,2,3,16,1721.54,0,0
TXN0009251,CUST00489,104.75,19,UPI,Delhi,iOS,0,0,2,6,400,2171.78,1,0
TXN0009252,CUST00722,445.55,10,UPI,Hyderabad,Android,0,0,1,3,1085,1367.63,1,0
TXN0009253,CUST00946,3363.82,21,UPI,Noida,Android,0,0,1,4,39,1303.48,0,0
TXN0009254,CUST02087,1855.34,22,Wallet,Mumbai,iOS,1,0,1,2,564,2295.64,0,0
TXN0009255,CUST01636,8679.14,14,UPI,Pune,Android,0,0,0,4,231,2511.07,1,0
TXN0009256,CUST01041,8440.26,11,Credit Card,Jaipur,Android,1,0,1,6,134,1636.69,0,0
TXN0009257,CUST02274,2775.51,12,Debit Card,Chennai,Android,0,0,1,5,451,4456.64,0,0
TXN0009258,CUST02115,2462.13,11,Debit Card,Delhi,Android,1,0,3,3,953,715.0,1,1
TXN0009259,CUST01678,1922.68,9,UPI,Noida,iOS,0,0,0,5,904,1056.16,0,0
TXN0009260,CUST00999,126.53,16,UPI,Chennai,Android,0,0,2,2,114,2744.59,0,0
TXN0009261,CUST01778,446.3,15,UPI,Gurugram,Android,0,1,0,6,256,1473.26,0,0
TXN0009262,CUST02285,1990.65,13,UPI,Mumbai,Android,0,0,0,5,256,1381.9,0,0
TXN0009263,CUST00957,3332.8,6,UPI,Pune,Android,1,0,0,2,1043,500.71,0,0
TXN0009264,CUST01590,2404.78,19,Credit Card,Kolkata,Android,0,0,1,5,411,713.7,1,0
TXN0009265,CUST01162,737.36,8,UPI,Delhi,iOS,0,0,0,4,282,4104.8,0,0
TXN0009266,CUST01869,4596.03,7,UPI,Jaipur,Android,0,0,1,4,981,1499.34,0,0
TXN0009267,CUST00553,7926.65,16,UPI,Hyderabad,Android,0,1,1,5,1329,1912.45,0,0
TXN0009268,CUST01634,4598.71,12,Net Banking,Mumbai,Android,0,0,2,5,234,4321.13,1,0
TXN0009269,CUST00695,4842.28,3,Credit Card,Kolkata,Android,0,0,0,6,2529,2046.73,0,0
TXN0009270,CUST00317,1028.97,11,Wallet,Bengaluru,Web,0,0,1,2,460,874.95,1,0
TXN0009271,CUST00768,5278.92,19,UPI,Gurugram,iOS,0,0,1,1,38,1521.62,0,0
TXN0009272,CUST01972,2082.45,16,Debit Card,Noida,iOS,0,1,0,7,273,3096.15,0,0
TXN0009273,CUST02306,3002.19,11,UPI,Jaipur,Android,0,0,2,1,471,1125.11,0,0
TXN0009274,CUST01504,2594.05,8,UPI,Kolkata,Android,0,0,1,2,1050,958.81,1,0
TXN0009275,CUST00123,1594.08,17,Debit Card,Noida,Android,1,1,0,6,741,4168.16,0,0
TXN0009276,CUST02390,761.69,21,Debit Card,Delhi,iOS,0,0,0,4,133,3596.14,0,0
TXN0009277,CUST01869,1658.06,17,Net Banking,Jaipur,Android,0,1,0,2,330,2031.86,1,0
TXN0009278,CUST01672,4828.56,19,Debit Card,Pune,iOS,0,0,0,2,62,1036.72,1,0
TXN0009279,CUST01083,1157.56,15,UPI,Kolkata,Android,0,0,0,3,1258,1591.32,1,0
TXN0009280,CUST01729,4397.93,18,UPI,Kolkata,Android,0,0,1,3,10,1301.76,1,0
TXN0009281,CUST02308,3761.65,21,UPI,Gurugram,Web,0,0,1,4,181,427.15,0,0
TXN0009282,CUST01997,1334.89,19,UPI,Kolkata,Android,0,0,0,6,862,2076.09,0,0
TXN0009283,CUST02143,7218.06,21,Debit Card,Kolkata,Android,0,1,1,4,13,3136.77,0,0
TXN0009284,CUST01149,1261.42,13,Credit Card,Pune,Android,1,0,0,2,766,1521.68,1,0
TXN0009285,CUST02089,8144.42,21,Net Banking,Bengaluru,iOS,0,0,1,3,637,4841.29,0,0
TXN0009286,CUST01915,2778.51,16,Credit Card,Pune,Android,0,0,0,4,353,1289.02,0,0
TXN0009287,CUST00254,1771.67,20,Credit Card,Gurugram,iOS,1,0,3,4,91,2415.53,0,0
TXN0009288,CUST00007,740.81,2,UPI,Jaipur,Web,0,0,0,1,222,3287.97,0,0
TXN0009289,CUST02117,1647.94,17,UPI,Bengaluru,Android,0,0,1,4,133,2065.6,1,0
TXN0009290,CUST00542,1468.19,20,Debit Card,Bengaluru,Android,1,0,1,5,10,726.13,1,0
TXN0009291,CUST00089,511.45,8,Net Banking,Kolkata,iOS,0,0,3,5,275,1489.08,0,0
TXN0009292,CUST01939,1447.98,17,UPI,Kolkata,Android,0,0,1,2,1396,1194.98,0,0
TXN0009293,CUST00213,805.72,19,Debit Card,Chennai,Android,0,1,1,3,391,5656.37,0,0
TXN0009294,CUST00266,3234.19,10,Credit Card,Noida,Android,0,0,0,5,550,565.56,1,0
TXN0009295,CUST02341,6646.35,12,Net Banking,Noida,Android,0,0,1,3,1702,833.42,1,0
TXN0009296,CUST01231,527.75,15,UPI,Mumbai,Web,1,0,1,6,359,507.68,0,0
TXN0009297,CUST02381,9975.12,15,Credit Card,Pune,iOS,0,0,1,4,525,1334.94,0,0
TXN0009298,CUST01005,1582.86,2,UPI,Chennai,Android,0,1,0,3,58,2558.46,0,0
TXN0009299,CUST02095,678.93,6,Credit Card,Hyderabad,Web,0,0,1,4,86,3354.56,0,0
TXN0009300,CUST00622,3840.27,6,UPI,Kolkata,iOS,0,0,0,4,526,857.06,0,0
TXN0009301,CUST00427,1151.81,9,Credit Card,Hyderabad,Android,0,0,0,4,29,1808.85,0,0
TXN0009302,CUST00210,1658.73,9,Credit Card,Chennai,Android,0,0,1,2,21,345.76,0,0
TXN0009303,CUST00888,1201.43,18,UPI,Noida,iOS,0,0,1,7,66,1968.25,1,0
TXN0009304,CUST01444,795.37,16,Debit Card,Chennai,Android,0,0,1,4,159,1634.86,0,0
TXN0009305,CUST00154,3712.79,19,Debit Card,Gurugram,Android,1,0,1,3,61,1177.78,1,0
TXN0009306,CUST00415,1351.87,4,Wallet,Jaipur,Android,0,0,3,4,177,1958.61,0,0
TXN0009307,CUST01181,427.9,14,UPI,Mumbai,Android,1,0,1,3,805,3076.96,0,1
TXN0009308,CUST01285,3123.16,11,UPI,Mumbai,iOS,0,0,0,3,322,3830.48,0,0
TXN0009309,CUST00769,539.13,20,UPI,Gurugram,Android,0,0,1,5,654,817.29,0,0
TXN0009310,CUST00983,568.09,18,UPI,Mumbai,Android,0,0,3,6,867,1104.43,0,0
TXN0009311,CUST01512,5932.19,20,Credit Card,Bengaluru,Android,0,0,0,6,238,2513.6,1,0
TXN0009312,CUST00579,544.14,2,UPI,Pune,iOS,1,0,0,2,1347,1211.35,0,0
TXN0009313,CUST02211,177.52,18,UPI,Hyderabad,Android,0,0,0,5,1186,2702.74,0,0
TXN0009314,CUST01039,3355.66,15,UPI,Noida,iOS,0,0,1,3,319,2226.93,0,0
TXN0009315,CUST02243,1328.33,19,UPI,Noida,Android,0,0,0,3,1047,875.52,0,0
TXN0009316,CUST00542,1447.93,14,Net Banking,Mumbai,Android,0,0,0,3,246,1568.66,0,0
TXN0009317,CUST00359,1314.28,15,Net Banking,Mumbai,Android,0,0,1,10,771,2945.8,0,0
TXN0009318,CUST00850,2269.27,2,Credit Card,Bengaluru,iOS,0,0,0,4,2127,1535.68,0,0
TXN0009319,CUST00427,847.95,17,UPI,Mumbai,Android,0,0,3,7,223,446.25,0,0
TXN0009320,CUST00486,7876.64,10,Wallet,Chennai,iOS,1,0,0,3,509,1035.3,0,0
TXN0009321,CUST01832,411.3,0,Wallet,Delhi,Android,0,0,1,7,268,1947.89,0,0
TXN0009322,CUST01473,2808.53,4,Debit Card,Kolkata,Web,1,0,1,5,412,1693.07,0,0
TXN0009323,CUST01437,3420.91,22,Credit Card,Noida,Android,0,0,1,2,147,3467.28,0,0
TXN0009324,CUST00330,842.09,11,UPI,Hyderabad,Android,0,1,2,3,335,8018.26,0,0
TXN0009325,CUST01756,646.65,20,UPI,Kolkata,Android,0,0,0,4,620,323.97,1,0
TXN0009326,CUST01171,4977.66,22,Wallet,Gurugram,Android,0,0,2,2,253,903.53,1,0
TXN0009327,CUST00259,668.26,22,Wallet,Kolkata,Web,0,0,1,4,204,2103.86,0,0
TXN0009328,CUST02340,981.3,20,UPI,Mumbai,Android,0,0,0,2,241,1526.04,0,0
TXN0009329,CUST00143,4371.45,21,UPI,Mumbai,iOS,0,0,1,5,224,1420.55,0,0
TXN0009330,CUST02017,1863.63,10,Credit Card,Jaipur,Android,0,0,2,4,104,497.38,0,0
TXN0009331,CUST00627,298.39,8,Debit Card,Jaipur,Web,0,1,0,2,1420,1521.7,0,0
TXN0009332,CUST01389,10327.87,17,Debit Card,Jaipur,Web,1,0,1,5,1870,813.03,0,0
TXN0009333,CUST00090,1059.48,14,Credit Card,Pune,Web,0,0,0,3,184,1405.21,1,0
TXN0009334,CUST00720,1203.25,6,UPI,Noida,Android,0,0,0,4,575,408.47,0,0
TXN0009335,CUST00481,2324.65,17,UPI,Jaipur,iOS,0,0,0,6,227,2969.44,0,0
TXN0009336,CUST02132,3363.1,15,Debit Card,Jaipur,Android,0,0,2,1,520,1439.35,0,0
TXN0009337,CUST01101,12792.91,20,Debit Card,Bengaluru,Android,0,0,1,3,208,621.98,1,0
TXN0009338,CUST00673,342.23,16,UPI,Delhi,iOS,1,0,0,3,37,4868.31,0,0
TXN0009339,CUST00517,4111.3,16,UPI,Delhi,Android,0,0,0,2,97,1107.81,0,0
TXN0009340,CUST01614,3784.06,13,Debit Card,Mumbai,iOS,0,0,0,2,444,1464.64,0,0
TXN0009341,CUST00782,1569.29,13,UPI,Jaipur,Web,0,0,1,3,172,2073.2,0,0
TXN0009342,CUST02152,3955.32,22,Credit Card,Pune,Web,0,0,1,5,396,1337.86,0,0
TXN0009343,CUST02036,4581.66,7,Credit Card,Mumbai,Android,0,0,0,2,1445,2112.17,0,0
TXN0009344,CUST02387,451.95,13,Debit Card,Pune,iOS,0,0,0,2,25,1479.45,1,0
TXN0009345,CUST00687,10355.87,17,Debit Card,Delhi,Android,0,0,0,2,1013,1397.98,0,0
TXN0009346,CUST01590,378.71,13,UPI,Gurugram,Android,0,0,0,3,400,1408.81,0,0
TXN0009347,CUST00900,578.38,10,Credit Card,Kolkata,iOS,0,0,2,7,100,1653.6,0,0
TXN0009348,CUST01502,1385.41,10,UPI,Delhi,iOS,0,0,0,3,158,3192.83,0,0
TXN0009349,CUST00223,12338.53,9,Debit Card,Gurugram,Web,0,0,0,6,2818,1196.0,1,0
TXN0009350,CUST01077,1322.51,11,Debit Card,Gurugram,Android,0,0,0,2,256,2731.07,0,0
TXN0009351,CUST01101,1743.43,20,UPI,Jaipur,Web,0,0,1,1,40,2447.75,0,0
TXN0009352,CUST01742,7537.31,14,UPI,Pune,iOS,1,0,1,7,528,680.92,0,0
TXN0009353,CUST00503,1333.05,9,UPI,Mumbai,Android,0,0,2,1,128,535.32,1,0
TXN0009354,CUST01340,553.97,12,Credit Card,Mumbai,Android,0,0,0,5,1372,1797.78,0,0
TXN0009355,CUST00624,1185.96,6,UPI,Noida,Android,0,0,1,9,262,1447.29,1,0
TXN0009356,CUST01887,7089.24,21,Debit Card,Gurugram,Android,0,0,0,3,577,1541.48,0,0
TXN0009357,CUST02213,1932.19,12,Debit Card,Hyderabad,Android,1,0,0,6,1144,1264.94,0,0
TXN0009358,CUST01051,12409.28,23,Credit Card,Mumbai,iOS,0,0,1,3,2484,937.87,1,0
TXN0009359,CUST01094,3764.9,11,Wallet,Chennai,Android,0,0,0,4,1907,2220.17,0,0
TXN0009360,CUST01986,944.57,20,UPI,Kolkata,Web,0,1,2,2,71,2349.2,0,0
TXN0009361,CUST01389,1894.33,9,Wallet,Hyderabad,Web,0,0,0,5,247,3140.17,0,0
TXN0009362,CUST01330,766.88,5,UPI,Gurugram,Android,1,1,0,2,618,1357.64,0,0
TXN0009363,CUST01148,922.52,1,UPI,Hyderabad,Android,0,0,0,3,79,2650.56,0,0
TXN0009364,CUST00019,150000.0,16,UPI,Noida,iOS,0,0,0,2,289,1721.69,0,1
TXN0009365,CUST01281,4984.89,10,Credit Card,Bengaluru,iOS,0,1,1,3,1802,845.66,0,0
TXN0009366,CUST01046,4258.36,13,UPI,Pune,Web,0,0,0,1,126,3641.49,1,0
TXN0009367,CUST00989,965.23,19,Credit Card,Pune,Android,0,0,0,8,412,3222.9,0,0
TXN0009368,CUST02498,8648.37,9,UPI,Bengaluru,iOS,1,0,0,4,30,3180.28,0,0
TXN0009369,CUST01574,5404.34,10,Wallet,Mumbai,iOS,1,0,0,3,612,2676.79,1,0
TXN0009370,CUST01072,11815.45,20,Credit Card,Pune,Android,0,0,0,4,539,1819.95,0,0
TXN0009371,CUST01207,11255.99,14,Credit Card,Kolkata,Android,0,0,0,1,1082,1387.23,0,0
TXN0009372,CUST01459,410.12,20,Net Banking,Kolkata,iOS,1,0,0,3,1232,1974.18,0,0
TXN0009373,CUST02155,593.3,12,Debit Card,Jaipur,Android,0,0,1,1,143,1367.59,0,0
TXN0009374,CUST01212,659.68,12,UPI,Delhi,Web,0,0,1,3,1176,578.74,1,0
TXN0009375,CUST00776,700.36,8,UPI,Pune,Web,0,0,0,4,2347,3328.64,0,0
TXN0009376,CUST01860,2487.4,21,Credit Card,Gurugram,iOS,0,0,1,3,1296,2657.63,0,0
TXN0009377,CUST01867,1021.2,21,UPI,Gurugram,iOS,1,1,1,2,1195,626.36,0,0
TXN0009378,CUST01161,14301.8,23,UPI,Mumbai,Android,0,0,0,3,509,1806.05,0,0
TXN0009379,CUST01882,12091.06,12,UPI,Hyderabad,Web,0,0,1,5,638,1265.83,0,0
TXN0009380,CUST02384,1788.41,19,Debit Card,Pune,Android,0,0,0,3,931,3079.45,0,0
TXN0009381,CUST01781,12719.2,12,UPI,Hyderabad,Android,0,0,1,3,117,1492.19,0,0
TXN0009382,CUST00602,7971.89,13,UPI,Gurugram,Web,0,0,0,4,2275,1663.98,0,0
TXN0009383,CUST01595,1146.92,20,UPI,Mumbai,Android,0,0,0,2,212,1124.26,1,0
TXN0009384,CUST02451,241.37,8,Debit Card,Jaipur,Android,0,0,0,1,433,1705.98,0,0
TXN0009385,CUST00540,1447.47,9,Credit Card,Pune,iOS,0,0,2,5,476,1562.51,1,0
TXN0009386,CUST01096,944.75,10,Debit Card,Delhi,Android,0,0,0,4,1087,2176.38,1,0
TXN0009387,CUST01806,2212.87,19,UPI,Gurugram,Android,1,0,1,5,376,889.46,0,0
TXN0009388,CUST00024,1967.99,12,Wallet,Delhi,Android,0,1,0,5,321,550.4,0,0
TXN0009389,CUST00624,1917.08,11,UPI,Noida,Android,0,0,1,6,261,1481.62,1,0
TXN0009390,CUST01836,3038.83,23,Credit Card,Gurugram,Android,0,0,0,3,1294,1826.61,0,0
TXN0009391,CUST01080,535.4,12,Net Banking,Delhi,Web,0,0,0,7,1144,1586.87,1,0
TXN0009392,CUST00986,2715.96,9,Net Banking,Delhi,Android,0,0,1,3,336,885.99,0,0
TXN0009393,CUST00223,1159.71,16,Debit Card,Jaipur,Android,0,0,1,2,322,517.95,1,0
TXN0009394,CUST00179,2198.49,19,Net Banking,Kolkata,Android,0,0,1,7,125,1982.74,0,0
TXN0009395,CUST02482,4688.89,4,Credit Card,Jaipur,Android,0,0,1,3,419,7678.02,0,0
TXN0009396,CUST01961,529.08,16,UPI,Chennai,Android,0,0,0,2,248,2849.18,1,0
TXN0009397,CUST01474,1358.65,1,UPI,Bengaluru,Android,0,0,0,3,312,2285.86,0,0
TXN0009398,CUST00793,1598.8,15,Credit Card,Gurugram,iOS,1,0,0,5,130,1149.05,0,0
TXN0009399,CUST00884,1076.29,9,Credit Card,Mumbai,Android,0,0,4,3,573,5043.47,0,0
TXN0009400,CUST01213,4426.53,10,UPI,Pune,Android,0,0,0,3,343,1508.73,0,0
TXN0009401,CUST01602,875.81,13,Wallet,Hyderabad,iOS,0,1,0,2,1421,3646.41,1,0
TXN0009402,CUST00810,1032.92,21,UPI,Chennai,Android,1,0,1,7,333,6243.24,1,0
TXN0009403,CUST00961,885.03,18,UPI,Mumbai,Android,0,0,0,1,931,1091.31,1,0
TXN0009404,CUST00420,5364.71,22,UPI,Delhi,Web,0,1,0,4,541,3137.46,1,0
TXN0009405,CUST01188,1100.04,17,Net Banking,Gurugram,Android,0,0,0,4,1374,848.17,1,0
TXN0009406,CUST01279,2851.46,0,Debit Card,Bengaluru,Android,0,0,1,3,1179,2433.1,0,0
TXN0009407,CUST01441,12981.07,9,Credit Card,Pune,iOS,0,0,1,4,1197,784.35,0,0
TXN0009408,CUST02218,1670.24,21,Debit Card,Gurugram,Web,0,0,0,6,2295,4097.3,0,0
TXN0009409,CUST01341,5473.11,17,Debit Card,Delhi,iOS,0,0,1,2,68,1594.26,0,0
TXN0009410,CUST02222,9574.86,23,Wallet,Chennai,iOS,0,0,0,3,194,891.34,0,0
TXN0009411,CUST02393,5027.78,8,UPI,Hyderabad,Android,0,0,1,3,10,1245.69,1,0
TXN0009412,CUST02493,1770.01,10,Credit Card,Bengaluru,iOS,0,0,0,3,985,1861.18,0,0
TXN0009413,CUST01042,3420.87,11,UPI,Mumbai,iOS,0,0,0,2,715,755.47,0,0
TXN0009414,CUST01094,496.79,11,Net Banking,Bengaluru,iOS,0,0,0,8,1600,1489.3,0,0
TXN0009415,CUST01362,825.1,9,Net Banking,Delhi,iOS,0,0,1,3,738,1598.74,1,0
TXN0009416,CUST00592,983.25,13,Debit Card,Delhi,Android,0,0,2,4,36,2838.99,0,0
TXN0009417,CUST00527,16918.35,17,UPI,Noida,Android,0,0,0,5,146,7363.13,0,0
TXN0009418,CUST01293,798.68,10,Credit Card,Chennai,Web,0,1,1,4,58,885.7,0,0
TXN0009419,CUST01655,786.87,5,UPI,Mumbai,Web,0,0,0,5,10,2294.54,0,0
TXN0009420,CUST00811,633.73,18,UPI,Bengaluru,iOS,0,0,0,6,190,1533.85,0,0
TXN0009421,CUST00188,3150.62,13,Credit Card,Mumbai,Android,0,0,1,6,519,2589.22,0,0
TXN0009422,CUST01593,2075.93,15,UPI,Jaipur,Android,0,0,1,3,1228,2176.93,1,0
TXN0009423,CUST00529,5336.37,13,Net Banking,Mumbai,Android,1,0,0,5,653,6797.67,1,0
TXN0009424,CUST00434,3522.06,21,UPI,Hyderabad,iOS,0,0,0,2,122,1472.01,0,0
TXN0009425,CUST02336,452.66,15,Wallet,Hyderabad,Android,0,0,1,6,393,4335.87,0,0
TXN0009426,CUST01942,802.93,21,Debit Card,Kolkata,iOS,0,0,0,2,156,3890.39,0,0
TXN0009427,CUST01805,7050.62,14,UPI,Mumbai,iOS,1,0,0,5,544,833.97,0,0
TXN0009428,CUST00303,1468.86,10,UPI,Gurugram,iOS,1,0,2,2,549,2443.84,0,0
TXN0009429,CUST00087,5902.51,11,Net Banking,Kolkata,Web,1,0,0,5,263,577.89,0,0
TXN0009430,CUST00438,1549.77,15,Debit Card,Hyderabad,Web,1,0,0,3,109,1692.38,0,0
TXN0009431,CUST01046,683.95,15,UPI,Kolkata,iOS,0,0,0,4,758,1965.45,0,0
TXN0009432,CUST00833,1329.13,17,UPI,Jaipur,Android,0,0,0,5,213,1082.48,0,0
TXN0009433,CUST00797,683.68,9,Debit Card,Delhi,Web,0,0,3,2,1584,1006.37,1,0
TXN0009434,CUST00560,1022.48,17,UPI,Kolkata,Android,0,0,0,5,300,1656.83,1,0
TXN0009435,CUST00762,2200.56,19,UPI,Pune,Android,0,0,1,6,10,887.26,1,0
TXN0009436,CUST01699,3002.34,17,Debit Card,Gurugram,Web,0,0,0,5,465,2505.21,0,0
TXN0009437,CUST01125,367.0,14,Debit Card,Noida,Android,1,0,0,2,428,665.89,0,0
TXN0009438,CUST00685,1769.01,23,Credit Card,Mumbai,iOS,1,1,0,6,261,1745.23,0,0
TXN0009439,CUST01165,1001.17,12,Net Banking,Bengaluru,Android,0,0,1,4,83,1045.09,0,0
TXN0009440,CUST00138,941.17,6,Debit Card,Bengaluru,iOS,0,0,0,3,680,1934.31,1,0
TXN0009441,CUST00578,2055.4,19,Wallet,Pune,Web,1,0,1,2,213,2588.05,0,0
TXN0009442,CUST00710,1038.04,9,UPI,Mumbai,Web,0,0,1,3,27,1734.21,0,0
TXN0009443,CUST00228,7170.14,18,UPI,Mumbai,Android,0,0,0,4,1476,2831.71,0,0
TXN0009444,CUST02329,5905.29,8,UPI,Hyderabad,Android,0,0,0,4,105,2744.51,0,0
TXN0009445,CUST00828,5868.59,0,UPI,Delhi,Web,0,0,1,2,97,1603.05,0,0
TXN0009446,CUST00431,1097.33,8,Net Banking,Delhi,iOS,0,0,2,3,94,1567.85,0,0
TXN0009447,CUST01064,687.49,12,Net Banking,Delhi,Android,1,0,0,2,165,1342.49,0,0
TXN0009448,CUST01710,1953.88,6,Debit Card,Chennai,iOS,0,0,1,7,158,1108.78,1,0
TXN0009449,CUST01687,1548.73,8,Credit Card,Gurugram,Android,0,0,2,1,89,1671.95,1,0
TXN0009450,CUST01235,979.18,19,Debit Card,Hyderabad,Android,0,0,0,7,865,1534.71,1,0
TXN0009451,CUST00302,555.47,19,Credit Card,Noida,iOS,0,0,1,3,770,3553.22,0,0
TXN0009452,CUST01110,1726.8,19,UPI,Kolkata,Android,0,0,0,2,24,1994.93,0,0
TXN0009453,CUST01421,1201.68,20,Credit Card,Pune,Android,0,1,1,3,79,1297.09,0,0
TXN0009454,CUST00533,3582.76,13,Credit Card,Gurugram,iOS,0,0,0,1,947,6081.61,0,0
TXN0009455,CUST00769,3500.45,20,UPI,Jaipur,Web,1,0,0,2,455,922.66,1,0
TXN0009456,CUST01939,5411.83,15,UPI,Delhi,iOS,0,1,0,4,141,1185.27,1,1
TXN0009457,CUST01405,510.94,14,UPI,Kolkata,Android,1,0,1,4,936,5615.24,0,0
TXN0009458,CUST00444,2688.13,18,Credit Card,Gurugram,iOS,0,0,0,5,813,1728.09,0,0
TXN0009459,CUST00260,869.64,9,UPI,Jaipur,iOS,0,1,1,3,778,917.3,0,0
TXN0009460,CUST01539,531.19,19,Debit Card,Mumbai,iOS,0,0,0,3,53,1070.04,1,0
TXN0009461,CUST01332,1172.55,13,UPI,Hyderabad,Android,1,0,1,3,840,1115.85,1,0
TXN0009462,CUST00070,5240.89,7,UPI,Chennai,Android,0,0,0,2,307,1302.72,0,0
TXN0009463,CUST01478,1240.44,7,Debit Card,Chennai,iOS,0,0,0,5,146,1331.17,1,0
TXN0009464,CUST01463,8612.73,8,Credit Card,Kolkata,Android,0,0,2,6,371,1927.93,0,0
TXN0009465,CUST01849,3116.36,21,UPI,Jaipur,Android,1,0,1,5,212,3477.8,1,0
TXN0009466,CUST00481,1213.73,23,Wallet,Noida,Android,0,0,0,1,1231,456.84,0,0
TXN0009467,CUST01168,5742.16,11,UPI,Gurugram,Android,1,0,2,2,435,3209.52,0,0
TXN0009468,CUST02072,2810.0,10,Debit Card,Chennai,Android,1,1,1,3,717,2196.04,1,0
TXN0009469,CUST01199,708.38,9,Credit Card,Mumbai,Web,0,0,1,2,53,1535.08,1,0
TXN0009470,CUST02373,11548.89,19,UPI,Mumbai,iOS,0,0,1,3,227,957.38,1,0
TXN0009471,CUST01893,2333.26,9,Credit Card,Chennai,Android,0,0,0,7,692,2895.6,0,0
TXN0009472,CUST01695,1834.15,21,UPI,Chennai,Web,0,0,0,8,197,2670.15,0,0
TXN0009473,CUST01884,765.1,17,UPI,Chennai,Android,0,0,0,3,513,2182.85,0,0
TXN0009474,CUST01372,5855.17,21,UPI,Pune,Android,0,0,1,2,195,1253.52,1,0
TXN0009475,CUST00798,3019.41,15,UPI,Noida,Android,1,0,0,5,176,758.78,1,0
TXN0009476,CUST00018,3377.13,17,Debit Card,Chennai,Android,0,0,0,3,148,773.92,0,0
TXN0009477,CUST00044,1083.56,16,Debit Card,Bengaluru,Android,0,0,1,6,156,622.89,0,0
TXN0009478,CUST00155,4144.94,20,Wallet,Gurugram,Web,0,1,0,2,825,1948.91,1,0
TXN0009479,CUST00867,4479.9,20,UPI,Hyderabad,iOS,1,0,0,3,21,934.65,1,0
TXN0009480,CUST00743,922.2,16,Debit Card,Noida,Android,0,0,1,5,171,2822.64,0,0
TXN0009481,CUST01852,436.4,17,UPI,Gurugram,Android,0,0,1,2,1440,600.03,0,0
TXN0009482,CUST01426,3219.29,21,Credit Card,Kolkata,Android,0,0,3,2,233,2172.19,0,0
TXN0009483,CUST00225,373.23,21,Wallet,Bengaluru,Web,0,0,1,7,286,2271.57,0,0
TXN0009484,CUST00217,2095.52,17,UPI,Jaipur,Android,0,0,1,4,933,1409.63,0,0
TXN0009485,CUST00031,1150.9,0,Net Banking,Pune,iOS,0,0,1,2,732,5761.69,0,0
TXN0009486,CUST01893,6088.81,6,Debit Card,Kolkata,Android,1,0,1,6,15,1254.51,0,1
TXN0009487,CUST01083,1215.24,20,Debit Card,Kolkata,Android,1,0,0,4,67,2538.58,0,0
TXN0009488,CUST01916,5446.97,5,Debit Card,Noida,Web,1,0,0,6,336,836.96,1,0
TXN0009489,CUST00898,1076.35,9,Debit Card,Jaipur,Android,0,0,1,2,415,813.52,0,0
TXN0009490,CUST00445,4892.86,9,Net Banking,Chennai,iOS,0,0,1,5,108,1569.08,0,0
TXN0009491,CUST01259,14127.57,16,Debit Card,Chennai,Web,0,0,1,3,172,567.99,1,0
TXN0009492,CUST01131,618.62,16,UPI,Mumbai,iOS,0,0,1,1,915,1853.3,0,0
TXN0009493,CUST01215,2410.47,10,Credit Card,Mumbai,Web,1,0,2,1,295,932.85,0,0
TXN0009494,CUST02016,28122.48,8,UPI,Hyderabad,iOS,0,0,0,2,940,3429.18,0,0
TXN0009495,CUST01937,1923.94,19,Net Banking,Kolkata,Android,1,0,1,6,823,1501.61,0,0
TXN0009496,CUST00738,1914.73,22,Wallet,Noida,Web,0,0,1,3,280,1505.15,0,0
TXN0009497,CUST01703,3960.16,3,Credit Card,Bengaluru,Web,0,0,1,3,1099,2144.62,0,0
TXN0009498,CUST00874,1875.49,7,Debit Card,Delhi,Android,0,0,0,7,575,941.71,0,0
TXN0009499,CUST00566,326.46,17,Wallet,Hyderabad,Android,1,0,2,1,17,1088.19,0,0
TXN0009500,CUST02019,5584.94,19,UPI,Pune,Android,0,0,0,3,130,806.2,0,0
TXN0009501,CUST01886,242.89,19,Credit Card,Pune,Android,0,0,1,3,138,574.41,0,0
TXN0009502,CUST02124,1186.48,18,Credit Card,Gurugram,Android,0,0,3,4,10,838.82,0,0
TXN0009503,CUST00547,6020.75,21,Debit Card,Kolkata,Android,0,0,2,6,719,566.02,0,0
TXN0009504,CUST02315,1260.17,9,UPI,Gurugram,Web,0,0,0,3,761,688.19,1,0
TXN0009505,CUST00317,899.51,6,Debit Card,Jaipur,Android,0,0,0,5,1017,1784.91,0,0
TXN0009506,CUST01860,4336.43,16,UPI,Chennai,Web,0,0,1,6,397,1453.87,0,0
TXN0009507,CUST00025,768.49,19,UPI,Chennai,iOS,0,0,0,1,242,630.36,1,0
TXN0009508,CUST00160,530.23,16,UPI,Chennai,Android,0,0,0,7,661,3618.79,1,1
TXN0009509,CUST01138,2368.6,22,UPI,Chennai,Android,0,0,1,1,838,1040.51,0,0
TXN0009510,CUST00900,1499.1,19,UPI,Hyderabad,iOS,0,0,0,1,900,1410.11,1,0
TXN0009511,CUST01190,518.98,18,Credit Card,Pune,Web,0,0,1,2,440,3890.93,1,0
TXN0009512,CUST00703,3403.28,3,Debit Card,Delhi,Web,0,0,0,7,181,1104.29,0,1
TXN0009513,CUST00001,2864.16,6,UPI,Mumbai,iOS,0,0,1,2,57,745.7,1,0
TXN0009514,CUST01923,1256.13,19,Credit Card,Gurugram,iOS,0,1,0,3,414,381.14,0,0
TXN0009515,CUST02368,1345.08,8,Credit Card,Pune,Android,0,0,0,7,237,1248.95,0,0
TXN0009516,CUST01425,2881.12,1,UPI,Pune,Android,0,0,0,1,1593,1277.95,0,0
TXN0009517,CUST00382,5918.88,21,UPI,Jaipur,Android,0,0,0,2,2405,3112.38,0,0
TXN0009518,CUST01742,1356.62,21,Debit Card,Hyderabad,iOS,0,0,0,2,11,3411.6,0,0
TXN0009519,CUST01827,3464.18,9,UPI,Chennai,Android,1,0,0,7,1529,3736.49,0,0
TXN0009520,CUST01274,3167.64,19,UPI,Gurugram,iOS,1,1,0,2,414,2349.97,1,0
TXN0009521,CUST01549,4336.61,2,Net Banking,Mumbai,Android,1,0,1,1,739,803.28,0,0
TXN0009522,CUST01579,1872.17,10,Debit Card,Bengaluru,Android,0,0,2,5,119,1508.46,0,0
TXN0009523,CUST00898,722.86,16,UPI,Jaipur,iOS,1,0,1,3,1234,553.31,0,0
TXN0009524,CUST00717,1133.47,19,Credit Card,Noida,iOS,0,0,0,1,96,1951.23,0,0
TXN0009525,CUST02355,2536.13,0,Debit Card,Gurugram,Android,0,1,0,6,810,3075.76,0,1
TXN0009526,CUST00391,11092.3,11,Debit Card,Chennai,Web,0,0,1,2,837,3721.04,1,0
TXN0009527,CUST01700,1109.34,9,UPI,Bengaluru,Android,0,0,0,3,19,2338.48,1,0
TXN0009528,CUST02346,4025.2,23,Credit Card,Delhi,iOS,0,0,0,1,531,1237.11,0,0
TXN0009529,CUST00233,1296.58,17,Credit Card,Mumbai,Web,0,0,2,4,619,1965.92,0,0
TXN0009530,CUST01927,2010.24,12,UPI,Hyderabad,Android,0,0,0,3,876,2468.51,1,0
TXN0009531,CUST02319,8192.21,5,Net Banking,Hyderabad,Web,0,0,1,4,650,5195.38,0,0
TXN0009532,CUST01320,3865.45,16,UPI,Chennai,iOS,1,0,0,5,32,610.23,0,0
TXN0009533,CUST00706,520.22,17,UPI,Gurugram,Android,1,0,1,2,392,728.61,0,0
TXN0009534,CUST00234,1015.43,19,Wallet,Mumbai,iOS,0,0,1,3,1038,693.08,0,0
TXN0009535,CUST01392,6321.83,10,UPI,Mumbai,Web,1,0,0,2,549,443.24,0,0
TXN0009536,CUST01256,2074.38,23,UPI,Chennai,iOS,0,0,0,4,99,1492.87,0,0
TXN0009537,CUST01897,570.61,13,Debit Card,Mumbai,iOS,0,1,0,4,111,1012.87,0,0
TXN0009538,CUST00890,793.61,10,UPI,Jaipur,Android,0,0,1,4,225,2119.05,1,0
TXN0009539,CUST00592,3637.44,11,Debit Card,Chennai,Android,0,0,1,3,429,1667.98,0,0
TXN0009540,CUST00746,4865.63,15,UPI,Chennai,Android,0,0,0,5,239,907.11,0,0
TXN0009541,CUST01720,1832.43,22,UPI,Kolkata,iOS,0,0,2,2,127,407.82,0,0
TXN0009542,CUST00428,21393.79,18,UPI,Hyderabad,Web,0,0,0,8,566,1095.26,0,0
TXN0009543,CUST00732,4103.91,16,Debit Card,Mumbai,Android,0,0,2,4,1030,1657.95,0,0
TXN0009544,CUST00800,1411.01,8,UPI,Noida,Android,1,0,0,2,570,3067.74,1,0
TXN0009545,CUST02412,796.19,7,UPI,Delhi,Android,0,0,0,2,96,2214.37,1,0
TXN0009546,CUST00202,679.02,14,Debit Card,Jaipur,Android,0,0,2,1,25,2420.7,0,0
TXN0009547,CUST02194,2517.35,18,Wallet,Delhi,Android,0,0,1,1,536,3541.09,1,0
TXN0009548,CUST00836,1104.08,18,Debit Card,Kolkata,iOS,0,0,0,5,2309,1702.03,0,0
TXN0009549,CUST00135,9597.77,9,UPI,Hyderabad,Android,0,0,1,4,125,671.63,0,0
TXN0009550,CUST01288,7799.8,6,Credit Card,Bengaluru,Web,1,0,0,3,562,2187.68,0,0
TXN0009551,CUST02112,3390.08,12,Debit Card,Delhi,iOS,0,0,1,5,382,2800.4,1,0
TXN0009552,CUST00041,553.66,21,Wallet,Noida,Web,0,0,1,3,1077,1366.04,0,0
TXN0009553,CUST00913,919.03,15,Wallet,Noida,Android,0,0,0,3,36,1275.19,1,0
TXN0009554,CUST01730,6318.39,10,Wallet,Hyderabad,iOS,0,0,0,4,345,1462.3,0,0
TXN0009555,CUST00975,1025.03,11,Debit Card,Mumbai,Android,0,0,1,8,213,1643.88,1,0
TXN0009556,CUST01134,5528.57,7,UPI,Hyderabad,Web,0,0,1,2,167,2772.38,0,0
TXN0009557,CUST02416,2893.28,14,Debit Card,Kolkata,iOS,1,0,1,4,808,1376.75,0,0
TXN0009558,CUST01460,1895.54,19,Debit Card,Hyderabad,iOS,0,0,0,4,136,4305.52,1,0
TXN0009559,CUST02041,891.33,22,Wallet,Bengaluru,iOS,1,0,1,2,270,3437.78,1,0
TXN0009560,CUST00244,1638.11,14,Wallet,Jaipur,Android,0,0,2,3,1336,5139.62,0,1
TXN0009561,CUST00166,2175.88,8,Credit Card,Delhi,iOS,0,0,0,6,881,2698.89,0,0
TXN0009562,CUST01050,5054.74,17,Credit Card,Gurugram,Web,0,0,2,8,678,570.5,0,0
TXN0009563,CUST01498,742.34,18,UPI,Chennai,Android,0,0,0,5,274,1407.47,0,0
TXN0009564,CUST00728,1383.99,4,Credit Card,Mumbai,iOS,1,1,0,4,648,2591.91,0,0
TXN0009565,CUST01116,1882.52,20,UPI,Pune,Android,1,0,0,4,104,2244.42,1,0
TXN0009566,CUST00483,3491.97,20,Net Banking,Mumbai,Web,0,1,0,2,583,1623.1,0,0
TXN0009567,CUST02448,725.66,14,Wallet,Pune,Android,0,0,1,5,147,954.13,0,0
TXN0009568,CUST01231,482.5,15,Debit Card,Gurugram,Android,1,0,1,5,108,3385.89,1,0
TXN0009569,CUST02149,3531.6,18,UPI,Mumbai,Android,0,0,3,4,799,957.56,0,0
TXN0009570,CUST00880,394.49,17,UPI,Delhi,Android,0,1,1,3,1017,3585.73,0,0
TXN0009571,CUST00830,6506.27,0,Debit Card,Kolkata,iOS,1,0,1,3,1118,828.89,1,0
TXN0009572,CUST02025,1540.12,7,UPI,Noida,Android,1,0,0,5,43,2261.96,1,0
TXN0009573,CUST00759,382.99,8,UPI,Mumbai,iOS,0,0,0,4,83,1393.4,1,0
TXN0009574,CUST00163,1113.34,18,Wallet,Hyderabad,Web,0,1,0,4,1386,945.97,0,0
TXN0009575,CUST01197,2629.81,13,UPI,Noida,Android,0,0,0,1,295,2224.35,0,0
TXN0009576,CUST01308,1056.63,15,UPI,Hyderabad,Android,1,0,1,4,778,1179.15,1,0
TXN0009577,CUST02429,1836.42,19,Credit Card,Gurugram,Web,0,0,2,4,246,1042.39,0,0
TXN0009578,CUST01996,3772.98,11,Net Banking,Delhi,iOS,0,0,0,4,140,1788.74,0,0
TXN0009579,CUST01935,1470.49,18,Debit Card,Jaipur,Android,1,0,2,1,1774,755.65,0,0
TXN0009580,CUST01557,705.2,13,Net Banking,Kolkata,Android,0,0,0,1,145,446.28,1,0
TXN0009581,CUST00307,1334.83,12,Debit Card,Bengaluru,Web,0,0,1,3,582,3725.75,1,0
TXN0009582,CUST01363,7408.49,11,UPI,Jaipur,Android,0,1,0,5,245,1248.92,0,0
TXN0009583,CUST02103,9707.04,22,Net Banking,Bengaluru,iOS,0,0,0,4,1571,1266.1,0,0
TXN0009584,CUST00333,238.8,19,UPI,Kolkata,Android,0,1,0,4,1013,1063.02,0,0
TXN0009585,CUST02175,5359.2,0,UPI,Pune,Android,0,0,1,6,180,1074.63,0,0
TXN0009586,CUST00243,2311.59,22,UPI,Bengaluru,Web,1,0,0,2,317,1946.98,0,0
TXN0009587,CUST01885,4534.75,19,Debit Card,Mumbai,Android,0,0,2,1,466,1958.52,0,0
TXN0009588,CUST01433,1038.0,7,Wallet,Pune,Android,0,0,1,5,24,1723.28,1,0
TXN0009589,CUST00303,307.13,5,UPI,Jaipur,Android,0,0,2,2,222,1976.29,0,0
TXN0009590,CUST00235,3229.33,10,UPI,Kolkata,iOS,0,0,0,5,645,2133.63,0,0
TXN0009591,CUST02187,702.44,16,Wallet,Gurugram,Android,0,0,2,3,41,1506.73,1,0
TXN0009592,CUST00195,449.1,16,UPI,Gurugram,Android,0,0,0,1,217,1554.58,0,0
TXN0009593,CUST01551,481.61,10,Debit Card,Gurugram,Android,0,0,1,2,641,1693.27,1,0
TXN0009594,CUST01793,3282.81,13,UPI,Jaipur,Android,0,0,0,4,160,1132.61,0,0
TXN0009595,CUST00647,2069.36,9,UPI,Delhi,Android,0,0,0,5,155,677.37,0,0
TXN0009596,CUST02049,3936.35,2,UPI,Hyderabad,Web,1,0,2,5,134,1753.2,0,0
TXN0009597,CUST00561,3514.38,14,UPI,Hyderabad,Android,0,0,0,4,971,538.48,1,0
TXN0009598,CUST01120,1181.58,11,Debit Card,Jaipur,iOS,0,0,0,3,878,1755.56,0,0
TXN0009599,CUST00713,1677.51,15,Wallet,Noida,Android,0,0,0,6,772,2375.07,0,0
TXN0009600,CUST00413,1079.34,22,Credit Card,Bengaluru,Android,0,1,0,2,1035,2189.17,0,0
TXN0009601,CUST00538,1458.57,7,Debit Card,Delhi,Android,0,0,1,7,83,1943.12,0,0
TXN0009602,CUST01879,684.23,0,Debit Card,Bengaluru,Android,0,0,0,5,677,1483.16,0,0
TXN0009603,CUST02477,2659.85,5,UPI,Pune,Android,0,0,0,1,402,2477.82,0,0
TXN0009604,CUST00235,5274.62,13,Credit Card,Kolkata,iOS,0,0,2,5,222,1433.55,1,0
TXN0009605,CUST02397,795.47,18,Debit Card,Gurugram,Web,1,0,2,7,285,740.53,0,0
TXN0009606,CUST01780,6482.18,16,UPI,Chennai,Android,0,0,2,3,424,1879.57,1,0
TXN0009607,CUST01894,2016.39,14,UPI,Chennai,iOS,0,1,0,4,316,473.86,0,0
TXN0009608,CUST01505,2290.72,11,Net Banking,Bengaluru,Android,0,0,0,3,97,934.83,1,0
TXN0009609,CUST01863,329.02,10,Credit Card,Bengaluru,Android,0,0,0,4,511,2354.22,0,0
TXN0009610,CUST02444,295.39,12,UPI,Gurugram,Android,0,0,0,4,28,2348.5,0,0
TXN0009611,CUST01375,2079.03,16,UPI,Bengaluru,Android,0,0,0,6,160,1099.38,1,0
TXN0009612,CUST00416,3965.05,8,UPI,Bengaluru,Android,0,0,0,2,878,694.86,1,0
TXN0009613,CUST01910,919.8,19,UPI,Gurugram,iOS,1,0,0,4,208,2441.34,0,0
TXN0009614,CUST00916,9562.8,16,UPI,Hyderabad,Android,1,0,0,3,1671,1605.25,0,0
TXN0009615,CUST00081,3753.63,10,UPI,Pune,Android,0,0,1,5,1090,726.64,1,0
TXN0009616,CUST02084,725.75,14,UPI,Delhi,iOS,0,0,0,4,290,3375.04,0,0
TXN0009617,CUST01091,1856.39,22,Credit Card,Mumbai,Android,0,0,1,4,1378,1919.78,1,0
TXN0009618,CUST01691,21428.37,0,UPI,Bengaluru,iOS,0,0,0,3,112,1691.68,1,0
TXN0009619,CUST00757,519.56,8,UPI,Mumbai,Android,0,0,0,11,132,1390.72,0,0
TXN0009620,CUST00468,3052.79,13,UPI,Jaipur,Android,0,0,2,2,1091,1658.2,0,0
TXN0009621,CUST01166,1303.49,17,UPI,Bengaluru,Web,0,0,1,2,1041,1341.98,0,0
TXN0009622,CUST02404,3649.84,9,UPI,Chennai,Android,0,1,0,5,825,3088.03,1,0
TXN0009623,CUST01495,6392.08,21,Credit Card,Delhi,Web,0,0,1,4,935,2527.75,0,0
TXN0009624,CUST01645,1223.3,17,UPI,Delhi,Android,1,0,1,3,495,2790.71,0,0
TXN0009625,CUST01020,5510.74,20,UPI,Kolkata,Android,0,0,0,2,47,3947.56,0,0
TXN0009626,CUST01615,16593.15,11,Debit Card,Gurugram,Android,1,0,1,2,1347,4724.01,0,0
TXN0009627,CUST00902,1923.34,20,Credit Card,Gurugram,Android,0,0,1,4,84,3504.02,0,0
TXN0009628,CUST00673,3945.89,12,UPI,Kolkata,Android,0,0,3,5,112,1316.68,0,0
TXN0009629,CUST00439,997.35,9,UPI,Mumbai,Android,0,0,2,4,944,4506.88,0,0
TXN0009630,CUST00127,1835.0,21,Net Banking,Kolkata,Android,0,0,1,4,31,1212.93,0,0
TXN0009631,CUST02253,1508.49,6,Net Banking,Gurugram,Android,0,0,0,4,405,1159.17,1,0
TXN0009632,CUST02077,3993.72,22,UPI,Kolkata,Web,1,0,0,6,186,2008.93,0,0
TXN0009633,CUST00445,6004.22,13,UPI,Mumbai,Android,0,0,2,4,249,1578.84,0,0
TXN0009634,CUST00966,1613.06,23,Credit Card,Kolkata,iOS,0,1,1,5,294,2731.3,1,0
TXN0009635,CUST00464,8342.89,15,Credit Card,Hyderabad,Web,0,0,0,1,114,5238.21,1,0
TXN0009636,CUST02199,8313.11,18,UPI,Noida,Android,0,0,3,2,980,3175.48,0,0
TXN0009637,CUST02288,4198.14,0,Credit Card,Bengaluru,Android,0,0,0,2,201,3414.61,0,1
TXN0009638,CUST02314,1074.4,14,UPI,Chennai,Android,0,0,0,3,315,700.15,0,0
TXN0009639,CUST00913,976.24,18,UPI,Bengaluru,Android,0,0,1,3,46,1356.77,1,0
TXN0009640,CUST00497,798.84,19,Credit Card,Kolkata,Android,1,1,0,5,61,1222.14,1,0
TXN0009641,CUST01464,4650.4,8,Wallet,Bengaluru,Android,1,0,2,1,544,1539.65,0,0
TXN0009642,CUST01772,535.81,12,UPI,Jaipur,Android,1,0,0,1,330,3765.89,1,0
TXN0009643,CUST00158,3541.76,12,Debit Card,Chennai,Android,1,0,0,2,403,1190.95,1,0
TXN0009644,CUST00172,610.59,6,UPI,Delhi,Android,0,0,0,3,548,1988.3,0,0
TXN0009645,CUST00494,4101.42,13,UPI,Hyderabad,Android,1,0,1,5,1152,5153.27,1,0
TXN0009646,CUST00970,1831.26,19,Debit Card,Pune,Android,0,0,1,4,161,2513.06,0,0
TXN0009647,CUST01335,6830.69,10,UPI,Mumbai,iOS,0,0,0,3,26,2032.28,1,0
TXN0009648,CUST01427,5636.38,13,Credit Card,Pune,iOS,0,0,0,3,411,1379.71,0,0
TXN0009649,CUST01693,7559.86,22,UPI,Jaipur,Android,1,0,0,4,505,2075.1,0,0
TXN0009650,CUST01794,7757.08,1,UPI,Kolkata,iOS,0,0,1,5,26,1636.25,0,0
TXN0009651,CUST00659,2078.02,16,Credit Card,Noida,Android,0,0,0,2,84,1215.07,0,0
TXN0009652,CUST00666,564.96,18,UPI,Bengaluru,Android,1,0,0,6,1254,725.1,0,0
TXN0009653,CUST00367,628.3,19,UPI,Jaipur,Android,0,0,1,8,10,578.32,1,0
TXN0009654,CUST00550,223.34,18,Credit Card,Bengaluru,Android,0,0,0,2,955,2018.17,0,0
TXN0009655,CUST00643,609.04,18,UPI,Chennai,iOS,0,0,0,1,722,1631.96,0,0
TXN0009656,CUST01894,1928.25,3,UPI,Bengaluru,Web,0,1,0,3,1853,1619.11,0,0
TXN0009657,CUST00255,1028.53,15,Debit Card,Gurugram,iOS,0,0,0,3,155,4139.01,0,0
TXN0009658,CUST00208,1503.28,19,UPI,Kolkata,Android,0,0,0,4,147,6520.49,1,0
TXN0009659,CUST02498,2946.16,6,Credit Card,Chennai,Android,1,1,0,3,458,1940.86,0,0
TXN0009660,CUST00095,1328.06,0,Net Banking,Chennai,Android,0,0,2,2,397,1613.89,0,0
TXN0009661,CUST01884,586.23,19,UPI,Delhi,iOS,0,0,1,5,643,2974.53,1,0
TXN0009662,CUST00478,1706.69,18,UPI,Gurugram,Android,0,0,0,2,695,2967.23,0,0
TXN0009663,CUST00762,732.93,12,Credit Card,Mumbai,iOS,1,0,1,4,34,2501.97,0,1
TXN0009664,CUST00190,1373.0,22,UPI,Kolkata,iOS,0,0,0,1,541,827.06,1,0
TXN0009665,CUST01508,6893.39,19,Credit Card,Kolkata,iOS,0,1,2,5,692,1564.05,0,0
TXN0009666,CUST01757,1373.39,22,UPI,Mumbai,iOS,0,0,1,7,312,1629.98,0,0
TXN0009667,CUST01560,10577.66,21,UPI,Noida,iOS,0,0,1,1,1339,3309.88,1,0
TXN0009668,CUST00756,7533.97,14,UPI,Noida,Android,0,0,0,5,368,2016.91,0,0
TXN0009669,CUST01447,1008.52,18,Debit Card,Gurugram,iOS,0,0,1,4,893,2416.64,0,0
TXN0009670,CUST00836,592.54,17,UPI,Mumbai,Web,0,0,1,8,61,1695.3,0,0
TXN0009671,CUST01664,1707.85,19,Debit Card,Delhi,Web,0,0,0,4,1711,3956.81,0,0
TXN0009672,CUST01629,5703.7,19,Debit Card,Gurugram,Android,1,0,1,1,397,4075.37,0,0
TXN0009673,CUST01836,1102.52,8,UPI,Bengaluru,iOS,0,0,0,4,125,1546.4,0,0
TXN0009674,CUST00133,4463.25,9,UPI,Jaipur,Web,0,0,1,2,68,4362.81,0,0
TXN0009675,CUST00055,6026.86,9,UPI,Mumbai,iOS,0,1,1,2,412,1255.98,0,0
TXN0009676,CUST00510,830.08,19,Credit Card,Jaipur,Android,0,0,0,6,127,2929.52,0,0
TXN0009677,CUST00670,915.52,19,Debit Card,Mumbai,Web,0,0,1,5,162,2707.4,1,0
TXN0009678,CUST02458,3670.94,14,UPI,Mumbai,Android,0,1,1,3,30,1597.45,0,0
TXN0009679,CUST01690,2095.17,16,UPI,Noida,Android,0,0,0,1,1550,1418.01,0,0
TXN0009680,CUST01317,906.4,19,UPI,Bengaluru,Android,0,0,2,3,302,1817.35,0,0
TXN0009681,CUST00734,1265.68,10,UPI,Delhi,Android,0,0,0,4,978,3008.22,0,0
TXN0009682,CUST01694,1677.44,2,Credit Card,Noida,Android,1,0,0,2,962,1982.59,0,0
TXN0009683,CUST00259,376.41,14,UPI,Mumbai,Android,0,0,0,1,843,3820.54,0,0
TXN0009684,CUST01146,3870.68,21,UPI,Pune,iOS,0,1,0,4,995,1172.41,1,0
TXN0009685,CUST00299,1115.27,19,Credit Card,Noida,Web,0,0,0,2,14,3523.18,0,0
TXN0009686,CUST00561,111.26,11,UPI,Jaipur,iOS,0,0,0,5,749,482.95,0,0
TXN0009687,CUST01913,1757.54,4,UPI,Gurugram,Web,0,0,0,4,950,1896.55,0,0
TXN0009688,CUST01865,857.46,17,UPI,Delhi,Android,0,0,0,7,291,1892.88,1,0
TXN0009689,CUST00297,9743.58,20,Credit Card,Gurugram,Android,0,0,0,1,434,764.63,1,0
TXN0009690,CUST02410,1002.34,17,UPI,Noida,iOS,1,0,1,2,1026,3475.11,0,0
TXN0009691,CUST01462,600.58,13,UPI,Pune,iOS,0,0,0,7,1549,1264.68,0,0
TXN0009692,CUST02175,2991.33,7,UPI,Chennai,iOS,0,0,2,5,326,2045.77,1,0
TXN0009693,CUST00197,929.92,21,UPI,Pune,Android,0,0,1,2,241,808.18,0,0
TXN0009694,CUST02269,825.58,10,UPI,Mumbai,Android,0,0,0,3,129,1702.39,1,0
TXN0009695,CUST00995,2996.03,9,UPI,Bengaluru,Android,0,0,0,5,154,947.07,1,0
TXN0009696,CUST02139,635.92,19,UPI,Gurugram,Android,0,0,2,6,229,3093.38,0,0
TXN0009697,CUST02459,419.17,23,UPI,Bengaluru,Web,0,0,0,3,16,1572.84,0,0
TXN0009698,CUST00008,10112.63,17,UPI,Jaipur,Android,0,0,0,4,1065,1130.77,1,0
TXN0009699,CUST00320,3213.26,16,Credit Card,Kolkata,iOS,0,0,2,3,1213,2804.76,0,0
TXN0009700,CUST01418,1382.06,10,Debit Card,Hyderabad,Android,0,0,0,6,67,1767.55,0,0
TXN0009701,CUST02317,1793.75,0,UPI,Gurugram,iOS,0,0,0,4,1045,2100.71,0,0
TXN0009702,CUST01699,2985.15,8,UPI,Hyderabad,Web,1,0,0,5,578,2309.38,1,0
TXN0009703,CUST02109,4764.17,16,UPI,Jaipur,Android,0,0,2,2,206,1625.74,0,0
TXN0009704,CUST01462,845.19,8,UPI,Jaipur,Android,0,0,0,5,116,1096.91,0,0
TXN0009705,CUST01288,2595.9,20,UPI,Pune,Android,0,1,0,4,1144,1914.92,0,0
TXN0009706,CUST01119,1084.46,8,UPI,Mumbai,Android,0,0,0,4,1153,1808.64,0,0
TXN0009707,CUST00553,1490.04,15,UPI,Kolkata,iOS,0,0,4,3,420,4254.3,0,0
TXN0009708,CUST00661,2113.78,14,Wallet,Bengaluru,Android,0,0,0,4,1821,2381.39,0,0
TXN0009709,CUST00716,1788.02,16,UPI,Delhi,iOS,0,0,1,6,523,694.9,1,0
TXN0009710,CUST02242,3756.0,11,Net Banking,Kolkata,Android,0,0,1,4,384,728.3,0,0
TXN0009711,CUST01459,2929.62,20,Debit Card,Chennai,Android,0,0,1,3,122,7870.31,1,0
TXN0009712,CUST00855,398.37,13,Debit Card,Kolkata,Web,0,0,1,4,103,1965.12,0,0
TXN0009713,CUST02260,463.0,18,Wallet,Delhi,Android,0,1,2,4,151,1676.37,1,0
TXN0009714,CUST00665,1243.67,17,UPI,Chennai,iOS,0,0,0,2,1433,3171.76,1,0
TXN0009715,CUST01898,11205.58,7,UPI,Mumbai,Android,0,0,0,4,160,1613.97,1,0
TXN0009716,CUST01675,768.12,16,UPI,Delhi,Web,0,0,2,3,1426,1521.05,0,0
TXN0009717,CUST02269,1461.65,15,UPI,Pune,Web,1,0,1,1,847,752.94,0,0
TXN0009718,CUST00273,1052.79,21,UPI,Chennai,Android,0,0,1,1,435,3782.16,0,0
TXN0009719,CUST01178,1034.32,20,Debit Card,Hyderabad,Android,0,0,0,2,293,3771.68,0,0
TXN0009720,CUST01273,2151.2,8,UPI,Delhi,iOS,0,0,1,5,137,1057.88,0,0
TXN0009721,CUST00279,7305.04,5,UPI,Chennai,Android,0,1,0,3,620,1056.48,0,0
TXN0009722,CUST00816,2839.86,10,Debit Card,Kolkata,iOS,0,0,0,4,2177,1512.13,0,0
TXN0009723,CUST00276,805.94,23,UPI,Delhi,Web,0,0,1,4,1306,2216.75,0,0
TXN0009724,CUST01005,28247.82,0,UPI,Hyderabad,iOS,0,0,0,1,207,1149.01,1,0
TXN0009725,CUST00923,1947.14,17,UPI,Pune,Web,0,0,0,6,2507,1346.14,0,0
TXN0009726,CUST00642,1010.62,16,Debit Card,Noida,Android,0,0,0,5,961,2404.51,0,0
TXN0009727,CUST00505,7388.19,17,Credit Card,Kolkata,Web,0,0,0,2,674,2030.5,1,0
TXN0009728,CUST00772,1126.05,9,Credit Card,Kolkata,Android,1,0,2,3,66,3161.57,0,0
TXN0009729,CUST01265,9494.38,9,UPI,Noida,Android,1,0,0,4,932,1426.11,0,0
TXN0009730,CUST01260,753.63,13,Wallet,Kolkata,Web,0,0,1,1,68,1354.22,1,0
TXN0009731,CUST01014,7521.89,6,UPI,Hyderabad,iOS,0,0,0,4,414,861.06,1,0
TXN0009732,CUST00128,2200.83,5,Debit Card,Pune,iOS,0,0,0,3,909,1580.33,0,0
TXN0009733,CUST01224,6545.9,6,Net Banking,Mumbai,Web,0,0,1,4,80,462.82,0,0
TXN0009734,CUST01526,12055.88,16,Credit Card,Noida,iOS,0,0,1,6,1366,960.16,1,0
TXN0009735,CUST01674,579.95,12,Credit Card,Bengaluru,Android,0,0,0,5,1479,1454.29,1,0
TXN0009736,CUST00492,6446.64,10,UPI,Hyderabad,iOS,0,0,1,6,592,564.76,0,0
TXN0009737,CUST01258,439.94,10,UPI,Mumbai,Android,0,0,2,3,768,1216.78,1,0
TXN0009738,CUST01667,631.66,8,Debit Card,Gurugram,Android,0,0,0,4,331,4129.3,0,0
TXN0009739,CUST00416,806.04,12,UPI,Mumbai,iOS,1,0,1,4,264,2693.34,0,0
TXN0009740,CUST02196,2978.51,8,Wallet,Pune,Web,0,0,1,4,903,1944.0,0,0
TXN0009741,CUST00970,1860.42,18,Debit Card,Bengaluru,iOS,1,0,0,5,104,1995.1,0,0
TXN0009742,CUST02077,1522.95,7,UPI,Pune,Android,0,1,1,3,499,2222.8,0,0
TXN0009743,CUST01385,2083.44,22,Credit Card,Hyderabad,Web,0,0,0,3,417,4272.77,0,0
TXN0009744,CUST00308,3251.37,6,UPI,Noida,Web,0,0,0,4,819,1377.56,1,0
TXN0009745,CUST02210,3511.47,22,UPI,Bengaluru,Android,0,0,0,4,1133,3506.44,0,0
TXN0009746,CUST00061,5376.05,20,UPI,Noida,Android,0,0,0,3,620,2588.8,0,0
TXN0009747,CUST02173,11109.73,17,UPI,Bengaluru,Android,0,0,0,4,1621,1565.94,1,0
TXN0009748,CUST01480,1761.96,21,Wallet,Chennai,Android,1,0,0,2,341,1442.03,0,0
TXN0009749,CUST01931,1068.97,7,UPI,Mumbai,Android,0,0,0,3,1110,1872.26,0,0
TXN0009750,CUST02291,3324.51,8,Credit Card,Pune,Android,0,0,1,7,125,2317.84,1,0
TXN0009751,CUST01514,573.23,9,UPI,Kolkata,iOS,0,0,0,2,10,1583.45,0,0
TXN0009752,CUST00473,913.09,9,Debit Card,Noida,Android,0,0,0,3,597,1827.27,1,0
TXN0009753,CUST00959,4889.88,10,Credit Card,Hyderabad,Web,0,0,0,3,117,1410.71,0,0
TXN0009754,CUST00533,1589.88,16,UPI,Gurugram,Android,1,0,0,2,2276,2912.52,0,0
TXN0009755,CUST00494,537.73,1,Net Banking,Mumbai,Android,0,0,0,1,39,1549.76,0,0
TXN0009756,CUST00082,405.75,12,Wallet,Noida,Android,0,0,2,2,491,4259.95,0,0
TXN0009757,CUST00879,1889.86,9,Credit Card,Pune,Web,0,0,1,3,1222,934.68,1,0
TXN0009758,CUST01546,5638.87,16,Wallet,Hyderabad,Android,0,0,0,4,536,1486.74,1,0
TXN0009759,CUST00012,5564.08,23,Credit Card,Mumbai,Android,0,0,0,2,401,1145.75,1,0
TXN0009760,CUST01287,2011.07,14,Debit Card,Hyderabad,iOS,1,1,1,3,417,2487.41,0,0
TXN0009761,CUST00449,13419.33,13,UPI,Bengaluru,Android,1,0,0,5,101,1995.67,0,0
TXN0009762,CUST00762,1620.88,11,UPI,Hyderabad,iOS,0,0,0,1,341,1061.03,1,0
TXN0009763,CUST00026,1567.09,19,Net Banking,Hyderabad,Android,0,0,0,6,1647,5387.91,1,0
TXN0009764,CUST01807,138.12,4,UPI,Kolkata,iOS,0,0,1,4,21,2431.54,0,0
TXN0009765,CUST01569,1150.76,22,UPI,Delhi,iOS,0,0,0,1,631,1859.8,0,0
TXN0009766,CUST00062,4219.86,12,UPI,Gurugram,Android,0,0,1,4,628,728.83,1,0
TXN0009767,CUST00229,8599.88,10,UPI,Chennai,Android,1,0,3,1,1559,2430.93,1,0
TXN0009768,CUST01839,784.7,23,UPI,Bengaluru,Android,1,0,0,4,72,614.55,0,0
TXN0009769,CUST00607,2857.76,22,Credit Card,Kolkata,Web,0,0,0,4,720,315.3,0,0
TXN0009770,CUST01059,5127.74,17,Net Banking,Kolkata,iOS,0,0,1,5,1104,1758.05,0,0
TXN0009771,CUST01729,1820.29,0,UPI,Noida,iOS,0,0,0,5,70,1813.77,0,0
TXN0009772,CUST01480,183.51,18,Debit Card,Jaipur,Android,0,0,0,3,192,1119.04,0,0
TXN0009773,CUST01526,2304.99,11,UPI,Hyderabad,iOS,0,0,1,4,500,3862.13,1,0
TXN0009774,CUST00761,3854.41,12,UPI,Gurugram,Android,0,0,0,3,10,937.15,0,0
TXN0009775,CUST00595,697.93,8,Credit Card,Mumbai,Android,0,0,0,3,64,915.65,0,0
TXN0009776,CUST01593,1396.03,15,Wallet,Pune,Android,0,0,0,3,29,674.49,0,0
TXN0009777,CUST01056,566.82,18,UPI,Bengaluru,iOS,0,0,2,3,10,1547.09,0,0
TXN0009778,CUST01855,137.74,10,UPI,Noida,Android,0,0,0,5,519,1848.85,0,0
TXN0009779,CUST02049,5026.84,22,UPI,Noida,Android,0,0,2,4,438,2260.69,0,0
TXN0009780,CUST01459,1793.27,8,Wallet,Pune,Web,1,0,1,2,385,1744.21,1,0
TXN0009781,CUST01862,8894.75,4,UPI,Hyderabad,Android,0,0,0,3,2128,933.32,1,0
TXN0009782,CUST01160,4242.31,17,UPI,Noida,iOS,0,0,1,3,481,4256.86,0,0
TXN0009783,CUST01220,1263.11,20,Wallet,Pune,Web,0,0,1,1,1808,701.04,0,0
TXN0009784,CUST00133,1656.33,22,Credit Card,Gurugram,Android,0,0,1,1,549,458.29,0,0
TXN0009785,CUST00086,3170.74,19,Wallet,Kolkata,iOS,0,0,0,2,607,489.67,0,0
TXN0009786,CUST01500,4733.52,8,Wallet,Gurugram,Android,0,0,1,5,70,828.54,0,0
TXN0009787,CUST01831,2485.46,23,UPI,Noida,Android,0,0,0,3,327,3902.47,0,0
TXN0009788,CUST01204,5437.83,21,Credit Card,Hyderabad,Web,0,0,2,3,1112,1924.39,0,0
TXN0009789,CUST00175,1337.92,8,UPI,Pune,Web,0,0,0,6,1125,602.72,0,0
TXN0009790,CUST01976,664.08,15,Net Banking,Kolkata,Android,0,0,3,10,1074,2250.54,1,0
TXN0009791,CUST00578,1687.04,15,UPI,Hyderabad,Android,0,1,1,2,588,1753.01,1,0
TXN0009792,CUST01799,2209.95,13,Debit Card,Hyderabad,Android,0,0,2,9,369,5475.27,0,0
TXN0009793,CUST02097,541.32,23,UPI,Jaipur,Web,0,1,2,3,733,4205.95,0,0
TXN0009794,CUST00145,472.87,3,UPI,Bengaluru,Web,0,0,0,2,264,2796.18,0,0
TXN0009795,CUST00762,2815.59,16,UPI,Jaipur,Android,0,0,1,8,220,352.64,1,0
TXN0009796,CUST01378,1198.93,8,Credit Card,Pune,iOS,0,0,3,2,915,912.21,1,0
TXN0009797,CUST01826,1524.93,15,UPI,Mumbai,iOS,0,0,1,5,231,843.69,0,0
TXN0009798,CUST00929,1256.2,19,UPI,Hyderabad,Android,0,0,0,4,108,3562.07,0,0
TXN0009799,CUST00794,8234.95,9,UPI,Noida,Android,1,0,0,4,2226,1148.94,0,0
TXN0009800,CUST01602,6356.94,12,UPI,Bengaluru,Android,1,0,2,4,437,4761.48,0,0
TXN0009801,CUST01661,522.27,22,Credit Card,Noida,Web,0,0,0,7,198,841.23,0,0
TXN0009802,CUST00319,1056.53,19,UPI,Kolkata,Android,0,0,1,3,357,2469.93,1,0
TXN0009803,CUST01111,4211.38,16,UPI,Kolkata,Web,0,0,1,1,105,655.29,0,0
TXN0009804,CUST01577,3286.17,9,Credit Card,Gurugram,Web,1,0,0,2,203,5579.14,0,0
TXN0009805,CUST00698,1726.9,13,Debit Card,Hyderabad,Android,1,0,0,2,350,2729.83,1,0
TXN0009806,CUST00847,577.06,19,Credit Card,Noida,iOS,0,1,2,1,126,1304.24,0,0
TXN0009807,CUST01802,909.6,19,Net Banking,Mumbai,Android,0,1,3,1,708,1803.34,0,0
TXN0009808,CUST00783,1073.6,9,UPI,Bengaluru,Web,0,0,1,3,90,1439.42,0,0
TXN0009809,CUST02090,2374.49,17,Debit Card,Hyderabad,iOS,0,0,1,7,1209,2142.05,0,0
TXN0009810,CUST01117,9889.9,6,Credit Card,Gurugram,iOS,0,0,1,2,727,1597.15,1,0
TXN0009811,CUST01751,905.66,1,Credit Card,Delhi,Web,0,0,1,4,451,2948.53,0,0
TXN0009812,CUST01650,645.17,15,Credit Card,Kolkata,Android,0,0,0,5,1047,1115.12,1,0
TXN0009813,CUST00292,1614.78,9,UPI,Mumbai,Android,1,0,0,4,33,559.26,1,0
TXN0009814,CUST00969,5050.69,5,UPI,Chennai,Web,1,0,0,4,699,1712.64,1,0
TXN0009815,CUST01488,423.54,18,Credit Card,Delhi,Android,0,0,2,5,123,1797.56,1,0
TXN0009816,CUST01843,7701.54,14,UPI,Pune,Web,1,0,3,5,202,3306.25,0,0
TXN0009817,CUST00097,1515.51,19,Credit Card,Bengaluru,iOS,1,0,1,5,304,2217.17,0,0
TXN0009818,CUST01119,863.7,17,Debit Card,Pune,Android,0,0,2,2,450,3507.62,0,0
TXN0009819,CUST00074,363.34,18,UPI,Noida,Android,0,0,1,4,848,1786.05,0,0
TXN0009820,CUST01360,3648.47,10,UPI,Noida,Android,1,0,0,4,146,1024.58,0,0
TXN0009821,CUST01092,1516.82,9,UPI,Hyderabad,Android,0,0,0,8,515,1232.39,0,0
TXN0009822,CUST00758,2135.05,16,UPI,Kolkata,Android,1,0,1,6,186,509.33,0,0
TXN0009823,CUST01942,731.23,8,UPI,Pune,Web,0,0,1,2,99,1129.05,1,0
TXN0009824,CUST00208,1308.25,19,UPI,Mumbai,Android,0,0,0,5,1471,1881.48,1,0
TXN0009825,CUST01245,1106.5,15,UPI,Pune,Android,0,0,2,3,380,7135.3,1,0
TXN0009826,CUST01286,1627.74,9,UPI,Mumbai,Android,0,0,1,4,127,1433.09,0,0
TXN0009827,CUST00410,921.49,16,UPI,Hyderabad,Android,0,0,1,3,1044,1880.82,0,0
TXN0009828,CUST02379,388.14,22,Net Banking,Chennai,Web,0,0,0,7,230,311.25,0,1
TXN0009829,CUST02392,27557.82,5,Net Banking,Gurugram,Android,0,0,2,5,83,1843.4,0,0
TXN0009830,CUST00771,460.42,6,UPI,Bengaluru,Android,1,0,0,2,37,2041.56,1,0
TXN0009831,CUST01844,2158.14,20,UPI,Chennai,iOS,1,0,0,3,244,2330.45,0,0
TXN0009832,CUST00074,305.98,7,Credit Card,Mumbai,Android,1,0,1,5,1135,2110.76,0,0
TXN0009833,CUST01661,244.32,2,UPI,Bengaluru,Android,0,0,0,5,339,700.74,1,0
TXN0009834,CUST00254,1984.99,11,Credit Card,Chennai,Web,0,0,0,1,114,1148.32,1,0
TXN0009835,CUST00820,2142.89,13,UPI,Kolkata,iOS,0,0,1,5,211,1761.93,0,0
TXN0009836,CUST00986,6355.28,15,UPI,Pune,Android,0,0,1,7,76,1358.91,0,0
TXN0009837,CUST00332,2684.07,14,Debit Card,Mumbai,Web,0,0,1,1,681,1247.4,0,0
TXN0009838,CUST01422,1549.57,21,Debit Card,Gurugram,Android,0,0,1,2,117,543.67,0,0
TXN0009839,CUST00836,696.41,19,Net Banking,Noida,Android,0,0,0,1,351,2216.22,0,0
TXN0009840,CUST01692,8059.07,23,UPI,Gurugram,Web,0,1,0,4,21,620.97,0,0
TXN0009841,CUST00455,4556.88,14,Wallet,Gurugram,Web,0,0,2,5,638,2342.5,0,0
TXN0009842,CUST01930,517.61,5,Credit Card,Chennai,Android,0,1,2,6,213,733.01,0,0
TXN0009843,CUST01139,1869.65,22,Credit Card,Kolkata,Android,0,1,0,4,119,1128.86,1,0
TXN0009844,CUST00313,2078.9,0,Wallet,Kolkata,iOS,0,0,0,5,726,1947.93,0,0
TXN0009845,CUST01018,1273.96,19,Net Banking,Jaipur,Web,1,0,1,2,376,945.14,0,0
TXN0009846,CUST00228,3894.78,1,Debit Card,Gurugram,iOS,0,0,2,2,709,1385.62,1,0
TXN0009847,CUST00858,4135.13,19,UPI,Gurugram,iOS,0,0,0,4,358,1716.71,1,0
TXN0009848,CUST01269,1487.8,22,Credit Card,Pune,Android,0,0,1,4,106,336.11,1,0
TXN0009849,CUST01018,1359.23,12,Credit Card,Bengaluru,iOS,0,0,1,6,532,6972.23,0,0
TXN0009850,CUST00950,8058.64,9,Debit Card,Noida,Web,0,0,0,2,1308,1701.77,0,0
TXN0009851,CUST00427,4575.09,9,Credit Card,Delhi,Android,0,0,3,3,940,1010.66,0,0
TXN0009852,CUST02090,1935.08,14,UPI,Jaipur,Android,1,0,0,2,314,765.71,1,0
TXN0009853,CUST00465,352.95,8,UPI,Hyderabad,Android,1,0,0,3,1112,679.46,0,0
TXN0009854,CUST01646,2539.04,17,UPI,Jaipur,Android,1,1,1,5,20,891.65,0,0
TXN0009855,CUST00278,3617.81,11,Wallet,Mumbai,Android,0,0,0,2,875,1269.63,0,0
TXN0009856,CUST00019,114.55,11,UPI,Chennai,Android,1,0,0,2,718,3191.36,0,0
TXN0009857,CUST00066,2315.57,13,Credit Card,Kolkata,Android,0,0,2,2,771,999.13,1,0
TXN0009858,CUST00167,1186.6,15,Wallet,Delhi,Web,0,0,1,2,89,1690.33,0,0
TXN0009859,CUST01609,1443.3,7,UPI,Hyderabad,Android,1,0,0,5,10,1059.72,0,0
TXN0009860,CUST00403,726.44,18,Debit Card,Bengaluru,Web,0,0,2,1,226,286.54,0,0
TXN0009861,CUST00409,1552.08,20,Debit Card,Hyderabad,iOS,0,0,1,4,221,2995.46,0,0
TXN0009862,CUST02160,7241.14,10,UPI,Pune,Android,0,1,1,2,537,1755.57,1,0
TXN0009863,CUST00597,1151.87,8,UPI,Jaipur,Android,0,0,0,3,239,1921.96,0,0
TXN0009864,CUST01063,4727.33,19,Debit Card,Pune,iOS,0,0,0,4,115,2111.4,0,0
TXN0009865,CUST02153,803.69,8,UPI,Delhi,Android,0,1,0,3,1854,4157.56,0,0
TXN0009866,CUST00324,3844.11,2,Credit Card,Bengaluru,Web,0,0,0,3,639,6886.5,0,0
TXN0009867,CUST01983,1802.98,16,Credit Card,Delhi,Android,1,0,0,5,236,3821.13,0,0
TXN0009868,CUST01438,2559.5,9,UPI,Delhi,Android,1,0,0,5,523,1877.41,1,0
TXN0009869,CUST00429,1812.92,8,UPI,Delhi,Android,0,0,2,3,481,2028.6,1,0
TXN0009870,CUST01085,3419.22,23,UPI,Bengaluru,iOS,0,0,1,5,974,2402.52,0,0
TXN0009871,CUST01636,138.1,10,UPI,Mumbai,Web,1,0,1,1,826,627.9,0,0
TXN0009872,CUST01378,435.16,21,Credit Card,Hyderabad,Android,0,1,0,4,142,969.1,1,0
TXN0009873,CUST00393,2731.54,8,Credit Card,Kolkata,iOS,0,0,1,5,407,863.57,0,0
TXN0009874,CUST02252,233.22,19,UPI,Mumbai,Android,1,0,0,1,266,1781.71,0,0
TXN0009875,CUST02306,1058.87,14,Debit Card,Mumbai,iOS,0,0,0,3,133,2357.56,0,0
TXN0009876,CUST01541,1704.8,5,UPI,Kolkata,Android,0,0,0,3,1044,5554.22,0,0
TXN0009877,CUST00446,786.35,18,Wallet,Gurugram,iOS,0,0,2,2,26,420.32,0,0
TXN0009878,CUST01204,901.43,21,UPI,Bengaluru,Android,1,0,0,1,157,1803.6,1,0
TXN0009879,CUST01024,2361.67,8,UPI,Jaipur,Android,0,0,1,4,1115,935.88,0,0
TXN0009880,CUST00342,4938.6,18,Debit Card,Noida,iOS,0,0,1,3,737,1875.59,1,0
TXN0009881,CUST00133,690.28,13,Credit Card,Pune,iOS,1,0,1,2,342,2385.15,1,0
TXN0009882,CUST02491,1012.81,18,UPI,Pune,iOS,0,0,0,1,162,1961.19,1,0
TXN0009883,CUST01860,866.34,18,UPI,Bengaluru,Android,0,0,0,5,247,3006.85,0,0
TXN0009884,CUST02301,159.84,1,UPI,Jaipur,iOS,0,1,0,5,765,2284.24,1,0
TXN0009885,CUST00265,2074.04,8,UPI,Gurugram,Android,0,0,0,5,750,1115.12,0,0
TXN0009886,CUST00093,4583.69,14,UPI,Gurugram,Web,0,0,2,4,234,734.23,0,0
TXN0009887,CUST01686,4975.02,21,Credit Card,Hyderabad,Web,0,0,1,10,980,1240.94,1,0
TXN0009888,CUST01435,753.54,11,Wallet,Jaipur,iOS,0,0,0,2,819,2405.37,1,0
TXN0009889,CUST02186,514.83,16,Debit Card,Pune,Web,0,0,2,2,314,3983.39,0,0
TXN0009890,CUST01232,1839.31,0,UPI,Chennai,Web,0,0,0,5,835,5153.61,1,0
TXN0009891,CUST01002,4124.98,18,Wallet,Hyderabad,Android,0,0,2,3,56,5254.88,0,0
TXN0009892,CUST01661,2101.47,16,UPI,Mumbai,Web,0,0,1,6,304,1879.45,0,0
TXN0009893,CUST01597,2403.9,18,UPI,Hyderabad,Android,0,0,0,1,777,1448.17,0,0
TXN0009894,CUST02355,5638.5,21,Debit Card,Kolkata,Android,1,0,1,4,235,5918.11,0,0
TXN0009895,CUST00266,859.55,7,UPI,Bengaluru,Web,0,0,1,5,60,2441.49,1,0
TXN0009896,CUST00646,1444.58,9,UPI,Bengaluru,Android,0,0,0,2,107,4663.64,1,0
TXN0009897,CUST02366,9229.38,23,UPI,Bengaluru,iOS,0,0,1,3,545,1906.15,1,0
TXN0009898,CUST01137,1478.42,8,Credit Card,Gurugram,Web,0,0,1,2,2991,2305.58,1,0
TXN0009899,CUST01402,506.84,18,UPI,Delhi,Android,0,0,1,2,1615,428.75,0,0
TXN0009900,CUST00454,921.67,18,Debit Card,Chennai,Android,0,0,1,1,288,1977.19,1,0
TXN0009901,CUST02239,704.41,17,UPI,Gurugram,iOS,0,0,0,3,126,2427.22,0,0
TXN0009902,CUST01915,2572.68,9,UPI,Kolkata,iOS,1,0,0,2,781,1735.95,1,0
TXN0009903,CUST01464,734.8,9,UPI,Delhi,Web,0,0,0,2,1165,2372.69,0,0
TXN0009904,CUST01211,2360.38,17,Debit Card,Hyderabad,Web,0,0,0,8,1277,961.7,0,0
TXN0009905,CUST00831,862.19,8,Credit Card,Pune,Android,0,1,0,3,180,268.51,0,0
TXN0009906,CUST01391,215.33,17,UPI,Chennai,Android,0,0,0,3,439,3144.37,0,0
TXN0009907,CUST01113,2445.88,14,Debit Card,Mumbai,iOS,1,0,0,1,96,705.77,0,0
TXN0009908,CUST02235,2088.09,12,UPI,Delhi,iOS,0,0,1,1,10,5960.9,1,0
TXN0009909,CUST01970,3020.87,10,UPI,Hyderabad,Android,0,0,0,5,82,1952.88,0,0
TXN0009910,CUST02180,918.33,22,Credit Card,Jaipur,Android,1,0,0,5,1038,6970.21,1,0
TXN0009911,CUST00872,825.51,14,UPI,Chennai,Android,0,0,1,4,411,787.85,0,0
TXN0009912,CUST00635,2689.23,15,UPI,Hyderabad,Web,0,1,0,4,178,1422.12,1,0
TXN0009913,CUST01400,8221.94,22,UPI,Bengaluru,Web,0,0,0,5,2959,1328.52,0,0
TXN0009914,CUST00691,1820.22,17,UPI,Jaipur,Android,0,0,0,5,236,4627.37,1,0
TXN0009915,CUST01866,2752.12,22,Net Banking,Noida,Android,1,0,0,3,457,1188.92,0,0
TXN0009916,CUST01058,1304.99,6,UPI,Pune,Android,0,0,1,4,541,1623.46,1,0
TXN0009917,CUST01956,384.49,20,UPI,Bengaluru,Web,0,0,0,1,126,1073.36,0,0
TXN0009918,CUST00582,4736.11,11,Debit Card,Pune,Web,0,0,2,2,127,2774.57,0,0
TXN0009919,CUST02219,4464.7,19,UPI,Jaipur,iOS,1,0,2,3,1873,703.44,0,0
TXN0009920,CUST01390,3664.02,20,UPI,Noida,Android,0,0,1,2,409,3385.2,1,0
TXN0009921,CUST00784,1500.56,10,Credit Card,Kolkata,Android,0,0,2,5,218,1393.13,0,0
TXN0009922,CUST00181,3270.17,12,Credit Card,Delhi,Android,0,0,0,6,98,2404.41,0,0
TXN0009923,CUST00019,4399.75,18,Credit Card,Pune,Web,0,0,0,1,24,853.98,0,0
TXN0009924,CUST01250,9097.01,6,UPI,Delhi,Android,0,0,2,4,1706,1072.0,1,0
TXN0009925,CUST01617,4837.09,18,Debit Card,Hyderabad,iOS,0,0,0,6,159,1281.1,0,0
TXN0009926,CUST02223,1918.62,7,UPI,Jaipur,Android,0,0,0,3,370,2505.41,1,0
TXN0009927,CUST01246,486.53,21,UPI,Bengaluru,Android,0,0,2,1,22,644.81,1,0
TXN0009928,CUST01639,2103.17,10,UPI,Kolkata,iOS,0,0,0,4,951,992.42,1,0
TXN0009929,CUST00054,2326.5,16,Debit Card,Mumbai,iOS,0,0,1,2,199,8473.29,0,0
TXN0009930,CUST01427,3657.63,7,Credit Card,Hyderabad,iOS,0,0,1,3,1890,2275.57,1,0
TXN0009931,CUST02397,6970.44,10,Debit Card,Chennai,Web,0,0,0,1,1017,1991.62,0,0
TXN0009932,CUST00443,1636.62,12,Credit Card,Mumbai,Android,1,0,0,5,1134,2474.32,0,0
TXN0009933,CUST00580,14713.62,14,UPI,Gurugram,Android,0,0,1,1,137,417.13,0,0
TXN0009934,CUST00282,309.9,0,UPI,Mumbai,Web,0,0,0,1,127,1296.13,0,0
TXN0009935,CUST02408,2737.73,21,Credit Card,Pune,Android,1,0,2,5,565,2022.22,0,0
TXN0009936,CUST00823,809.99,0,UPI,Noida,Android,1,0,1,3,77,953.93,0,0
TXN0009937,CUST01670,267.29,19,UPI,Kolkata,Web,0,0,0,5,1936,1399.36,0,0
TXN0009938,CUST00641,1471.1,14,Wallet,Pune,Web,0,1,3,3,60,2870.82,0,0
TXN0009939,CUST01032,419.21,15,Debit Card,Noida,Web,0,0,1,3,725,1889.13,0,0
TXN0009940,CUST02017,1531.67,9,UPI,Chennai,Android,0,1,1,4,107,456.42,0,0
TXN0009941,CUST00563,1863.69,16,Debit Card,Jaipur,Web,1,0,1,2,582,1084.12,0,0
TXN0009942,CUST00341,5508.7,15,Credit Card,Gurugram,Web,0,0,0,2,1209,1288.58,0,0
TXN0009943,CUST00472,398.6,8,UPI,Mumbai,iOS,0,0,0,4,138,1015.27,0,0
TXN0009944,CUST01711,4464.83,9,UPI,Pune,Android,0,0,1,3,82,2761.72,0,0
TXN0009945,CUST02297,1985.49,4,UPI,Jaipur,Android,1,0,0,6,598,3477.78,0,0
TXN0009946,CUST00235,5036.12,4,UPI,Kolkata,iOS,0,0,2,4,61,950.15,1,0
TXN0009947,CUST01107,1168.87,0,UPI,Gurugram,Web,0,0,0,7,1217,1139.58,0,0
TXN0009948,CUST01117,474.99,9,Net Banking,Chennai,Android,0,1,0,2,1303,2083.66,0,0
TXN0009949,CUST01909,532.74,17,Credit Card,Pune,Android,0,0,0,3,876,2379.91,0,0
TXN0009950,CUST01418,494.59,10,Debit Card,Gurugram,iOS,0,1,1,2,292,2611.2,1,0
TXN0009951,CUST00824,2902.58,11,UPI,Jaipur,iOS,1,0,1,2,310,1213.14,0,0
TXN0009952,CUST01292,7883.0,7,UPI,Pune,Android,1,0,1,1,143,1387.53,1,0
TXN0009953,CUST00632,1023.1,16,Wallet,Delhi,Android,0,0,1,5,623,1091.51,1,0
TXN0009954,CUST00529,3376.78,11,Credit Card,Hyderabad,iOS,0,0,2,7,47,1517.01,0,0
TXN0009955,CUST01981,392.33,17,Wallet,Hyderabad,Android,0,0,2,9,845,882.42,0,0
TXN0009956,CUST02170,2155.68,18,UPI,Bengaluru,Android,0,0,1,2,132,1699.05,0,0
TXN0009957,CUST02058,3512.57,16,Wallet,Noida,iOS,0,1,0,2,1455,1757.62,0,1
TXN0009958,CUST01340,423.02,10,UPI,Pune,Android,0,0,0,2,809,2301.55,0,0
TXN0009959,CUST01297,1468.0,14,UPI,Kolkata,iOS,0,0,0,3,326,2199.94,0,0
TXN0009960,CUST01330,3682.91,9,Debit Card,Gurugram,iOS,0,0,2,3,212,3153.51,1,0
TXN0009961,CUST01234,95.75,21,Debit Card,Noida,iOS,1,0,1,5,169,1181.67,1,0
TXN0009962,CUST01982,6843.09,19,UPI,Bengaluru,Web,0,0,0,3,703,2495.29,1,0
TXN0009963,CUST01754,2563.74,14,Net Banking,Hyderabad,Android,0,0,0,4,1351,1091.14,0,0
TXN0009964,CUST01949,3685.9,22,Debit Card,Delhi,Android,1,0,0,1,1739,491.14,0,0
TXN0009965,CUST02128,1191.33,15,UPI,Hyderabad,Android,0,0,3,7,2051,731.42,1,0
TXN0009966,CUST00902,321.44,11,UPI,Gurugram,iOS,0,0,1,6,1683,1904.18,0,0
TXN0009967,CUST00891,3070.53,6,UPI,Chennai,Android,0,0,1,3,747,2099.19,1,0
TXN0009968,CUST01571,1657.31,15,UPI,Bengaluru,Android,0,0,1,5,129,1743.57,0,0
TXN0009969,CUST01825,1858.75,20,Credit Card,Mumbai,Android,0,0,1,2,244,1244.2,0,0
TXN0009970,CUST02066,5340.9,20,Debit Card,Pune,Web,0,0,0,3,291,2409.14,0,0
TXN0009971,CUST01189,3856.85,16,Debit Card,Hyderabad,iOS,0,0,0,3,645,9536.23,0,0
TXN0009972,CUST01549,12292.93,12,UPI,Pune,Android,0,0,0,1,352,752.02,1,0
TXN0009973,CUST00202,2099.38,17,UPI,Bengaluru,Web,1,0,1,2,255,4077.37,0,0
TXN0009974,CUST00741,901.74,19,Net Banking,Bengaluru,Web,1,0,0,5,265,3034.24,0,0
TXN0009975,CUST01370,1490.88,12,UPI,Delhi,Android,0,0,2,2,488,2592.85,0,0
TXN0009976,CUST01390,2727.68,14,UPI,Gurugram,Android,0,0,0,5,829,2339.01,1,1
TXN0009977,CUST02001,4971.11,17,Credit Card,Kolkata,Android,0,0,1,6,187,895.66,0,0
TXN0009978,CUST01472,415.1,20,Debit Card,Gurugram,Web,0,0,1,10,475,742.39,0,0
TXN0009979,CUST01537,1815.43,19,Net Banking,Delhi,Android,0,0,1,1,111,1476.7,0,0
TXN0009980,CUST00319,9000.93,0,Net Banking,Noida,Android,0,0,1,4,3000,554.22,1,0
TXN0009981,CUST02265,1415.63,7,Wallet,Mumbai,iOS,0,0,0,2,452,2731.32,0,0
TXN0009982,CUST01058,4566.74,20,UPI,Bengaluru,Web,1,0,0,4,153,709.39,0,0
TXN0009983,CUST01895,2947.34,20,UPI,Delhi,Web,0,0,3,6,603,3702.72,1,1
TXN0009984,CUST02314,4681.63,12,Credit Card,Kolkata,Android,0,0,2,4,192,849.2,0,0
TXN0009985,CUST00724,800.94,16,UPI,Chennai,iOS,0,0,0,4,668,1573.85,0,0
TXN0009986,CUST01701,804.44,21,UPI,Bengaluru,Web,0,0,1,1,156,3919.23,0,0
TXN0009987,CUST00413,1836.86,21,UPI,Hyderabad,iOS,0,0,2,1,84,2343.67,0,0
TXN0009988,CUST01276,388.9,19,UPI,Jaipur,Web,0,0,0,3,173,1882.13,0,0
TXN0009989,CUST00401,1374.44,9,UPI,Pune,Web,0,0,2,4,501,1300.66,0,0
TXN0009990,CUST01840,2317.9,18,UPI,Pune,Web,0,0,0,5,365,2962.67,0,0
TXN0009991,CUST00724,10723.34,6,UPI,Mumbai,Android,0,0,1,2,833,1679.3,1,0
TXN0009992,CUST02330,2692.59,21,Debit Card,Kolkata,Android,0,0,1,4,175,3932.78,0,0
TXN0009993,CUST01136,3363.61,7,Debit Card,Mumbai,Android,0,0,0,5,644,968.46,0,0
TXN0009994,CUST00751,5767.64,17,Wallet,Gurugram,iOS,0,0,0,3,280,612.65,1,0
TXN0009995,CUST00268,686.0,16,UPI,Mumbai,Android,0,0,1,6,381,5457.96,0,0
TXN0009996,CUST02346,1526.08,19,UPI,Chennai,Android,0,0,0,7,1495,3537.92,1,0
TXN0009997,CUST01341,20352.41,15,UPI,Noida,Android,0,0,2,5,948,726.78,1,0
TXN0009998,CUST00570,1663.07,3,Debit Card,Noida,Web,0,0,0,1,172,1014.73,0,0
TXN0009999,CUST01974,5497.08,18,Debit Card,Hyderabad,Android,0,1,0,2,731,3213.3,0,0
TXN0010000,CUST00546,4718.66,12,UPI,Kolkata,Android,1,0,0,5,78,573.19,0,0
